product_id,product_name,brand_name,rating,price_usd,primary_category,secondary_category,ingredient_count,banned_count,restricted_count,penalty_score,base_score,good_for_dry,good_for_oily,good_for_acne,good_for_sensitive,good_for_pigmentation,good_for_aging,good_for_uv,good_for_barrier,good_for_radiance,good_for_texture,good_for_dark_circles,avoid_dry,avoid_oily,avoid_sensitive,avoid_combination,avoid_pregnancy,avoid_barrier
P476416,AFRICAN Beauty Butter- Intensive Dry Skin Treatment,54 Thrones,4.3256,38.0,Bath & Body,Body Moisturizers,12,1,0,3,5.4,1,0,0,0,0,0,0,1,1,1,0,0,0,0,0,0,0
P476418,African Beauty Butter Mini Gift Set,54 Thrones,3.561,29.0,Bath & Body,Value & Gift Sets,18,1,0,3,4.5,1,0,0,0,0,0,0,1,1,1,0,0,0,0,0,0,0
P476417,African Beauty Butter Collection Deluxe Tin,54 Thrones,4.2273,80.0,Bath & Body,Value & Gift Sets,24,1,0,3,5.3,1,0,0,0,0,0,0,1,1,1,0,0,0,0,0,0,0
P503832,Mini AFRICAN Beauty Butter- Intensive Dry Skin Treatment,54 Thrones,4.5175,12.0,Bath & Body,Body Moisturizers,12,1,0,3,5.6,1,0,0,0,0,0,0,1,1,1,0,0,0,0,0,0,0
P380571,Colonia Alcohol-Free Deodorant,Acqua di Parma,3.2,55.0,Bath & Body,Body Care,23,13,13,52,1.8,0,0,0,0,0,0,0,0,0,0,0,0,0,0,0,0,0
P398965,Rose Lip Conditioner,AERIN,4.26,35.0,Makeup,Lip,1,0,0,0,5.1,0,0,0,0,0,0,0,0,0,0,0,0,0,0,0,0,0
P439055,GENIUS Sleeping Collagen Moisturizer,Algenist,4.5413,98.0,Skincare,Moisturizers,42,5,5,20,5.4,4,0,1,1,0,2,0,2,3,3,0,0,0,0,0,0,0
P421277,GENIUS Liquid Collagen Serum,Algenist,4.0259,115.0,Skincare,Treatments,38,3,2,11,3.8,4,0,1,1,0,5,3,1,0,1,0,0,0,3,0,3,0
P467602,Triple Algae Eye Renewal Balm Eye Cream,Algenist,4.5306,68.0,Skincare,Eye Care,64,4,3,15,4.8,4,1,2,1,2,7,0,1,4,4,1,0,0,1,0,0,2
P432045,GENIUS Liquid Collagen Lip Treatment,Algenist,3.8721,29.0,Skincare,Lip Balms & Treatments,37,3,2,11,3.6,3,0,1,1,1,4,3,1,1,0,0,1,0,4,0,3,1
P311143,SUBLIME DEFENSE Ultra Lightweight UV Defense Fluid SPF 50,Algenist,4.4134,28.0,Skincare,Sunscreen,28,5,4,19,3.7,1,0,0,0,0,1,0,0,0,0,0,0,0,0,0,0,0
P384537,GENIUS Ultimate Anti-Aging Cream,Algenist,4.2525,112.0,Skincare,Moisturizers,38,4,3,15,3.7,2,0,0,0,0,3,0,0,0,0,0,0,0,0,0,1,1
P388200,GENIUS Ultimate Anti-Aging Melting Cleanser,Algenist,4.0569,38.0,Skincare,Cleansers,20,1,1,4,4.7,2,0,0,0,0,3,0,0,0,0,0,0,0,0,0,1,1
P296413,Gentle Rejuvenating Cleanser,Algenist,4.2689,28.0,Skincare,Cleansers,30,3,3,12,3.5,1,0,0,0,0,1,0,0,0,0,0,0,0,0,0,0,0
P500716,10 Day Results Kit,Algenist,4.8023,88.0,Skincare,Value & Gift Sets,115,9,7,34,4.8,7,1,3,2,2,11,3,2,4,5,1,0,0,4,0,4,3
P379907,Advanced Anti-Aging Repairing Oil,Algenist,4.4531,82.0,Skincare,Moisturizers,12,1,1,4,5.1,2,0,0,0,0,3,0,0,0,0,0,0,0,0,0,1,1
P296415,Overnight Restorative Cream,Algenist,4.3808,94.0,Skincare,Moisturizers,40,3,1,10,5.1,4,0,0,0,1,5,0,1,2,2,0,0,0,0,0,0,1
P392945,GENIUS Ultimate Anti-Aging Vitamin C+ Serum,Algenist,3.9825,118.0,Skincare,Treatments,38,3,3,12,4.6,6,0,1,0,0,6,0,2,3,4,0,0,0,0,0,0,1
P474809,Blue Algae Vitamin C Skinclarity Brightening Serum,Algenist,4.6087,72.0,Skincare,Treatments,40,5,4,19,4.5,3,1,1,1,2,4,0,0,2,1,0,2,0,2,0,1,2
P416552,POWER Recharging Night Pressed Serum,Algenist,4.3854,95.0,Skincare,Treatments,47,7,4,25,5.3,7,0,3,2,0,7,0,1,1,2,0,0,0,0,0,0,0
P471000,Algae Niacinamide Moisture Veil,Algenist,4.6982,65.0,Skincare,Moisturizers,34,3,2,11,4.2,1,0,0,1,0,1,0,0,0,0,0,0,0,0,0,0,0
P480274,GENIUS Liquid Skin Resurfacing 2% BHA Toner,Algenist,4.7939,40.0,Skincare,Cleansers,28,4,3,15,4.8,1,4,5,2,3,2,0,0,4,3,0,1,0,2,0,1,2
P453818,GENIUS Collagen Calming Relief,Algenist,4.464,58.0,Skincare,Moisturizers,45,3,1,10,5.2,5,0,1,2,0,3,0,3,4,4,0,0,0,0,0,0,1
P442859,ALIVE Prebiotic Balancing Mask,Algenist,4.3729,38.0,Skincare,Masks,43,3,2,11,4.8,3,1,2,1,1,3,0,0,1,1,0,0,0,1,0,0,1
P388262,GENIUS Ultimate Anti-Aging Eye Cream,Algenist,3.7759,74.0,Skincare,Eye Care,44,4,3,15,4.5,4,0,1,0,0,5,0,0,1,2,0,0,0,0,0,0,0
P457694,Blue Algae Vitamin C Dark Spot Correcting Peel,Algenist,4.213,85.0,Skincare,Treatments,45,5,5,20,4.1,4,6,7,3,8,6,0,1,10,8,0,2,0,5,0,1,5
P447504,AA (Alguronic Acid) Barrier Serum,Algenist,3.97,85.0,Skincare,Treatments,50,4,3,15,3.8,10,0,1,1,1,7,0,1,2,10,0,1,0,1,0,1,2
P404169,POWER Advanced Wrinkle Fighter 360° Eye Serum,Algenist,4.023,70.0,Skincare,Eye Care,38,2,1,7,5.4,3,0,2,1,0,5,0,1,1,1,0,0,0,0,0,0,0
P404168,POWER Advanced Wrinkle Fighter Moisturizer,Algenist,4.1818,85.0,Skincare,Moisturizers,35,2,2,8,5.2,3,0,1,0,0,2,0,0,1,2,0,0,0,0,0,0,0
P433469,ELEVATE Advanced Retinol Serum,Algenist,4.1026,98.0,Skincare,Treatments,46,6,3,21,3.9,4,1,1,0,1,6,0,1,2,4,0,0,0,1,0,2,2
P420638,ELEVATE Advanced Lift Contouring Cream,Algenist,4.3243,96.0,Skincare,Moisturizers,51,11,7,40,5.2,5,0,2,1,0,5,0,3,3,3,0,0,0,0,0,0,0
P456990,Mini GENIUS Liquid Collagen,Algenist,3.4412,25.0,Skincare,Mini Size,38,3,2,11,3.1,4,0,1,1,0,5,3,1,0,1,0,0,0,3,0,3,0
P410809,ELEVATE Firming & Lifting Contouring Eye Cream,Algenist,3.2581,72.0,Skincare,Eye Care,54,4,3,15,3.3,3,0,1,2,1,6,0,1,1,1,1,1,0,1,0,0,1
P442860,ALIVE Prebiotic Balancing Moisturizer SPF 15,Algenist,3.2,40.0,Skincare,Moisturizers,30,2,1,7,4.0,5,1,2,1,1,5,0,0,1,1,0,0,0,1,0,0,1
P504443,Plump Pout Duo,Algenist,3.0,44.0,Skincare,Value & Gift Sets,37,3,2,11,2.6,3,0,1,1,1,4,3,1,1,0,0,1,0,4,0,3,1
P503998,Algae Peptide Regenerative Moisturizer,Algenist,4.2713,98.0,Skincare,Moisturizers,41,5,3,18,4.0,4,0,1,1,1,5,0,1,2,2,0,0,0,0,0,0,1
P440949,Liquid Gold Exfoliating Treatment with Glycolic acid,Alpha-H,4.5093,56.0,Skincare,Treatments,9,3,3,12,4.2,0,1,1,0,1,1,0,0,1,1,0,0,0,1,0,0,1
P442540,Vitamin A Serum with 0.5% Retinol,Alpha-H,4.3579,65.0,Skincare,Treatments,18,2,1,7,5.2,1,1,2,0,1,1,0,1,3,3,0,0,0,1,0,1,1
P442539,Vitamin B Serum with 5% Niacinamide and Peptides,Alpha-H,4.2619,65.0,Skincare,Treatments,20,2,2,8,4.7,1,0,2,1,0,0,0,0,1,1,0,0,0,0,0,0,0
P442546,Balancing Cleanser,Alpha-H,4.5455,38.0,Skincare,Cleansers,14,1,1,4,5.3,0,0,1,0,0,0,0,0,1,1,0,0,0,0,0,0,0
P442548,Mini Liquid Gold Exfoliating Treatment with Glycolic Acid,Alpha-H,4.0,22.0,Skincare,Mini Size,9,3,3,12,3.6,0,1,1,0,1,1,0,0,1,1,0,0,0,1,0,0,1
P442537,Liquid Gold Firming Eye Cream,Alpha-H,3.8824,82.0,Skincare,Eye Care,43,1,1,4,5.3,1,0,1,1,1,3,0,1,2,2,0,1,0,1,0,0,1
P480150,Liquid Gold Midnight Reboot Serum with 14% Glycolic Acid and Tripeptide-5,Alpha-H,5.0,105.0,Skincare,Treatments,29,3,3,12,5.0,0,2,2,0,2,3,0,0,2,2,0,0,0,2,0,1,2
P442542,Beauty Sleep Power Peel Age-Defying Night Peel,Alpha-H,4.6,106.0,Skincare,Treatments,8,0,0,0,6.7,3,1,1,1,1,1,0,2,2,3,0,0,1,1,1,0,1
P442545,Triple Action Cleanser,Alpha-H,4.25,38.0,Skincare,Cleansers,13,1,1,4,4.3,0,0,0,0,0,0,0,0,0,0,0,0,0,0,0,0,0
P455237,Melt Moisturizer with Bakuchiol and Squalane,alpyn beauty,4.514,60.0,Skincare,Moisturizers,45,4,3,15,4.4,3,1,1,0,2,3,0,3,5,4,0,1,0,2,0,0,2
P465741,Wild Huckleberry 8-Acid Polishing Peel Mask,alpyn beauty,4.6801,56.0,Skincare,Masks,62,7,2,23,4.6,2,5,6,1,4,3,0,1,7,6,0,0,0,3,0,0,4
P472302,Wild Nettle & Niacinamide Instant Firming Serum,alpyn beauty,4.7631,58.0,Skincare,Treatments,38,2,0,6,5.9,2,1,1,0,2,2,0,1,3,2,0,0,0,1,0,0,2
P455613,Line-Filling Eye Cream with Bakuchiol and Caffeine,alpyn beauty,4.3206,62.0,Skincare,Eye Care,40,2,1,7,5.2,2,0,0,1,1,2,0,2,3,2,1,1,0,1,0,0,1
P503197,Juneberry & Collagen Hydrating Cold Cream Cleanser,alpyn beauty,4.895,39.0,Skincare,Cleansers,36,2,2,8,5.3,0,1,2,1,1,2,0,0,3,1,0,1,0,1,0,1,2
P477492,Triple Vitamin C Brightening Bounce Cream Moisturizer,alpyn beauty,4.5422,49.0,Skincare,Moisturizers,52,8,6,30,4.5,1,0,1,0,2,4,0,0,4,1,0,1,0,1,0,0,3
P455614,Creamy Bubbling Cleanser with Vitamin C & AHAs,alpyn beauty,4.3832,36.0,Skincare,Cleansers,31,5,4,19,4.3,2,2,2,0,3,3,0,1,4,3,0,1,0,3,0,0,3
P455612,Vitamin C & Bearberry Instant Glow Serum,alpyn beauty,4.503,59.0,Skincare,Treatments,42,4,2,14,4.4,3,3,3,1,3,4,0,2,6,5,0,0,0,2,0,0,3
P483643,Willow & Sweet Agave Plumping Lip Mask,alpyn beauty,4.5405,28.0,Skincare,Lip Balms & Treatments,34,3,2,11,3.4,0,0,0,0,0,0,0,0,0,0,0,0,0,0,0,0,0
P505338,Pore Perfecting Liquid Exfoliator with 2% BHA + Borage,alpyn beauty,4.9231,39.0,Skincare,Cleansers,41,4,3,15,4.9,1,2,3,1,3,2,0,1,5,2,0,3,0,3,0,1,3
P481058,Mini Melt Moisturizer with Bakuchiol and Squalane,alpyn beauty,4.5806,25.0,Skincare,Moisturizers,45,4,3,15,4.5,3,1,1,0,2,3,0,3,5,4,0,1,0,2,0,0,2
P503262,Peel and Plump Skin-Smoothing Duo,alpyn beauty,4.8889,49.0,Skincare,Value & Gift Sets,91,9,3,30,4.9,4,5,6,1,5,5,0,3,10,8,0,1,0,4,0,0,5
P503741,Lip Treatment Oil,Ami Colé,4.7053,20.0,Makeup,Lip,23,2,1,7,4.2,0,0,0,0,0,0,0,0,0,0,0,0,0,0,0,0,0
P503754,Skin-Enhancing Tinted Moisturizer,Ami Colé,4.8966,32.0,Makeup,Face,23,2,2,8,4.5,0,0,0,1,0,0,0,0,0,0,0,0,0,0,0,0,0
P503762,Lash-Amplifying Volumizing & Lengthening Mascara,Ami Colé,4.1842,19.0,Makeup,Eye,28,1,1,4,4.2,0,0,0,0,0,0,0,0,0,0,0,0,0,0,0,0,0
P503732,Skin Melt Talc-Free Loose Setting Powder,Ami Colé,4.5714,22.0,Makeup,Face,19,2,0,6,5.1,1,0,0,0,0,0,0,1,1,1,0,0,0,0,0,0,0
P503763,Light-Catching Highlighter Balm,Ami Colé,4.75,22.0,Makeup,Face,18,1,1,4,4.9,0,0,0,0,0,0,0,0,0,0,0,0,0,0,0,0,0
P503767,Skin-Enhancing Concealer,Ami Colé,4.6429,24.0,Makeup,Face,26,2,2,8,5.2,1,0,1,1,0,0,0,0,1,2,0,0,0,0,0,0,0
P503759,Ultra-Flex Clear Eyebrow Shaping Gel,Ami Colé,4.8889,20.0,Makeup,Eye,10,1,1,4,5.1,0,0,0,0,0,0,0,0,0,0,0,0,0,0,0,0,0
P504779,Desert Date Cream Blush & Lip Multistick,Ami Colé,5.0,22.0,Makeup,Cheek,20,0,0,0,6.0,0,0,0,0,0,0,0,0,0,0,0,0,0,0,0,0,0
P503731,"The Customizable Crew Set: Highlighter, Lip Oil, and Skin Tint Set",Ami Colé,4.5,60.0,Makeup,Face,50,4,3,15,3.6,0,0,0,1,0,0,0,0,0,0,0,0,0,0,0,0,0
P384060,"DIPBROW Waterproof, Smudge Proof Brow Pomade",Anastasia Beverly Hills,4.6701,21.0,Makeup,Eye,17,2,0,6,4.4,0,0,0,0,0,0,0,0,0,0,0,0,0,0,0,0,0
P404832,Eye Shadow Singles,Anastasia Beverly Hills,4.4696,12.0,Makeup,Eye,24,1,0,3,4.8,0,0,0,0,0,0,0,0,0,0,0,0,0,0,0,0,0
P404831,Liquid Lipstick,Anastasia Beverly Hills,3.8268,20.0,Makeup,Lip,23,0,0,0,4.6,0,0,0,0,0,0,0,0,0,0,0,0,0,0,0,0,0
P409118,Modern Renaissance Eye Shadow Palette,Anastasia Beverly Hills,4.7931,45.0,Makeup,Eye,33,1,0,3,5.2,0,0,0,0,0,0,0,0,0,0,0,0,0,0,0,0,0
P58930227,Soft Glam Eyeshadow Palette,Anastasia Beverly Hills,4.7068,45.0,Makeup,Eye,43,1,0,3,5.0,0,0,0,0,0,0,0,0,0,0,0,0,0,0,0,0,0
P386335,Contour Kit,Anastasia Beverly Hills,4.0975,40.0,Makeup,Face,23,1,1,4,4.1,0,0,0,0,0,0,0,0,0,0,0,0,0,0,0,0,0
P404830,Lip Gloss,Anastasia Beverly Hills,4.4551,16.0,Makeup,Lip,21,0,0,0,5.3,0,0,0,0,0,0,0,0,0,0,0,0,0,0,0,0,0
P406576,Sun Dipped Glow Kit,Anastasia Beverly Hills,4.7197,40.0,Makeup,Face,16,1,1,4,4.9,0,0,0,0,0,0,0,0,0,0,0,0,0,0,0,0,0
P69304,Strong Hold Clear Brow Gel,Anastasia Beverly Hills,4.4206,22.0,Makeup,Eye,15,1,1,4,4.5,0,0,0,0,0,0,0,0,0,0,0,0,0,0,0,0,0
P69300,Ombre Effect Long Wearing Brow Powder Duo,Anastasia Beverly Hills,4.695,23.0,Makeup,Eye,17,1,1,4,4.8,0,0,0,0,0,1,0,0,0,0,0,0,0,0,0,0,1
P468341,Brow Freeze Extreme Hold Laminated-Look Sculpting Wax,Anastasia Beverly Hills,3.9071,23.0,Makeup,Eye,8,0,0,0,5.3,0,0,1,0,0,0,0,0,1,1,0,0,0,0,0,0,0
P423925,Sugar Glow Kit,Anastasia Beverly Hills,4.6467,40.0,Makeup,Face,22,1,1,4,4.8,0,0,0,0,0,0,0,0,0,0,0,0,0,0,0,0,0
P454751,Mini Strong Hold Clear Brow Gel,Anastasia Beverly Hills,4.1889,9.0,Makeup,Eye,15,1,1,4,4.2,0,0,0,0,0,0,0,0,0,0,0,0,0,0,0,0,0
P410504,Stick Foundation,Anastasia Beverly Hills,3.4315,25.0,Makeup,Face,23,0,0,0,4.9,1,0,0,0,0,0,0,1,1,1,0,0,0,0,0,0,0
P187202,Tinted Brow Gel,Anastasia Beverly Hills,4.1864,22.0,Makeup,Eye,15,1,1,4,4.2,0,0,0,0,0,0,0,0,0,0,0,0,0,0,0,0,0
P441838,DIPBROW Gel,Anastasia Beverly Hills,3.7853,20.0,Makeup,Eye,20,1,1,4,3.7,0,0,0,0,0,0,0,0,0,0,0,0,0,0,0,0,0
P480576,Matte & Satin Velvet Lipstick,Anastasia Beverly Hills,4.6062,23.0,Makeup,Lip,21,0,0,0,5.5,0,0,0,0,0,0,0,0,0,0,0,0,0,0,0,0,0
P420162,Blush Trio,Anastasia Beverly Hills,4.6617,30.0,Makeup,Cheek,33,1,1,4,5.6,1,0,0,0,0,0,0,1,1,1,0,0,0,0,0,0,0
P386783,Pro Pencil,Anastasia Beverly Hills,4.0611,18.0,Makeup,Eye,10,1,1,4,4.1,0,0,0,0,0,1,0,0,0,0,0,0,0,0,0,0,1
P442999,DIPBROW Gel - Mini,Anastasia Beverly Hills,3.3403,9.0,Makeup,Eye,20,1,1,4,3.2,0,0,0,0,0,0,0,0,0,0,0,0,0,0,0,0,0
P449124,Luminous Foundation,Anastasia Beverly Hills,4.1304,38.0,Makeup,Face,45,2,1,7,5.6,11,0,0,2,0,5,0,2,0,10,0,0,0,0,0,0,0
P69305,Perfect Brow Pencil,Anastasia Beverly Hills,4.4411,23.0,Makeup,Eye,10,1,1,4,4.5,0,0,0,0,0,1,0,0,0,0,0,0,0,0,0,0,1
P450846,Norvina Pro Pigment Palette Vol. 3 for Face & Body,Anastasia Beverly Hills,4.601,60.0,Makeup,Makeup Palettes,62,3,3,12,3.5,0,0,0,0,0,0,0,0,0,0,0,0,0,0,0,0,0
P462328,Superfine Micro-Stroking Detail Brow Pen,Anastasia Beverly Hills,3.9654,22.0,Makeup,Eye,20,4,3,15,2.8,0,0,0,0,0,0,0,0,0,0,0,0,0,0,0,0,0
P443753,Dewy Set Setting Spray,Anastasia Beverly Hills,4.2373,26.0,Makeup,Face,13,2,1,7,4.1,1,0,0,0,0,0,0,0,0,1,0,0,0,0,0,0,0
P448161,Norvina Pro Pigment Palette Vol. 1 for Face & Body,Anastasia Beverly Hills,4.7151,60.0,Makeup,Makeup Palettes,67,3,3,12,3.7,0,0,0,0,0,0,0,0,0,0,0,0,0,0,0,0,0
P463420,Mini Soft Glam II Eye Shadow Palette,Anastasia Beverly Hills,4.3553,29.0,Makeup,Eye,39,1,0,3,4.6,0,0,0,0,0,0,0,0,0,0,0,0,0,0,0,0,0
P427916,Powder Bronzer,Anastasia Beverly Hills,4.5012,28.0,Makeup,Cheek,22,0,0,0,6.2,1,0,0,0,0,0,0,1,1,1,0,0,0,0,0,0,0
P474813,Stick Cream Blush,Anastasia Beverly Hills,4.6228,32.0,Makeup,Cheek,23,0,0,0,5.5,0,0,0,0,0,0,0,0,0,0,0,0,0,0,0,0,0
P450845,Norvina Pro Pigment Palette Vol. 2 for Face & Body,Anastasia Beverly Hills,4.5,60.0,Makeup,Makeup Palettes,70,3,3,12,3.4,0,0,0,0,0,0,0,0,0,0,0,0,0,0,0,0,0
P457246,Norvina Pro Pigment Palette Vol. 4 for Face & Body,Anastasia Beverly Hills,4.5069,60.0,Makeup,Makeup Palettes,66,4,4,16,3.4,0,0,0,0,0,0,0,0,0,0,0,0,0,0,0,0,0
P475045,Magic Touch Concealer,Anastasia Beverly Hills,4.551,29.0,Makeup,Face,40,4,4,16,5.3,2,0,1,1,0,2,0,1,2,3,0,0,0,0,0,0,1
P224610,Highlighting Duo Pencil,Anastasia Beverly Hills,4.4611,23.0,Makeup,Eye,33,1,1,4,4.6,0,0,0,0,0,1,0,0,0,0,0,0,0,0,0,0,1
P474812,Cream Bronzer,Anastasia Beverly Hills,4.5417,35.0,Makeup,Cheek,27,1,1,4,5.5,1,0,0,0,0,0,0,1,1,1,0,0,0,0,0,0,0
P473261,Norvina Pro Pigment Palette Vol. 5 for Face & Body,Anastasia Beverly Hills,4.8206,60.0,Makeup,Makeup Palettes,63,3,3,12,3.8,0,0,0,0,0,0,0,0,0,0,0,0,0,0,0,0,0
P450720,Contour & Highlight Stick,Anastasia Beverly Hills,3.8262,25.0,Makeup,Face,23,0,0,0,5.4,1,0,0,0,0,0,0,1,1,1,0,0,0,0,0,0,0
P406577,Lip Primer,Anastasia Beverly Hills,4.1481,16.0,Makeup,Lip,12,0,0,0,5.0,0,0,0,0,0,0,0,0,0,0,0,0,0,0,0,0,0
P452412,Norvina Mini Pro Pigment Palette Vol. 2 for Face & Body,Anastasia Beverly Hills,4.3269,29.0,Makeup,Mini Size,53,1,0,3,4.6,0,0,0,0,0,0,0,0,0,0,0,0,0,0,0,0,0
P395205,Waterproof Crème Color,Anastasia Beverly Hills,3.4277,18.0,Makeup,Eye,19,2,0,6,2.9,0,0,0,0,0,0,0,0,0,0,0,0,0,0,0,0,0
P463783,Insta Brow Set,Anastasia Beverly Hills,3.8846,25.0,Makeup,Eye,29,1,1,4,3.9,0,0,0,0,0,0,0,0,0,0,0,0,0,0,0,0,0
P449149,Loose Setting Powder,Anastasia Beverly Hills,4.534,38.0,Makeup,Face,11,1,1,4,4.6,0,0,0,0,0,0,0,0,0,0,0,0,0,0,0,0,0
P468343,Tinted Lip Gloss,Anastasia Beverly Hills,4.4921,20.0,Makeup,Lip,19,0,0,0,5.4,0,0,0,0,0,0,0,0,0,0,0,0,0,0,0,0,0
P420204,Liquid Glow Highlighter,Anastasia Beverly Hills,4.0899,25.0,Makeup,Face,37,3,2,11,3.9,2,0,0,0,0,1,0,0,1,2,0,0,0,0,0,0,1
P459508,Mini Dewy Set Hydrating Setting Spray,Anastasia Beverly Hills,4.0476,15.0,Makeup,Mini Size,13,2,1,7,3.9,1,0,0,0,0,0,0,0,0,1,0,0,0,0,0,0,0
P500629,Nouveau Eyeshadow Palette,Anastasia Beverly Hills,4.6911,55.0,Makeup,Eye,48,1,0,3,5.0,0,0,0,0,0,0,0,0,0,0,0,0,0,0,0,0,0
P482659,NORVINA Pro Pigment Palette Vol. 6 for Face & Body,Anastasia Beverly Hills,4.703,60.0,Makeup,Makeup Palettes,81,3,3,12,3.6,0,0,0,0,0,0,0,0,0,0,0,0,0,0,0,0,0
P468344,Iced Out Highlighter,Anastasia Beverly Hills,4.4396,34.0,Makeup,Face,19,0,0,0,5.7,1,0,0,0,0,1,0,0,0,0,0,0,0,0,0,0,0
P446027,Mini Eye Primer,Anastasia Beverly Hills,3.6888,13.0,Makeup,Eye,39,2,1,7,5.0,10,0,0,2,0,4,0,2,0,10,0,0,0,0,0,0,0
P503051,Fluffy & Fuller Looking Brow Kit,Anastasia Beverly Hills,4.1667,29.0,Makeup,Value & Gift Sets,24,1,1,4,4.8,0,0,1,0,0,0,0,0,1,1,0,0,0,0,0,0,0
P471735,"Face Palettes – All in One Bronzer, Highlighter, Blush",Anastasia Beverly Hills,4.526,58.0,Makeup,Face,39,2,1,7,4.8,1,0,0,0,0,0,0,1,1,1,0,0,0,0,0,0,0
P478230,NORVINA Chroma Stix Makeup Pencils,Anastasia Beverly Hills,4.186,18.0,Makeup,Eye,15,0,0,0,5.0,0,0,0,0,0,0,0,0,0,0,0,0,0,0,0,0,0
P173317,Brow Primer,Anastasia Beverly Hills,4.2638,21.0,Makeup,Eye,13,0,0,0,5.1,0,0,0,0,0,0,0,0,0,0,0,0,0,0,0,0,0
P446344,Shimmer Body Oil,Anastasia Beverly Hills,3.8095,38.0,Bath & Body,Body Moisturizers,21,4,4,16,2.6,0,0,0,0,0,0,0,0,0,0,0,0,0,0,0,0,0
P449151,Liquid Liner,Anastasia Beverly Hills,4.1865,18.0,Makeup,Eye,14,4,3,15,4.4,2,1,1,0,1,1,0,0,1,2,0,0,0,1,0,0,1
P503114,Rose Metals Eyeshadow Palette,Anastasia Beverly Hills,4.7727,55.0,Makeup,Value & Gift Sets,41,1,0,3,5.1,0,0,0,0,0,0,0,0,0,0,0,0,0,0,0,0,0
P503050,Natural & Polished Deluxe Brow Kit,Anastasia Beverly Hills,3.8333,39.0,Makeup,Value & Gift Sets,37,1,1,4,3.8,0,0,0,0,0,0,0,0,0,0,0,0,0,0,0,0,0
P477809,Primrose All In One Face & Eye Shadow Palette,Anastasia Beverly Hills,4.6626,55.0,Makeup,Eye,51,2,1,7,4.2,0,0,0,0,0,0,0,0,0,0,0,0,0,0,0,0,0
P455981,Lash Brag Jet-Black Volumizing Mascara,Anastasia Beverly Hills,3.8184,25.0,Makeup,Eye,27,2,2,8,3.0,0,0,0,0,0,0,0,0,0,0,0,0,0,0,0,0,0
P503556,Mini Glam To Go Eyeshadow Palette,Anastasia Beverly Hills,4.6667,29.0,Makeup,Eye,40,1,0,3,5.0,0,0,0,0,0,0,0,0,0,0,0,0,0,0,0,0,0
P503092,Fuller Looking & Sculpted Lip Duo Kit,Anastasia Beverly Hills,4.0,25.0,Makeup,Value & Gift Sets,27,1,1,4,4.0,0,0,0,0,0,1,0,0,0,0,0,0,0,0,0,0,1
P456591,Mini Lash Brag Jet-Black Volumizing Mascara,Anastasia Beverly Hills,3.7434,13.0,Makeup,Eye,27,2,2,8,2.9,0,0,0,0,0,0,0,0,0,0,0,0,0,0,0,0,0
P423923,Liquid Lipstick in Trouble,Anastasia Beverly Hills,3.4766,20.0,Makeup,Lip,24,0,0,0,4.2,0,0,0,0,0,0,0,0,0,0,0,0,0,0,0,0,0
P500697,Coming Up Roses Blush & Lip Kit,Anastasia Beverly Hills,5.0,50.0,Makeup,Value & Gift Sets,53,1,1,4,5.2,0,0,0,0,0,1,0,0,0,0,0,0,0,0,0,0,1
P468342,Crystal Lip Gloss,Anastasia Beverly Hills,4.3983,20.0,Makeup,Lip,7,1,1,4,4.5,0,0,0,0,0,0,0,0,0,0,0,0,0,0,0,0,0
P500604,Stick Highlighter,Anastasia Beverly Hills,3.5385,34.0,Makeup,Face,19,0,0,0,4.2,0,0,0,0,0,0,0,0,0,0,0,0,0,0,0,0,0
P483069,Brow Studio Kit,Anastasia Beverly Hills,4.1429,29.0,Makeup,Eye,44,2,2,8,3.4,0,0,0,0,0,0,0,0,0,0,0,0,0,0,0,0,0
P410502,Darkside Waterproof Liner,Anastasia Beverly Hills,3.3276,18.0,Makeup,Eye,14,1,0,3,3.4,0,0,0,0,0,0,0,0,0,0,0,0,0,0,0,0,0
P500402,Brow Genius Conditioning Brow Serum,Anastasia Beverly Hills,4.1742,65.0,Makeup,Eye,32,2,1,7,5.4,1,1,2,1,0,2,0,1,3,2,1,0,0,0,0,0,1
P462330,Mini Loose Setting Powder,Anastasia Beverly Hills,4.25,19.0,Makeup,Mini Size,9,1,1,4,4.3,0,0,0,0,0,0,0,0,0,0,0,0,0,0,0,0,0
P473262,Norvina Lip Balm,Anastasia Beverly Hills,4.0,18.0,Makeup,Lip,20,2,2,8,3.2,0,0,0,0,0,0,0,0,0,0,0,0,0,0,0,0,0
P470504,Eye Brag Eyeliner & Mascara Set,Anastasia Beverly Hills,3.25,29.0,Makeup,Eye,39,6,5,23,3.3,2,1,1,0,1,1,0,0,1,2,0,0,0,1,0,0,1
P449150,Hydrating Oil,Anastasia Beverly Hills,4.5556,45.0,Skincare,Moisturizers,26,6,4,22,4.3,1,0,0,0,0,0,0,1,1,1,0,0,0,0,0,0,0
P504629,Laminated Look Brow Kit,Anastasia Beverly Hills,1.1905,24.0,Makeup,Eye,27,4,3,15,1.0,0,0,1,0,0,0,0,0,1,1,0,0,0,0,0,0,0
P393401,Luminous Silk Perfect Glow Flawless Oil-Free Foundation,Armani Beauty,4.2162,69.0,Makeup,Face,31,9,7,34,3.3,0,0,0,1,0,0,0,0,0,0,0,0,0,0,0,0,0
P393411,Lip Maestro Liquid Matte Lipstick,Armani Beauty,4.3712,45.0,Makeup,Lip,27,2,1,7,4.0,0,0,0,1,0,0,0,0,0,0,0,0,0,0,0,0,0
P393434,Eye Tint Long-Lasting Liquid Eyeshadow,Armani Beauty,4.3822,36.0,Makeup,Eye,22,1,1,4,4.5,0,0,0,0,0,0,0,0,0,0,0,0,0,0,0,0,0
P416785,Power Fabric + Longwear High Cover Foundation SPF 25,Armani Beauty,4.3769,69.0,Makeup,Face,29,9,8,35,3.5,0,0,0,1,0,0,0,0,0,0,0,0,0,0,0,0,0
P456158,Luminous Silk Face and Under-Eye Concealer,Armani Beauty,4.3505,39.0,Makeup,Face,29,2,2,8,4.2,0,0,0,2,0,0,0,0,0,0,1,0,0,0,0,0,0
P441817,Power Fabric Concealer,Armani Beauty,4.4506,40.0,Makeup,Face,26,2,1,7,4.1,0,0,0,1,0,0,0,0,0,0,0,0,0,0,0,0,0
P458270,Neo Nude Tinted Moisturizer with Hyaluronic Acid,Armani Beauty,4.233,48.0,Makeup,Face,23,4,2,14,3.5,1,0,0,0,0,0,0,0,0,1,0,0,0,0,0,0,0
P472016,Neo Nude Color Melting Cream Blush,Armani Beauty,4.5263,39.0,Makeup,Cheek,19,1,1,4,4.6,0,0,0,0,0,0,0,0,0,0,0,0,0,0,0,0,0
P449793,Luminous Silk Hydrating Makeup Primer,Armani Beauty,4.4756,44.0,Makeup,Face,28,2,1,7,4.0,0,0,0,0,0,0,0,0,0,0,0,0,0,0,0,0,0
P393671,Eyes To Kill Lengthening Mascara,Armani Beauty,4.3126,33.0,Makeup,Eye,20,3,3,12,3.2,0,0,0,0,0,0,0,0,0,0,0,0,0,0,0,0,0
P469846,Luminous Silk Glow Setting Powder,Armani Beauty,4.4474,64.0,Makeup,Face,33,8,7,31,3.5,0,0,0,1,0,0,0,0,0,0,0,0,0,0,0,0,0
P393672,Eyes To Kill Waterproof Mascara,Armani Beauty,4.1756,33.0,Makeup,Eye,27,2,2,8,3.4,0,0,0,0,0,0,0,0,0,0,0,0,0,0,0,0,0
P481814,Lip Maestro Mediterranea Liquid Matte Lipstick,Armani Beauty,4.337,45.0,Makeup,Lip,43,1,0,3,4.8,0,0,0,1,0,0,0,0,0,0,0,0,0,0,0,0,0
P393669,Black Ecstasy Mascara,Armani Beauty,4.3525,33.0,Makeup,Eye,20,3,3,12,3.2,0,0,0,0,0,0,0,0,0,0,0,0,0,0,0,0,0
P472017,Mini Eyes To Kill Volumizing and Lengthening Mascara,Armani Beauty,4.0,15.0,Makeup,Mini Size,20,3,3,12,2.8,0,0,0,0,0,0,0,0,0,0,0,0,0,0,0,0,0
P482507,Luminous Silk Perfect Glow Flawless Oil-Free Foundation Customizable Set,Armani Beauty,4.75,69.0,Makeup,Face,72,13,11,50,3.9,0,0,0,1,0,0,0,0,0,0,0,0,0,0,0,0,0
P503765,Lip Power Long-Lasting Satin Lipstick Duo Set,Armani Beauty,4.6667,52.0,Makeup,Lip,27,1,1,4,4.8,0,0,0,0,0,0,0,0,0,0,0,0,0,0,0,0,0
P465304,Acqua Di Gio Deodorant,Armani Beauty,3.6667,28.0,Bath & Body,Body Care,15,7,7,28,2.4,0,0,0,0,0,0,0,0,0,0,0,0,0,0,0,0,0
P380557,Armani Code After Shave Lotion,Armani Beauty,4.5,60.0,Bath & Body,Bath & Shower,35,13,12,51,4.8,2,0,0,1,0,0,0,2,2,2,0,0,1,0,1,0,0
P429271,Diamond Glow Powder,Artist Couture,4.5736,27.0,Makeup,Face,4,0,0,0,5.5,0,0,0,0,0,0,0,0,0,0,0,0,0,0,0,0,0
P456967,Silk Cream Lipstick,Artist Couture,3.9184,18.0,Makeup,Lip,30,5,5,20,3.5,1,0,0,0,0,0,0,1,1,1,0,0,0,0,0,0,0
P456966,Supreme Nudes Pressed Pigment Eyeshadow Palette,Artist Couture,4.4454,45.0,Makeup,Eye,49,1,1,4,4.5,0,0,0,0,1,1,0,0,1,0,0,1,0,1,0,0,1
P451642,Plush Pout Lip Gloss,Artist Couture,4.4222,18.0,Makeup,Lip,27,1,0,3,5.9,1,1,1,0,1,2,0,0,1,1,0,0,0,1,0,0,1
P484029,Silky Lip Oil,Artist Couture,3.4375,22.0,Makeup,Lip,23,0,0,0,4.1,0,0,0,0,0,0,0,0,0,0,0,0,0,0,0,0,0
P473181,Supreme Bronze Eyeshadow & Pressed Pigment Palette,Artist Couture,4.5882,45.0,Makeup,Eye,38,1,1,4,4.7,0,0,0,0,1,1,0,0,1,0,0,1,0,1,0,0,1
P482509,Supreme Mauves Eyeshadow & Pressed Pigment Palette,Artist Couture,2.9333,45.0,Makeup,Eye,44,2,2,8,1.9,0,0,0,0,1,1,0,0,1,0,0,1,0,1,0,0,1
P479301,Stay Lit Liquid Eyeshadows,Artist Couture,4.0,22.0,Makeup,Eye,18,1,1,4,4.0,0,0,0,0,0,0,0,0,0,0,0,0,0,0,0,0,0
P472308,Multi Use Beauty Setting Powder,Artist Couture,4.4,34.0,Makeup,Face,13,1,1,4,4.5,0,0,0,0,1,1,0,0,1,0,0,1,0,1,0,0,1
P448851,Midnight Maven Eyeshadow Palette,Artist Couture,4.7333,29.0,Makeup,Eye,48,1,1,4,4.9,0,0,0,0,1,1,0,0,1,0,0,1,0,1,0,0,1
P472307,Prep & Glow Blurring Perfection Primer,Artist Couture,3.9286,32.0,Makeup,Face,41,6,5,23,4.7,2,0,0,1,0,1,0,3,2,2,0,0,0,0,0,0,0
P470506,The Cream Cleansing Gel with TFC8 Gentle Cleanser,Augustinus Bader,4.4826,70.0,Skincare,Cleansers,28,3,2,11,4.8,1,0,1,0,0,2,0,0,1,2,0,0,0,0,0,0,0
P470509,The Rich Cream with TFC8 Face Moisturizer,Augustinus Bader,4.2312,290.0,Skincare,Moisturizers,36,6,4,22,5.1,2,1,2,2,0,4,0,1,2,3,0,0,0,0,0,0,0
P470507,The Cream with TFC8 Face Moisturizer,Augustinus Bader,4.3605,180.0,Skincare,Moisturizers,52,6,3,21,4.2,8,0,1,1,1,9,0,4,5,9,0,1,0,1,0,1,3
P500420,The Light Cream,Augustinus Bader,4.3196,180.0,Skincare,Moisturizers,40,7,5,26,5.2,6,0,1,0,0,3,0,3,4,6,0,0,0,0,0,0,0
P482510,The Ultimate Soothing Cream,Augustinus Bader,4.65,290.0,Skincare,Moisturizers,38,5,4,19,5.6,1,1,2,1,0,3,0,0,1,2,0,0,0,0,0,0,0
P475907,The Serum with  TFC8,Augustinus Bader,3.9877,390.0,Skincare,Treatments,36,6,4,22,4.8,3,0,1,0,0,3,0,2,3,4,0,0,0,0,0,0,0
P475906,The Eye Cream with  TFC8,Augustinus Bader,4.2267,220.0,Skincare,Eye Care,39,5,3,18,5.1,4,0,1,0,0,2,0,3,4,5,0,0,0,0,0,0,0
P503926,The Face Cream Mask,Augustinus Bader,4.375,215.0,Skincare,Masks,34,4,2,14,4.7,1,0,1,0,0,0,0,1,2,2,0,0,0,0,0,0,0
P470510,Mini The Rich Cream with TFC8 Face Moisturizer,Augustinus Bader,3.6875,92.0,Skincare,Mini Size,36,6,4,22,4.4,2,1,2,2,0,4,0,1,2,3,0,0,0,0,0,0,0
P470508,Mini The Cream with TFC8 Face Moisturizer,Augustinus Bader,3.7647,92.0,Skincare,Mini Size,52,6,3,21,3.5,8,0,1,1,1,9,0,4,5,9,0,1,0,1,0,1,3
P502588,The Eyebrow & Lash Enhancing Serum,Augustinus Bader,4.5161,150.0,Makeup,Eye,37,6,3,21,5.0,2,1,2,0,1,3,0,0,2,3,0,0,0,1,0,0,1
P482661,The Essence,Augustinus Bader,4.5,93.0,Skincare,Treatments,31,5,4,19,4.6,3,3,4,1,2,4,0,0,3,3,0,1,0,1,0,1,1
P502235,The Daily Essential Duo The Cream,Augustinus Bader,4.0,305.0,Skincare,Value & Gift Sets,52,6,3,21,3.8,8,0,1,1,1,9,0,4,5,9,0,1,0,1,0,1,3
P501140,The Body Cream,Augustinus Bader,4.3333,185.0,Bath & Body,Body Moisturizers,40,7,4,25,5.2,3,0,1,1,0,2,0,2,3,4,0,0,0,0,0,0,0
P504018,The Skin Renewal System,Augustinus Bader,5.0,185.0,Skincare,Value & Gift Sets,62,9,7,34,5.2,4,4,5,3,2,6,0,1,4,4,0,1,0,1,0,1,1
P460779,Skinlongevity Long Life Herb Anti-Aging Face Serum,bareMinerals,4.4339,65.0,Skincare,Treatments,43,9,7,34,5.1,4,0,1,0,1,3,0,1,3,5,0,0,0,0,0,0,1
P393356,COMPLEXION RESCUE Tinted Moisturizer with Hyaluronic Acid and Mineral SPF 30,bareMinerals,4.0038,37.0,Makeup,Face,30,5,4,19,4.0,2,0,0,0,0,0,0,1,1,2,0,0,0,0,0,0,0
P61004,Mineral Veil Talc Free Setting Powder,bareMinerals,4.5216,33.0,Makeup,Face,6,0,0,0,5.4,0,0,0,0,0,0,0,0,0,0,0,0,0,0,0,0,0
P410543,BAREPRO 16-HR Skin-Perfecting Powder Foundation,bareMinerals,4.0679,38.0,Makeup,Face,37,2,1,7,4.9,2,0,0,0,0,0,0,2,1,2,0,0,0,0,0,0,0
P61005,Warmth All-Over Face Color Loose Bronzer,bareMinerals,4.5866,25.0,Makeup,Face,7,0,0,0,5.5,0,0,0,0,0,0,0,0,0,0,0,0,0,0,0,0,0
P469839,Gen Nude Blonzer Blush + Bronzer,bareMinerals,4.543,26.0,Makeup,Cheek,23,0,0,0,5.9,0,0,0,1,0,0,0,0,0,0,1,0,0,0,0,0,0
P455324,Mineralist Hydra-Smoothing Lipstick,bareMinerals,4.4602,22.0,Makeup,Lip,27,1,0,3,5.6,1,0,0,0,0,0,0,1,1,1,0,0,0,0,0,0,0
P427652,Gen Nude Powder Blush,bareMinerals,4.6062,26.0,Makeup,Cheek,19,0,0,0,5.5,0,0,0,0,0,0,0,0,0,0,0,0,0,0,0,0,0
P469847,Mineralist Lip Gloss Balm,bareMinerals,4.6178,22.0,Makeup,Lip,22,0,0,0,5.5,0,0,0,0,0,1,0,0,0,0,0,0,0,0,0,0,1
P470512,Original Liquid Mineral Concealer,bareMinerals,4.3244,28.0,Makeup,Face,21,2,0,6,4.0,0,0,0,0,0,0,0,0,0,0,0,0,0,0,0,0,0
P473848,Original Mineral Veil Pressed Setting Powder,bareMinerals,4.4453,33.0,Makeup,Face,10,0,0,0,5.9,1,0,0,0,0,0,0,1,0,1,0,0,0,0,0,0,0
P461132,Strength & Length Serum-Infused Mascara,bareMinerals,4.0557,22.0,Makeup,Eye,34,6,4,22,3.1,0,0,0,0,0,1,0,0,0,0,0,0,0,0,0,0,0
P473841,MINERALIST Eyeshadow Palette,bareMinerals,4.1801,32.0,Makeup,Eye,20,1,1,4,4.2,0,0,0,0,0,0,0,0,0,0,0,0,0,0,0,0,0
P501215,Mineralist Lasting Matte Liquid Lipstick,bareMinerals,4.655,22.0,Makeup,Lip,26,0,0,0,5.6,0,0,0,0,0,0,0,0,0,0,0,0,0,0,0,0,0
P473842,MINERALIST Lasting Eyeliner,bareMinerals,4.4298,21.0,Makeup,Eye,25,0,0,0,5.3,0,0,0,0,0,1,0,0,0,0,0,0,0,0,0,0,1
P501217,Mineralist Lasting Lip Liner,bareMinerals,4.6741,21.0,Makeup,Lip,16,0,0,0,5.6,0,0,0,0,0,0,0,0,0,0,0,0,0,0,0,0,0
P481951,MAXIMIST Phyto-Fiber Volumizing Mascara,bareMinerals,4.044,22.0,Makeup,Eye,29,3,1,10,3.3,1,0,0,0,0,2,0,0,0,0,0,0,0,0,0,0,1
P504122,PRIME TIME Original Pore-Minimizing Primer,bareMinerals,4.5278,28.0,Makeup,Face,21,0,0,0,6.0,0,0,1,0,0,0,0,0,1,1,0,0,0,0,0,0,0
P158509,Faux Tan Bronzer,bareMinerals,4.526,25.0,Makeup,Cheek,7,0,0,0,5.4,0,0,0,0,0,0,0,0,0,0,0,0,0,0,0,0,0
P504153,Mini PRIME TIME Original Pore-Minimizing Primer,bareMinerals,3.0,16.0,Makeup,Face,21,0,0,0,4.2,0,0,1,0,0,0,0,0,1,1,0,0,0,0,0,0,0
P438637,Bright Eyes Collagen-Infused Brightening Colloidal Silver Eye Masks,BeautyBio,4.0594,40.0,Skincare,Eye Care,22,3,3,12,3.9,1,0,1,0,0,1,0,0,1,1,0,0,0,0,0,0,0
P455623,The ZenBubble Gel Cream,BeautyBio,4.4063,69.0,Skincare,Moisturizers,25,4,2,14,4.9,3,1,1,0,1,2,0,0,1,2,0,0,0,1,0,0,1
P472448,Glass & Gloss 2-Step Facial Retexturizing & Brightening Treatment,BeautyBio,4.6354,69.0,Skincare,Treatments,27,3,2,11,4.0,1,0,0,0,0,1,0,0,0,0,0,0,0,0,0,0,0
P477961,Get That Glow - GloPRO Facial Microneedling Discovery Set,BeautyBio,4.7229,199.0,Skincare,Value & Gift Sets,37,6,4,22,5.3,4,1,2,1,1,2,0,1,3,4,0,0,0,1,0,0,1
P438631,The Sculptor with LipoCare Cellulite Smoothing Body Cream,BeautyBio,3.5333,65.0,Bath & Body,Body Moisturizers,48,6,5,23,3.6,1,0,1,1,1,2,0,0,2,2,1,1,0,1,0,0,1
P438643,The Balance pH Balancing Gel Cleanser,BeautyBio,4.4713,39.0,Skincare,Cleansers,17,1,1,4,6.2,1,0,1,1,0,0,0,1,2,2,0,0,0,0,0,0,0
P438628,Contouring + De-Puffing Rose Quartz Roller,BeautyBio,4.5833,65.0,Skincare,Wellness,1,0,0,0,5.5,0,0,0,0,0,0,0,0,0,0,0,0,0,0,0,0,0
P438635,The Pout Sparkling Rosé Hyaluronic Acid Collagen Plumping Lip Serum,BeautyBio,3.4268,39.0,Skincare,Lip Balms & Treatments,25,2,0,6,4.1,1,0,0,0,1,1,0,1,2,1,0,0,0,0,0,0,1
P481060,The Eyelighter Concentrate,BeautyBio,4.6909,58.0,Skincare,Eye Care,28,3,2,11,5.0,2,0,0,0,0,1,0,1,2,2,0,0,0,0,0,0,1
P438648,The Quench Quadralipid Rapid Recovery Facial Moisturizer,BeautyBio,3.8462,129.0,Skincare,Moisturizers,41,4,2,14,3.6,3,1,1,0,2,3,0,2,3,3,0,1,0,2,0,0,2
P503562,GLOfacial Hydro-Infusion Pore Cleansing + Blue LED Clarifying Tool,BeautyBio,4.1212,199.0,Skincare,Value & Gift Sets,19,1,1,4,4.3,0,1,1,1,1,0,0,0,1,0,0,1,0,1,0,1,1
P444988,The Radiance Nourishing Body Oil with Jojoba + Apricot + Olive Oil,BeautyBio,4.2105,60.0,Bath & Body,Body Moisturizers,17,0,0,0,5.1,0,0,0,0,0,0,0,0,0,0,0,0,0,0,0,0,0
P505145,ZenBubble Bi-Phase Toner Serum,BeautyBio,4.6667,49.0,Skincare,Cleansers,25,7,5,26,4.6,1,0,1,0,0,0,0,0,1,2,0,0,0,0,0,0,0
P438642,GloPRO Prep Pads Clarifying Skin Cleansing Wipes with Peptides,BeautyBio,3.5556,39.0,Skincare,Cleansers,20,0,0,0,4.9,0,0,1,0,0,0,0,0,1,1,0,0,0,0,0,0,0
P443810,The Daily Vitamin C Day Serum with Antioxidant Complex,BeautyBio,3.1176,75.0,Skincare,Treatments,18,1,1,4,4.1,2,0,0,0,0,2,0,0,2,1,0,0,0,0,0,0,1
P463792,Rejuvenating Scalp + Fuller Hair Therapy Set,BeautyBio,3.5385,249.0,Skincare,Value & Gift Sets,19,3,2,11,2.8,1,0,0,0,0,1,0,0,0,1,0,0,0,0,0,0,0
P443812,R45 The Lift 3-Phase Advanced Neck Contouring Treatment,BeautyBio,3.1667,85.0,Skincare,Treatments,39,4,3,15,2.8,1,2,2,0,2,2,0,0,3,1,0,1,0,2,0,0,3
P438629,The Radiance Brightening Vitamin E + Rosehip Seed Facial Oil,BeautyBio,4.1818,70.0,Skincare,Moisturizers,26,11,10,43,4.0,1,0,0,1,0,0,0,1,1,1,0,0,0,0,0,0,0
P438640,The Nightly Retinol + Peptide Anti-Aging Serum,BeautyBio,3.7,95.0,Skincare,Treatments,31,1,1,4,4.6,1,1,1,2,3,5,0,2,4,2,0,1,0,2,0,1,3
P503552,GLOfacial Clarifying Salicylic & Plumping Hyaluronic Acid Concentrate,BeautyBio,5.0,45.0,Skincare,Treatments,18,1,1,4,5.4,0,1,1,1,1,0,0,0,1,0,0,1,0,1,0,1,1
P438630,Contouring + De-Puffing Rose Quartz GloPRO Attachment Head,BeautyBio,4.1429,49.0,Skincare,High Tech Tools,1,0,0,0,5.0,0,0,0,0,0,0,0,0,0,0,0,0,0,0,0,0,0
P502237,Head-To-Toe AfterGLO Set,BeautyBio,4.3333,199.0,Skincare,Value & Gift Sets,43,4,2,14,4.8,3,1,2,0,1,3,0,0,2,3,0,0,0,1,0,0,1
P483141,The Quench Eye Reviving Quadralipid Eye Balm,BeautyBio,4.0,99.0,Skincare,Eye Care,42,2,1,7,5.0,1,1,1,0,1,2,0,1,2,2,0,0,0,1,0,0,1
P483089,Eye Want It All Face + Eye Microneedling Set,BeautyBio,3.5,249.0,Skincare,Value & Gift Sets,42,2,1,7,4.4,1,1,1,0,1,2,0,1,2,2,0,0,0,1,0,0,1
P500755,Cryo Skin Icing Roller + Bright Eyes Gels Set,BeautyBio,4.2713,100.0,Skincare,High Tech Tools,23,3,3,12,3.2,1,0,1,0,0,1,0,0,1,1,0,0,0,0,0,0,0
P228913,ORIGINAL BEAUTYBLENDER Makeup Sponge,beautyblender,4.4854,20.0,Makeup,Brushes & Applicators,1,0,0,0,5.4,0,0,0,0,0,0,0,0,0,0,0,0,0,0,0,0,0
P433987,Bounce Liquid Whip Long Wear Foundation,beautyblender,4.074,29.0,Makeup,Face,21,3,2,11,2.9,0,0,0,0,0,0,0,0,0,0,0,0,0,0,0,0,0
P379449,blendercleanser solid,beautyblender,4.6898,18.0,Makeup,Brushes & Applicators,13,3,3,12,3.6,0,0,0,0,0,0,0,0,0,0,0,0,0,0,0,0,0
P228914,liquid blendercleanser,beautyblender,4.151,20.0,Makeup,Brushes & Applicators,10,1,1,4,4.8,0,0,1,0,0,0,0,0,1,1,0,0,0,0,0,0,0
P477136,BOUNCE Always On Radiant Skin Tint,beautyblender,4.5068,29.0,Makeup,Face,31,4,4,16,4.2,1,0,0,1,0,1,0,0,0,1,0,0,0,0,0,0,0
P455325,BOUNCE Airbrush Liquid Whip Concealer,beautyblender,4.1948,26.0,Makeup,Face,37,2,2,8,4.0,0,0,0,0,1,2,0,0,1,0,0,0,0,0,0,0,1
P429235,BEAUTYBLUSHER Makeup Sponge,beautyblender,3.4828,16.0,Makeup,Brushes & Applicators,1,0,0,0,4.2,0,0,0,0,0,0,0,0,0,0,0,0,0,0,0,0,0
P468345,Biopure Sustainable Green Makeup Sponge,beautyblender,4.543,20.0,Makeup,Brushes & Applicators,1,0,0,0,5.5,0,0,0,0,0,0,0,0,0,0,0,0,0,0,0,0,0
P475051,Bounce Liquid Whip Cream Blush,beautyblender,4.4324,22.0,Makeup,Cheek,26,0,0,0,5.3,0,0,0,0,0,1,0,0,0,0,0,0,0,0,0,0,1
P484031,BOUNCE  Magic Fit Creamy Bronzer & Highlighter Duo,beautyblender,3.8805,32.0,Makeup,Face,37,0,0,0,5.3,0,0,1,0,0,1,0,0,1,1,0,0,0,0,0,0,1
P500981,Dream Makeup Sponge,beautyblender,4.0,20.0,Makeup,Brushes & Applicators,1,0,0,0,4.8,0,0,0,0,0,0,0,0,0,0,0,0,0,0,0,0,0
P471744,Blendercleanser Liquid Charcoal Unscented Sponge & Brush Cleanser,beautyblender,2.8333,15.0,Makeup,Accessories,15,3,3,12,1.4,0,0,0,0,1,1,0,0,1,0,0,1,0,1,0,0,1
P470004,BOUNCE  Soft Focus Gemstone Setting Powder,beautyblender,4.2329,32.0,Makeup,Face,16,0,0,0,5.1,0,0,0,0,0,0,0,0,0,0,0,0,0,0,0,0,0
P505019,Main Squeeze Beauty Sponge and Cleanser Set,beautyblender,4.9825,35.0,Makeup,Value & Gift Sets,22,7,7,28,4.0,0,0,0,0,0,0,0,0,0,0,0,0,0,0,0,0,0
P394639,The True Cream Aqua Bomb,belif,4.4841,38.0,Skincare,Moisturizers,54,10,7,37,4.8,2,0,0,0,0,0,0,2,1,2,0,0,0,0,0,0,0
P394624,The True Cream Moisturizing Bomb,belif,4.5631,38.0,Skincare,Moisturizers,54,10,7,37,4.9,2,0,0,0,0,0,0,2,1,2,0,0,0,0,0,0,0
P422905,Moisturizing Eye Bomb with Squalane,belif,4.4641,48.0,Skincare,Eye Care,57,9,6,33,4.2,1,0,0,0,0,0,0,1,1,1,0,0,0,0,0,0,0
P475908,Aqua Bomb Overnight Lip Mask,belif,4.4068,22.0,Skincare,Lip Balms & Treatments,26,3,3,12,3.3,0,0,0,0,0,0,0,0,0,0,0,0,0,0,0,0,0
P462336,Aqua Bomb Cleansing Balm,belif,4.4598,38.0,Skincare,Cleansers,41,2,0,6,4.2,0,0,0,0,0,0,0,0,0,0,0,0,0,0,0,0,0
P471535,Aqua Bomb Brightening Vitamin C Cream,belif,4.4992,45.0,Skincare,Moisturizers,55,10,7,37,4.6,4,0,0,0,1,2,0,1,2,4,0,1,0,1,0,0,2
P449175,Aqua Bomb Hydrating Toner,belif,4.361,30.0,Skincare,Cleansers,45,8,6,30,4.2,1,0,0,1,0,0,0,1,1,1,0,0,0,0,0,0,0
P433443,Aqua Bomb Sleeping Mask,belif,4.5147,38.0,Skincare,Moisturizers,45,7,5,26,3.4,0,0,0,0,0,0,0,0,0,0,0,0,0,0,0,0,0
P444057,Aqua Bomb Jelly Cleanser,belif,4.2943,30.0,Skincare,Cleansers,34,8,7,31,3.8,0,0,1,0,0,0,0,0,1,1,0,0,0,0,0,0,0
P500019,The True Cream - Aqua Bomb Sunscreen Broad Spectrum SPF 50,belif,4.5248,38.0,Skincare,Sunscreen,41,9,7,34,3.4,0,0,0,0,0,0,0,0,0,0,0,0,0,0,0,0,0
P481952,Aqua Bomb Hydrating Body Moisturizer with Niacinamide and Hyaluronic Acid,belif,4.4958,30.0,Bath & Body,Body Moisturizers,53,11,7,40,3.4,0,0,0,0,0,0,0,0,0,0,0,0,0,0,0,0,0
P435801,Aqua Bomb Mist,belif,4.1042,38.0,Skincare,Moisturizers,43,8,6,30,4.3,2,0,1,0,0,0,0,1,1,2,0,0,0,0,0,0,0
P504888,Aqua Bomb Protect & Glow Travel Kit,belif,3.5,27.0,Skincare,Value & Gift Sets,150,20,13,73,3.4,7,0,0,0,1,2,0,3,4,7,0,1,0,1,0,0,2
P504852,Aqua Bomb Everyday Hydration Set,belif,4.2713,38.0,Skincare,Value & Gift Sets,110,16,11,59,4.2,3,0,1,1,0,0,0,3,3,4,0,0,0,0,0,0,0
P290636,Hoola Bronzer,Benefit Cosmetics,4.4756,35.0,Makeup,Cheek,12,1,1,4,4.6,0,0,0,0,0,0,0,0,0,0,0,0,0,0,0,0,0
P264900,The POREfessional Pore Minimizing Primer,Benefit Cosmetics,4.0466,34.0,Makeup,Face,19,3,1,10,2.9,0,0,0,0,0,0,0,0,0,0,0,0,0,0,0,0,0
P289307,They're Real! Lengthening Mascara,Benefit Cosmetics,4.1242,28.0,Makeup,Eye,34,2,2,8,3.9,0,0,1,0,1,1,0,0,2,1,0,1,0,1,0,0,1
P409239,Gimme Brow+ Tinted Volumizing Eyebrow Gel,Benefit Cosmetics,4.3919,26.0,Makeup,Eye,27,2,1,7,4.5,0,0,1,0,0,0,0,0,1,1,0,0,0,0,0,0,0
P408219,"Precisely, My Brow Pencil Waterproof Eyebrow Definer",Benefit Cosmetics,4.5425,25.0,Makeup,Eye,23,2,2,8,4.7,1,0,0,0,0,0,0,1,1,1,0,0,0,0,0,0,0
P392516,Roller Lash Curling & Lifting Mascara,Benefit Cosmetics,4.1559,28.0,Makeup,Eye,28,1,1,4,4.2,0,0,0,0,0,0,0,0,0,0,0,0,0,0,0,0,0
P1272,Benetint Liquid Lip Blush & Cheek Tint,Benefit Cosmetics,4.1869,21.0,Makeup,Cheek,15,6,6,24,3.0,0,0,0,0,0,0,0,0,0,0,0,0,0,0,0,0,0
P408218,Goof Proof Waterproof Easy Shape & Fill Eyebrow Pencil,Benefit Cosmetics,4.3355,25.0,Makeup,Eye,18,1,1,4,4.4,0,0,0,0,0,0,0,0,0,0,0,0,0,0,0,0,0
P440700,Mini Gimme Brow+ Tinted Volumizing Eyebrow Gel,Benefit Cosmetics,4.0832,15.0,Makeup,Eye,28,1,1,4,4.7,0,0,1,0,0,0,0,0,1,1,0,0,0,0,0,0,0
P427517,BADgal BANG! Volumizing Mascara,Benefit Cosmetics,3.7636,28.0,Makeup,Eye,32,2,2,8,2.9,0,0,0,0,0,0,0,0,0,0,0,0,0,0,0,0,0
P409242,24-HR Brow Setter Clear Brow Gel with Lamination Effect,Benefit Cosmetics,4.3455,26.0,Makeup,Eye,11,2,2,8,3.6,0,0,0,0,0,0,0,0,0,0,0,0,0,0,0,0,0
P447375,Cookie and Tickle Powder Highlighters,Benefit Cosmetics,4.7399,35.0,Makeup,Face,27,3,3,12,3.7,0,0,0,0,0,0,0,0,0,0,0,0,0,0,0,0,0
P443327,Great Brow Basics Pencil & Gel Set,Benefit Cosmetics,4.1325,36.0,Makeup,Value & Gift Sets,50,4,3,15,4.4,1,0,1,0,0,0,0,1,2,2,0,0,0,0,0,0,0
P38347,Dandelion Baby-Pink Blush,Benefit Cosmetics,4.4718,18.0,Makeup,Cheek,48,13,12,51,4.8,2,0,0,0,0,1,0,2,2,2,0,0,0,0,0,1,1
P500253,WANDERful World Silky-Soft Powder Blush,Benefit Cosmetics,4.6492,31.0,Makeup,Cheek,50,6,6,24,3.6,0,0,0,0,0,0,0,0,0,0,0,0,0,0,0,0,0
P1273,Boi-ing Industrial Strength Full Coverage Cream Concealer,Benefit Cosmetics,4.1724,24.0,Makeup,Face,23,3,3,12,3.8,1,0,0,0,0,0,0,1,1,1,0,0,0,0,0,0,0
P461925,Brow Microfilling Eyebrow Pen,Benefit Cosmetics,3.2135,25.0,Makeup,Eye,33,3,3,12,2.5,0,0,1,0,0,0,0,0,1,1,0,0,0,0,0,0,0
P450856,Mini 24-HR Brow Setter Clear Brow Gel with Lamination Effect,Benefit Cosmetics,4.3125,15.0,Makeup,Eye,11,2,2,8,3.6,0,0,0,0,0,0,0,0,0,0,0,0,0,0,0,0,0
P448162,Boi-ing Cakeless Full Coverage Waterproof Liquid Concealer,Benefit Cosmetics,4.3136,27.0,Makeup,Face,29,5,3,18,4.0,1,0,1,1,0,1,0,0,0,0,0,0,0,0,0,0,0
P505031,The POREfessional Smooth Sip Lightweight Gel-Cream Moisturizer,Benefit Cosmetics,4.5975,44.0,Skincare,Moisturizers,34,5,3,18,5.5,3,0,1,1,0,0,0,2,3,4,0,0,0,0,0,0,0
P417320,Dandelion Twinkle Highlighter,Benefit Cosmetics,4.1111,35.0,Makeup,Face,33,10,9,39,3.7,1,0,0,0,0,0,0,1,1,1,0,0,0,0,0,0,0
P505023,The POREfessional Deep Retreat Pore-Clearing Clay Mask,Benefit Cosmetics,4.766,39.0,Skincare,Masks,39,4,3,15,5.7,3,0,1,1,0,0,0,2,3,4,0,0,0,0,0,0,0
P505009,The POREfessional Tight ’n Toned Pore-Refining AHA+PHA Toner,Benefit Cosmetics,4.6464,34.0,Skincare,Cleansers,19,6,3,21,5.2,3,2,3,1,2,2,0,1,4,5,0,0,0,1,0,0,1
P440952,Mini Roller Liner Waterproof Liquid Eyeliner,Benefit Cosmetics,3.6819,12.0,Makeup,Eye,28,1,1,4,4.2,0,0,1,0,0,0,0,0,1,1,0,0,0,0,0,0,0
P440951,Roller Liner Waterproof Liquid Eyeliner,Benefit Cosmetics,4.0819,22.0,Makeup,Eye,28,1,1,4,4.7,0,0,1,0,0,0,0,0,1,1,0,0,0,0,0,0,0
P425933,Mini Goof Proof Waterproof Easy Shape & Fill Eyebrow Pencil,Benefit Cosmetics,4.2333,15.0,Makeup,Eye,20,2,2,8,3.5,0,0,0,0,0,0,0,0,0,0,0,0,0,0,0,0,0
P466656,The POREfessional: Super Setter Pore-Minimizing Setting Spray,Benefit Cosmetics,4.5921,33.0,Makeup,Face,17,2,2,8,3.9,0,0,0,0,0,0,0,0,0,0,0,0,0,0,0,0,0
P505024,The POREfessional Get Unblocked Makeup-Removing Cleansing Oil,Benefit Cosmetics,4.6723,39.0,Skincare,Cleansers,15,0,0,0,6.6,1,0,0,1,0,0,0,1,1,1,0,0,0,0,0,0,0
P505054,The POREfessional Speedy Smooth Mask,Benefit Cosmetics,4.7134,39.0,Skincare,Masks,35,2,1,7,6.1,2,0,0,1,0,0,0,2,2,2,0,0,0,0,0,0,0
P505020,The POREfessional Good Cleanup Foaming Cleanser,Benefit Cosmetics,4.6212,29.0,Skincare,Cleansers,25,6,3,21,5.5,2,0,1,1,0,0,0,1,2,3,0,0,0,0,0,0,0
P408312,BROWVO! Conditioning Eyebrow Primer,Benefit Cosmetics,4.1545,28.0,Makeup,Eye,21,3,1,10,3.0,0,0,0,0,0,0,0,0,0,0,0,0,0,0,0,0,0
P474932,POWmade Waterproof Brow Pomade,Benefit Cosmetics,4.6797,23.0,Makeup,Eye,24,2,1,7,4.2,0,0,0,0,0,0,0,0,0,0,0,0,0,0,0,0,0
P482664,They're Real! Xtreme Precision Eye Liner,Benefit Cosmetics,4.5414,24.0,Makeup,Eye,24,3,3,12,3.4,0,0,0,0,0,0,0,0,0,0,0,0,0,0,0,0,0
P469203,They're Real! Magnet Extreme Lengthening Mascara,Benefit Cosmetics,4.166,28.0,Makeup,Eye,36,5,4,19,3.0,0,0,0,0,0,0,0,0,0,0,0,0,0,0,0,0,0
P503681,Fluff Up Brow Flexible Brow-Texturizing Wax,Benefit Cosmetics,4.3003,26.0,Makeup,Eye,24,1,1,4,5.0,1,0,0,0,0,1,0,0,0,1,0,0,0,0,0,0,0
P500840,Gimme Brow+ Volumizing  Fiber Eyebrow Pencil,Benefit Cosmetics,4.3776,25.0,Makeup,Eye,28,3,2,11,4.3,1,0,1,0,0,1,0,0,1,1,0,0,0,0,0,0,0
P475910,High Brow Dual Ended Highlighting Eyebrow Pencil,Benefit Cosmetics,3.9286,25.0,Makeup,Eye,33,2,2,8,3.1,0,0,0,0,0,0,0,0,0,0,0,0,0,0,0,0,0
P469438,Mini They're Real! Magnet Extreme Lengthening Mascara,Benefit Cosmetics,4.1254,15.0,Makeup,Eye,36,5,4,19,3.0,0,0,0,0,0,0,0,0,0,0,0,0,0,0,0,0,0
P501450,Letters to Lashes Mascara Set,Benefit Cosmetics,4.8462,42.0,Makeup,Eye,61,6,5,23,5.2,2,0,1,0,0,1,0,0,1,2,0,0,0,0,0,0,0
P457461,Gimme Brow+ Volumizing Eyebrow Gel Jumbo,Benefit Cosmetics,4.2093,40.0,Makeup,Eye,31,3,3,12,3.9,1,0,0,0,0,0,0,1,1,1,0,0,0,0,0,0,0
P453917,Mini The POREfessional Hydrating Primer,Benefit Cosmetics,3.7234,14.0,Makeup,Face,35,6,3,21,2.5,0,0,0,0,0,0,0,0,0,0,0,0,0,0,0,0,0
P447358,Mini Hello Happy Flawless Brightening Foundation SPF 15,Benefit Cosmetics,3.7407,15.0,Makeup,Face,33,2,2,8,2.9,0,0,0,0,0,0,0,0,0,0,0,0,0,0,0,0,0
P447122,Hello Happy Velvet Powder Foundation,Benefit Cosmetics,2.6667,30.0,Makeup,Face,40,2,1,7,1.6,0,0,0,0,0,1,0,0,0,0,0,0,0,0,0,1,1
P447371,BADgal BANG! 24-Hour Waterproof Eyeliner,Benefit Cosmetics,3.8421,22.0,Makeup,Eye,14,1,0,3,4.0,0,0,0,0,0,0,0,0,0,0,0,0,0,0,0,0,0
P453269,The POREfessional Hydrating Primer,Benefit Cosmetics,4.2353,34.0,Makeup,Face,35,6,3,21,3.1,0,0,0,0,0,0,0,0,0,0,0,0,0,0,0,0,0
P447121,Hello Happy Flawless Brightening Foundation SPF 15,Benefit Cosmetics,3.8846,15.0,Makeup,Face,33,2,2,8,3.1,0,0,0,0,0,0,0,0,0,0,0,0,0,0,0,0,0
P484032,BADgal BANG! Volumizing Waterproof Mascara,Benefit Cosmetics,3.3673,28.0,Makeup,Eye,15,1,1,4,3.2,0,0,0,0,0,0,0,0,0,0,0,0,0,0,0,0,0
P479827,The POREfessional: Lite Primer Water-Based Pore Primer,Benefit Cosmetics,4.1515,34.0,Makeup,Face,20,2,2,8,3.4,0,0,0,0,0,0,0,0,0,0,0,0,0,0,0,0,0
P501435,Gimme Brow Goals Volumizing Brow Gel & Pencil Duo,Benefit Cosmetics,4.0,27.0,Makeup,Value & Gift Sets,47,4,3,15,3.8,1,0,1,0,0,1,0,0,1,1,0,0,0,0,0,0,0
P447368,Hello Happy Flawless Brightening Foundation,Benefit Cosmetics,3.2258,30.0,Makeup,Face,33,2,2,8,2.3,0,0,0,0,0,0,0,0,0,0,0,0,0,0,0,0,0
P504131,BADgal Goodies Volumizing Mascara Value Set,Benefit Cosmetics,3.0,29.0,Makeup,Eye,34,3,3,12,1.6,0,0,0,0,0,0,0,0,0,0,0,0,0,0,0,0,0
P502816,Mascara Power Pair Extreme Lengthening Mascara Set,Benefit Cosmetics,4.2713,27.0,Makeup,Eye,36,5,4,19,2.2,0,0,0,0,0,0,0,0,0,0,0,0,0,0,0,0,0
P504136,Get REAL Duo Lengthening Mascara Value Set,Benefit Cosmetics,4.2713,29.0,Makeup,Eye,32,2,2,8,3.2,0,0,1,0,0,0,0,0,1,1,0,0,0,0,0,0,0
P433887,Squalane + Omega Repair Deep Hydration Moisturizer,Biossance,4.2101,60.0,Skincare,Moisturizers,26,3,2,11,4.7,4,0,0,0,0,1,0,4,4,4,0,0,0,0,0,1,1
P416563,Squalane + Vitamin C Rose Firming Oil,Biossance,4.3483,74.0,Skincare,Moisturizers,7,3,2,11,4.4,1,0,0,0,1,1,0,1,2,1,0,0,0,0,0,0,1
P447210,Squalane + Marine Algae Firming & Lifting Eye Cream,Biossance,4.1436,56.0,Skincare,Eye Care,21,1,0,3,5.8,1,0,1,0,0,2,0,1,2,2,0,0,0,0,0,1,1
P453224,Squalane + 10% Lactic Acid Resurfacing Serum,Biossance,4.3965,65.0,Skincare,Treatments,19,5,3,18,4.9,2,1,1,0,1,1,0,1,2,2,0,0,0,1,0,0,1
P416561,Squalane + Probiotic Balancing Gel Moisturizer,Biossance,4.0924,54.0,Skincare,Moisturizers,27,6,3,21,4.5,6,1,3,3,1,2,0,6,7,7,0,0,0,1,0,0,1
P416562,Squalane + Peptide Brightening & De-Puffing Eye Gel,Biossance,3.6371,56.0,Skincare,Eye Care,32,4,2,14,4.2,2,0,1,1,1,2,0,2,4,3,1,0,0,0,0,0,1
P456410,Squalane + Zinc Sheer Mineral Sunscreen SPF 30 PA +++,Biossance,3.8812,34.0,Skincare,Sunscreen,23,1,0,3,5.5,2,0,0,0,0,1,0,2,2,2,0,0,0,0,0,1,1
P416560,Squalane + Antioxidant Makeup Removing Cleansing Oil,Biossance,4.0203,32.0,Skincare,Cleansers,22,3,2,11,3.6,1,0,0,0,0,0,0,1,1,1,0,0,0,0,0,0,0
P467110,Squalane + 10% Vitamin C Dark Spot Serum,Biossance,4.3465,65.0,Skincare,Treatments,16,3,2,11,5.0,2,0,1,0,0,1,0,1,3,3,0,0,0,0,0,0,1
P471003,Squalane + BHA Pore-Minimizing Toner,Biossance,4.4309,30.0,Skincare,Cleansers,27,3,2,11,4.7,1,0,1,0,0,0,0,1,2,2,0,0,0,0,0,0,0
P474304,Squalane + Amino Aloe Gentle Pore-Minimizing Cleanser,Biossance,4.4072,28.0,Skincare,Cleansers,24,6,5,23,4.7,1,0,1,0,0,0,0,1,2,2,0,0,0,0,0,0,0
P479304,Squalane + Copper Peptide Rapid Plumping Serum,Biossance,4.4721,68.0,Skincare,Treatments,32,2,1,7,6.0,2,0,1,0,0,1,0,2,2,2,0,0,0,0,0,0,0
P416564,100% Sugarcane Squalane Oil,Biossance,4.5336,34.0,Skincare,Moisturizers,1,0,0,0,5.4,0,0,0,0,0,0,0,0,0,0,0,0,0,0,0,0,0
P474022,Squalane + Caffeine Toning Body Cream,Biossance,4.6023,30.0,Bath & Body,Body Moisturizers,19,2,1,7,5.7,2,0,1,1,0,2,0,1,2,2,1,0,0,0,0,1,1
P503642,Squalane + Vitamin C Rose Brightening Moisturizer,Biossance,4.4234,56.0,Skincare,Moisturizers,25,4,3,15,5.1,1,1,2,0,1,1,0,1,3,2,0,0,0,0,0,0,1
P469439,Squalane+ Rose Vegan Lip Balm,Biossance,3.8809,16.0,Skincare,Lip Balms & Treatments,21,1,0,3,5.3,1,0,0,0,1,1,0,1,2,1,0,0,0,0,0,0,1
P462829,Squalane + Elderberry Nourishing Jelly Cleanser,Biossance,3.6441,28.0,Skincare,Cleansers,24,1,0,3,5.6,1,0,2,1,0,0,0,1,2,2,0,0,0,0,0,0,0
P501213,Squalane + Retinol Night Serum,Biossance,4.4742,72.0,Skincare,Treatments,23,2,1,7,5.0,1,2,2,1,2,3,0,2,3,3,0,0,0,2,0,2,2
P483650,Squalane + Enzyme Sugar Body Scrub,Biossance,4.3158,28.0,Bath & Body,Bath & Shower,23,3,2,11,4.0,1,0,0,0,0,0,0,1,1,1,0,0,0,0,0,0,0
P480278,Rapid Radiance Set,Biossance,4.1324,35.0,Skincare,Value & Gift Sets,50,9,6,33,4.0,6,1,2,0,2,4,0,5,8,7,0,0,0,1,0,1,3
P429659,Squalane + Hyaluronic Toning Mist,Biossance,4.2551,32.0,Skincare,Moisturizers,32,9,8,35,5.1,2,0,1,1,0,1,0,1,2,3,0,0,0,0,0,0,0
P484033,Mini Squalane + Vitamin C Rose Firming Oil,Biossance,4.15,40.0,Skincare,Moisturizers,7,3,2,11,4.2,1,0,0,0,1,1,0,1,2,1,0,0,0,0,0,0,1
P480280,Mini Squalane + Omega Repair Deep Hydration Moisturizer,Biossance,3.2333,20.0,Skincare,Moisturizers,26,3,2,11,3.5,4,0,0,0,0,1,0,4,4,4,0,0,0,0,0,1,1
P480279,Radiantly Rose Duo Set,Biossance,3.7,25.0,Skincare,Value & Gift Sets,26,4,2,14,4.2,2,0,0,0,1,1,0,2,3,2,0,0,0,0,0,0,1
P503892,Instant Hydration Set,Biossance,3.6667,74.0,Skincare,Value & Gift Sets,61,5,3,18,4.0,6,0,2,0,0,3,0,6,7,7,0,0,0,0,0,1,1
P377750,Amplified Tubing Mascara,Blinc,3.6518,26.0,Makeup,Eye,27,5,4,19,2.4,0,0,0,0,0,0,0,0,0,0,0,0,0,0,0,0,0
P46017,Original Tubing Mascara,Blinc,4.0287,26.0,Makeup,Eye,14,3,3,12,2.8,0,0,0,0,0,0,0,0,0,0,0,0,0,0,0,0,0
P385531,Lash Primer,Blinc,4.0167,26.0,Makeup,Eye,33,1,1,4,4.8,1,0,0,0,0,0,0,1,1,1,0,0,0,0,0,0,0
P501265,Lash Extension Tubing Mascara,Blinc,3.7941,26.0,Makeup,Eye,17,2,2,8,3.0,0,0,0,0,0,0,0,0,0,0,0,0,0,0,0,0,0
P471004,UltraVolume Tubing Mascara,Blinc,3.3794,26.0,Makeup,Eye,18,3,3,12,2.1,0,0,0,0,0,0,0,0,0,0,0,0,0,0,0,0,0
P270594,Vitamin Enriched Face Base Priming Moisturizer,Bobbi Brown,4.6058,66.0,Skincare,Moisturizers,34,9,6,33,4.5,1,0,0,0,0,1,0,1,2,1,0,0,0,0,0,0,1
P378145,Long-Wear Cream Eyeshadow Stick,Bobbi Brown,4.6703,32.0,Makeup,Eye,32,1,0,3,6.4,1,0,1,0,0,1,0,1,2,2,0,0,0,0,0,0,1
P270539,Long-Wear Gel Eyeliner,Bobbi Brown,4.2431,32.0,Makeup,Eye,25,1,0,3,5.3,1,0,0,0,0,0,0,1,1,1,0,0,0,0,0,0,0
P270555,Under Eye Corrector,Bobbi Brown,4.4694,33.0,Makeup,Face,22,1,0,3,6.0,1,0,0,0,1,1,0,1,2,1,0,0,0,0,0,0,1
P401602,Highlighting Powder,Bobbi Brown,4.5736,52.0,Makeup,Face,26,1,0,3,6.1,2,0,0,0,0,1,0,1,1,1,0,0,0,0,0,0,0
P427430,Skin Long-Wear Weightless Foundation SPF 15,Bobbi Brown,4.4647,52.0,Makeup,Face,31,4,4,16,4.8,1,0,1,0,0,1,0,1,2,2,0,0,0,0,0,0,1
P270549,Skin Foundation Stick,Bobbi Brown,4.1852,52.0,Makeup,Face,19,2,1,7,4.4,1,0,0,0,0,0,0,1,1,1,0,0,0,0,0,0,0
P422224,Crushed Lip Color,Bobbi Brown,4.4059,32.0,Makeup,Lip,35,5,5,20,3.3,0,0,0,0,0,1,0,0,0,0,0,0,0,0,0,0,1
P400625,Luxe Lipstick,Bobbi Brown,4.4961,40.0,Makeup,Lip,47,0,0,0,5.6,0,0,0,0,0,2,0,0,0,0,0,0,0,0,0,0,1
P439913,Crushed Liquid Lipstick,Bobbi Brown,4.4202,32.0,Makeup,Lip,36,2,2,8,4.5,1,0,0,0,0,0,0,1,1,1,0,0,0,0,0,0,0
P270545,Shimmer Brick Highlighter,Bobbi Brown,4.4031,52.0,Makeup,Face,36,2,2,8,3.7,0,0,0,0,1,1,0,0,1,0,0,1,0,1,0,0,1
P270548,Bronzer,Bobbi Brown,4.6209,46.0,Makeup,Cheek,25,1,1,4,4.7,0,0,0,0,0,1,0,0,0,0,0,0,0,0,0,0,1
P404241,Extra Lip Tint,Bobbi Brown,4.3542,35.0,Makeup,Lip,47,4,3,15,4.0,1,0,0,0,0,1,0,1,1,1,0,0,0,0,0,0,1
P454116,Crushed Oil-Infused Gloss,Bobbi Brown,4.7558,32.0,Makeup,Lip,43,3,3,12,4.9,1,0,0,0,1,1,0,1,2,1,0,0,0,0,0,0,1
P270551,Skin Foundation SPF 15,Bobbi Brown,4.0718,52.0,Makeup,Face,2,0,0,0,4.9,0,0,0,0,0,0,0,0,0,0,0,0,0,0,0,0,0
P270540,Sheer Finish Pressed Setting Powder,Bobbi Brown,4.5382,46.0,Makeup,Face,20,1,1,4,4.6,0,0,0,0,0,0,0,0,0,0,0,0,0,0,0,0,0
P480282,Skin Corrector Stick,Bobbi Brown,4.7367,33.0,Makeup,Face,19,0,0,0,6.5,1,0,0,0,0,0,0,1,1,1,0,0,0,0,0,0,0
P385586,Perfectly Defined Gel Eyeliner,Bobbi Brown,4.0047,32.0,Makeup,Eye,32,3,2,11,4.0,0,1,2,1,1,1,0,0,1,0,0,0,0,0,0,0,1
P434383,Luxe Matte Lipstick,Bobbi Brown,4.2719,38.0,Makeup,Lip,29,0,0,0,5.1,0,0,0,0,0,0,0,0,0,0,0,0,0,0,0,0,0
P382581,Smokey Eye Mascara,Bobbi Brown,4.3333,34.0,Makeup,Eye,35,3,3,12,4.0,1,0,0,0,0,0,0,1,1,1,0,0,0,0,0,0,0
P270544,Hydrating Eye Cream,Bobbi Brown,4.099,58.0,Skincare,Eye Care,32,4,3,15,4.7,7,0,0,0,0,3,0,4,3,7,0,0,0,0,0,0,1
P480281,Skin Concealer Stick,Bobbi Brown,4.6413,33.0,Makeup,Face,19,0,0,0,6.4,1,0,0,0,0,0,0,1,1,1,0,0,0,0,0,0,0
P501412,Skin Full Cover Concealer,Bobbi Brown,4.6893,33.0,Makeup,Face,42,4,3,15,5.2,3,0,0,0,0,0,0,1,1,3,0,0,0,0,0,0,0
P420900,Instant Full Cover Concealer,Bobbi Brown,3.4195,32.0,Makeup,Face,26,0,0,0,4.1,0,0,0,0,0,1,0,0,0,0,0,0,0,0,0,0,1
P503555,Mini Out All-Night Long-Wear Cream Eyeshadow Stick Set,Bobbi Brown,4.4,30.0,Makeup,Eye,50,1,0,3,6.1,1,0,1,0,0,1,0,1,2,2,0,0,0,0,0,0,1
P445416,Vitamin Enriched Face Base & Skin Long Wear Foundation Customizable Set,Bobbi Brown,4.0,72.0,Makeup,Face,60,12,9,45,4.4,2,0,1,0,0,2,0,2,4,3,0,0,0,0,0,0,2
P465745,Intensive Serum Foundation SPF 40,Bobbi Brown,4.4383,75.0,Makeup,Face,57,5,4,19,4.3,2,0,0,1,0,0,0,0,0,2,0,0,0,0,0,0,0
P462339,Vitamin Enriched Eye Base,Bobbi Brown,4.639,58.0,Skincare,Eye Care,52,7,6,27,4.6,3,0,0,1,2,5,0,2,5,2,1,1,0,1,0,1,4
P270543,Hydrating Face Cream Moisturizer,Bobbi Brown,4.2188,66.0,Skincare,Moisturizers,48,5,4,19,5.1,8,0,1,1,0,3,0,4,4,8,1,0,0,0,0,0,0
P455195,Skin Long-Wear Fluid Powder Foundation SPF 20,Bobbi Brown,3.8099,40.0,Makeup,Face,55,3,3,12,4.6,12,0,1,4,0,5,0,3,1,12,0,0,0,0,0,0,0
P388664,Skin Weightless Powder Foundation,Bobbi Brown,3.8897,52.0,Makeup,Face,35,2,1,7,4.1,1,0,0,0,0,0,0,1,1,1,0,0,0,0,0,0,0
P392648,Extra Illuminating Moisture Balm,Bobbi Brown,3.3697,74.0,Skincare,Moisturizers,58,9,6,33,4.0,2,0,0,1,0,0,0,2,2,2,1,0,0,0,0,0,0
P432842,Primer Plus Mattifier,Bobbi Brown,4.3692,42.0,Makeup,Face,30,5,4,19,3.2,0,0,0,0,0,0,0,0,0,0,0,0,0,0,0,0,0
P383334,No Smudge Mascara,Bobbi Brown,3.9298,34.0,Makeup,Eye,33,0,0,0,5.3,1,0,0,0,0,0,0,1,0,1,0,0,0,0,0,0,0
P504216,Extra Plump Hydrating Lip Serum,Bobbi Brown,3.7778,35.0,Makeup,Lip,71,3,1,10,3.9,3,1,1,1,2,5,0,1,1,3,0,0,0,1,0,0,2
P403974,Eye Opening Mascara,Bobbi Brown,3.2847,34.0,Makeup,Eye,40,4,4,16,2.7,1,0,0,0,0,0,0,1,1,1,0,0,0,0,0,0,0
P502815,Extra Lip Tint Duo Set,Bobbi Brown,4.2,34.0,Makeup,Lip,47,4,3,15,3.8,1,0,0,0,0,1,0,1,1,1,0,0,0,0,0,0,1
P500606,Crushed Oil-Infused Gloss Shimmer,Bobbi Brown,3.6667,32.0,Makeup,Lip,45,4,3,15,3.6,1,0,0,0,1,1,0,1,2,1,0,0,0,0,0,0,1
P446518,Soothing Face Cleanser Oil,Bobbi Brown,4.4063,53.0,Skincare,Cleansers,38,2,1,7,4.9,1,0,0,1,0,0,0,1,1,1,0,0,0,0,0,0,0
P468634,Vitamin Enriched Face Base Jumbo,Bobbi Brown,4.84,99.0,Skincare,Moisturizers,34,9,6,33,4.8,1,0,0,0,0,1,0,1,2,1,0,0,0,0,0,0,1
P481954,Check Your Bases Vitamin Enriched Face Base Set,Bobbi Brown,4.2713,92.0,Makeup,Value & Gift Sets,34,9,6,33,3.2,1,0,0,0,0,1,0,1,2,1,0,0,0,0,0,0,1
P455332,Hydrating Water Fresh Cream Moisturizer,Bobbi Brown,4.3333,66.0,Skincare,Moisturizers,40,2,2,8,5.6,4,0,2,1,0,1,0,1,2,4,0,0,0,0,0,0,0
P270600,Extra Eye Repair Cream Intense,Bobbi Brown,3.3636,86.0,Skincare,Eye Care,56,8,6,30,4.0,7,0,0,2,1,3,0,3,2,5,1,0,0,0,0,0,0
P503887,Long-Wear Cream Eyeshadow Stick Limited Edition,Bobbi Brown,4.3333,32.0,Makeup,Eye,32,1,0,3,6.0,1,0,1,0,0,1,0,1,2,2,0,0,0,0,0,0,1
P474024,Micro Waterproof Eyebrow Pencil,Bobbi Brown,3.6667,35.0,Makeup,Eye,25,0,0,0,4.4,0,0,0,0,0,0,0,0,0,0,0,0,0,0,0,0,0
P504452,Mini Must Haves Skincare Set,Bobbi Brown,3.4286,25.0,Skincare,Mini Size,99,10,7,37,3.1,3,0,0,1,2,6,0,2,5,2,1,1,0,1,0,1,5
P395507,Extra Repair Moisture Cream,Bobbi Brown,4.5,110.0,Skincare,Moisturizers,62,10,8,38,5.2,6,0,1,2,2,3,0,4,5,6,1,0,0,0,0,0,1
P504080,Limited Edition Lunar New Year Sheer Finish Pressed Powder,Bobbi Brown,5.0,46.0,Makeup,Face,20,1,1,4,5.2,0,0,0,0,0,0,0,0,0,0,0,0,0,0,0,0,0
P174213,Full-On Plumping Lip Polish Gloss,Buxom,4.625,25.0,Makeup,Lip,3,0,0,0,5.5,0,0,0,0,0,0,0,0,0,0,0,0,0,0,0,0,0
P305132,Full-On Plumping Lip Cream Gloss,Buxom,4.6163,25.0,Makeup,Lip,38,2,2,8,3.9,0,0,0,0,0,2,0,0,0,0,0,0,0,0,0,1,1
P420163,Power-full Plump Lip Balm,Buxom,3.6285,19.0,Makeup,Lip,20,1,0,3,5.4,1,1,2,0,1,2,0,0,2,2,0,0,0,1,0,0,1
P228204,Lash Volumizing Mascara,Buxom,4.3517,25.0,Makeup,Eye,32,4,3,15,5.0,2,0,0,1,0,0,0,2,2,2,0,0,0,0,0,0,0
P374159,Lash Waterproof Volumizing Mascara,Buxom,4.1036,25.0,Makeup,Eye,16,1,0,3,4.3,0,0,0,0,0,0,0,0,0,0,0,0,0,0,0,0,0
P471224,Plump Shot Collagen-Infused Lip Serum Plumper,Buxom,4.2051,28.0,Makeup,Lip,31,2,1,7,5.0,1,1,1,0,1,3,0,0,1,1,0,0,0,1,0,0,1
P473265,Power Line Plumping Lip Liner,Buxom,4.0909,21.0,Makeup,Lip,25,1,1,4,4.3,0,0,0,0,0,1,0,0,0,0,0,0,0,0,0,0,0
P481959,Wake the F*ck Up Deodorant,By Rosie Jane,3.9773,15.0,Bath & Body,Body Care,9,0,0,0,4.8,0,0,0,0,0,0,0,0,0,0,0,0,0,0,0,0,0
P479736,Wake the F*ck Up Everyday Body Wash,By Rosie Jane,4.125,25.0,Bath & Body,Bath & Shower,30,1,1,4,4.8,0,0,1,0,0,0,0,0,1,1,0,0,0,0,0,0,0
P479697,Calm the F*ck Down Everyday Body Wash,By Rosie Jane,3.7333,25.0,Bath & Body,Bath & Shower,30,1,1,4,4.3,0,0,1,0,0,0,0,0,1,1,0,0,0,0,0,0,0
P503633,Calm the F*ck Down Everyday Essentials Set,By Rosie Jane,3.6667,35.0,Bath & Body,Value & Gift Sets,46,1,1,4,4.2,0,0,1,0,0,0,0,0,1,1,0,0,0,0,0,0,0
P463424,Leila Lou Hydrating Body Oil,By Rosie Jane,3.75,40.0,Bath & Body,Body Moisturizers,6,0,0,0,4.5,0,0,0,0,0,0,0,0,0,0,0,0,0,0,0,0,0
P501144,Wake the F*ck Up Body Oil,By Rosie Jane,4.5,40.0,Bath & Body,Body Moisturizers,10,2,0,6,4.2,0,0,0,0,0,0,0,0,0,0,0,0,0,0,0,0,0
P479731,Rosie Everyday Body Wash,By Rosie Jane,4.1,25.0,Bath & Body,Bath & Shower,30,1,1,4,4.7,0,0,1,0,0,0,0,0,1,1,0,0,0,0,0,0,0
P501139,Calm the F*ck Down Body Oil,By Rosie Jane,3.5,40.0,Bath & Body,Body Moisturizers,9,0,0,0,4.2,0,0,0,0,0,0,0,0,0,0,0,0,0,0,0,0,0
P501066,Calm the F*ck Down Deodorant,By Rosie Jane,3.0,15.0,Bath & Body,Body Care,9,0,0,0,3.6,0,0,0,0,0,0,0,0,0,0,0,0,0,0,0,0,0
P463425,James Hydrating Body Oil,By Rosie Jane,3.3333,40.0,Bath & Body,Body Moisturizers,6,0,0,0,4.0,0,0,0,0,0,0,0,0,0,0,0,0,0,0,0,0,0
P504811,Rosie Everyday Body Oil,By Rosie Jane,4.0,40.0,Bath & Body,Body Moisturizers,5,0,0,0,4.8,0,0,0,0,0,0,0,0,0,0,0,0,0,0,0,0,0
P501569,SO Blown Blurring Collagen Peptide Primer,caliray,4.4773,36.0,Makeup,Face,33,7,7,28,3.4,0,0,0,0,0,0,0,0,0,0,0,0,0,0,0,0,0
P480580,Glazed and Infused No Burn Plumping Lip Gloss,caliray,4.3937,19.0,Makeup,Lip,21,1,0,3,5.9,1,1,1,0,1,2,0,0,1,1,0,0,0,1,0,0,1
P479308,Come Hell or High Water Volumizing Tubing Mascara,caliray,4.2535,24.0,Makeup,Eye,20,5,4,19,3.5,1,0,0,0,0,0,0,0,0,1,0,0,0,0,0,0,0
P480579,Freedreaming Clean Blurring Skin Tint,caliray,4.2713,40.0,Makeup,Face,30,3,2,11,3.9,0,0,1,1,0,1,0,0,1,1,0,0,0,0,0,0,1
P479309,Mini Come Hell or High Water Volumizing Tubing Mascara,caliray,3.8221,13.0,Makeup,Eye,20,5,4,19,3.0,1,0,0,0,0,0,0,0,0,1,0,0,0,0,0,0,0
P504293,Surfproof Hydrating Setting Spray with Niacinamide,caliray,4.8189,35.0,Makeup,Face,23,6,5,23,3.8,0,0,0,0,0,0,0,0,0,0,0,0,0,0,0,0,0
P479835,Surfproof Easy Glider Eye Definer Waterproof Eyeliner Pencil,caliray,4.1921,20.0,Makeup,Eye,18,0,0,0,5.0,0,0,0,0,0,0,0,0,0,0,0,0,0,0,0,0,0
P500246,Just Add Rays Universal Translucent Glow Booster Drops,caliray,4.3563,34.0,Makeup,Face,18,4,3,15,3.2,0,0,0,0,0,0,0,0,0,0,0,0,0,0,0,0,0
P503176,Party Wave Mascara & Eyeliner Set,caliray,4.6667,30.0,Makeup,Eye,37,5,4,19,4.0,1,0,0,0,0,0,0,0,0,1,0,0,0,0,0,0,0
P504288,Get Lit Skin and Mood Boosting Supplement,caliray,4.5,48.0,Skincare,Wellness,15,0,0,0,5.4,0,0,0,0,0,0,0,0,0,0,0,0,0,0,0,0,0
P503922,Hi! Light Radiant Glow Highlighter,caliray,4.88,30.0,Makeup,Face,20,1,0,3,6.1,1,0,0,0,0,0,0,1,1,1,0,0,0,0,0,0,0
P504896,Endless Sunset Face and Eyeshadow Talc-Free Palette,caliray,4.8333,48.0,Makeup,Makeup Palettes,24,0,0,0,5.8,0,0,0,0,1,1,0,0,1,0,0,1,0,1,0,0,1
P459003,Mini Volcano Hand Lotion Cream,Capri Blue,4.0,14.0,Bath & Body,Body Moisturizers,15,2,2,8,3.2,0,0,0,0,0,0,0,0,0,0,0,0,0,0,0,0,0
P481817,"Beauty Elixir Prep, Set, Glow Face Mist",Caudalie,4.2396,49.0,Skincare,Moisturizers,22,7,7,28,3.1,0,0,0,0,0,0,0,0,0,0,0,0,0,0,0,0,0
P94421,Vinoperfect Radiance Dark Spot Serum Vitamin C Alternative,Caudalie,4.2442,82.0,Skincare,Treatments,19,3,2,11,5.1,2,0,1,1,0,0,0,2,3,3,0,0,0,0,0,0,0
P472454,Vinosource-Hydra Moisturizing Sorbet,Caudalie,4.2202,38.0,Skincare,Moisturizers,38,3,3,12,5.1,2,0,1,0,0,1,0,1,2,3,0,0,0,0,0,0,0
P12045,Grape Water Moisturizing Face Mist,Caudalie,4.4431,12.0,Skincare,Moisturizers,3,0,0,0,5.3,0,0,0,0,0,0,0,0,0,0,0,0,0,0,0,0,0
P474938,Vinopure Natural Salicylic Acid Pore Minimizing Serum,Caudalie,4.3375,52.0,Skincare,Treatments,23,7,7,28,3.4,0,1,1,1,1,0,0,0,1,0,0,1,0,1,0,1,1
P395615,Pore Minimizing Instant Detox Mask,Caudalie,4.5015,42.0,Skincare,Masks,35,6,5,23,5.0,3,1,2,0,1,2,0,0,2,3,0,0,0,1,0,0,1
P152203,Hand and Nail Cream,Caudalie,4.5379,16.0,Bath & Body,Body Moisturizers,33,5,5,20,3.4,0,0,0,0,0,1,0,0,0,0,0,0,0,0,0,0,1
P474937,Vinopure Pore Purifying Gel Cleanser,Caudalie,4.4615,30.0,Skincare,Cleansers,25,5,5,20,4.2,0,1,2,1,1,0,0,0,2,1,0,1,0,1,0,1,1
P471226,Vinoperfect Instant Brightening Moisturizer with Niacinamide,Caudalie,4.3969,65.0,Skincare,Moisturizers,28,3,2,11,5.3,3,0,1,1,0,0,0,2,3,4,0,0,0,0,0,0,0
P381020,Vinoclean Cleansing Micellar Water,Caudalie,4.009,30.0,Skincare,Cleansers,15,1,1,4,4.6,0,0,1,0,0,0,0,0,1,1,0,0,0,0,0,0,0
P420224,Vinoperfect Brightening Glycolic Essence,Caudalie,4.2692,59.0,Skincare,Moisturizers,18,4,4,16,4.7,1,1,2,0,1,2,0,0,2,3,0,0,0,1,0,0,1
P472453,Vinosource-Hydra SOS Intense Hydration Moisturizer,Caudalie,4.0697,45.0,Skincare,Moisturizers,33,2,1,7,4.9,1,0,1,0,0,0,0,1,2,2,0,0,0,0,0,0,0
P474939,Vinopure Natural Salicylic Acid Pore Minimizing Toner,Caudalie,4.0414,30.0,Skincare,Cleansers,23,6,6,24,4.0,1,1,2,1,1,1,0,0,2,2,0,1,0,1,0,1,1
P468637,Vinoclean Makeup Removing Cleansing Oil,Caudalie,4.3098,30.0,Skincare,Cleansers,8,0,0,0,5.2,0,0,0,0,0,0,0,0,0,0,0,0,0,0,0,0,0
P480285,Premier Cru Dark Circle Correcting Eye Cream,Caudalie,4.6139,85.0,Skincare,Eye Care,36,2,1,7,6.1,3,0,1,1,0,1,0,3,2,2,0,0,0,0,0,0,0
P466114,Resveratrol Lift Instant Firming Retinol Alternative Serum,Caudalie,4.5722,84.0,Skincare,Treatments,28,6,5,23,5.3,2,0,1,1,0,1,0,2,1,1,0,0,0,0,0,0,0
P467750,Resveratrol Lift Retinol Alternative Firming Cashmere Moisturizer,Caudalie,4.6567,69.0,Skincare,Moisturizers,42,6,6,24,5.6,2,0,2,1,0,1,0,2,2,2,0,0,0,0,0,0,0
P458757,Vinosculpt Lift & Firm Body Cream,Caudalie,4.3009,45.0,Bath & Body,Body Care,33,6,6,24,3.8,0,0,1,0,0,0,0,0,1,1,0,0,0,0,0,0,0
P480160,Premier Cru Anti Aging Cream Moisturizer with Hyaluronic Acid,Caudalie,4.6379,129.0,Skincare,Moisturizers,34,4,4,16,4.6,1,0,1,1,0,1,0,1,0,0,0,0,0,0,0,0,0
P471227,Vinoperfect Brightening Glycolic Night Cream,Caudalie,4.4667,69.0,Skincare,Moisturizers,38,7,6,27,5.0,4,1,1,1,1,3,0,2,3,4,0,0,0,1,0,0,1
P6028,Gentle Buffing Cream,Caudalie,4.3051,35.0,Skincare,Cleansers,30,5,5,20,4.0,1,0,0,0,0,0,0,1,1,1,0,0,0,0,0,0,0
P480284,Premier Cru Anti-Aging Serum with Niacinamide and Hyaluronic Acid,Caudalie,4.75,139.0,Skincare,Treatments,27,5,5,20,4.7,1,0,1,1,0,1,0,1,0,0,0,0,0,0,0,0,0
P471009,Vinoperfect Brightening Glycolic Peel Mask,Caudalie,4.5365,42.0,Skincare,Masks,41,9,5,32,4.4,5,3,4,1,2,4,0,2,6,6,0,0,0,2,0,0,3
P472455,Vinosource-Hydra SOS Hydrating Hyaluronic Acid Serum,Caudalie,4.6614,52.0,Skincare,Treatments,23,3,2,11,5.0,1,0,1,0,0,0,0,1,2,2,0,0,0,0,0,0,0
P471541,Vinosource-Hydra Grape Water Gel Moisturizer,Caudalie,4.2432,45.0,Skincare,Moisturizers,26,3,2,11,4.5,1,0,1,0,0,0,0,1,2,2,0,0,0,0,0,0,0
P468813,Vinoclean Moisturizing Toner with Rose Water,Caudalie,4.3352,30.0,Skincare,Cleansers,14,1,1,4,5.4,1,0,1,0,0,0,0,0,1,2,0,0,0,0,0,0,0
P469444,Vinoclean Gentle Cleansing Almond Milk,Caudalie,4.3523,30.0,Skincare,Cleansers,24,2,2,8,3.6,0,0,0,0,0,0,0,0,0,0,0,0,0,0,0,0,0
P467748,Resveratrol Lift Firming Eye Gel-Cream,Caudalie,4.3333,62.0,Skincare,Eye Care,28,3,3,12,4.2,1,0,1,1,0,1,0,1,0,0,0,0,0,0,0,0,0
P503657,Premier Cru Skin Barrier Rich Moisturizer with Bio-Ceramides,Caudalie,4.5665,129.0,Skincare,Moisturizers,36,5,5,20,4.9,2,0,1,1,0,1,0,1,0,1,0,0,0,0,0,0,0
P467749,Resveratrol Lift Retinol Alternative Firming Night Moisturizer,Caudalie,4.407,72.0,Skincare,Moisturizers,37,6,5,23,5.3,2,0,2,1,0,1,0,2,2,2,0,0,0,0,0,0,0
P472451,Vinosource-Hydra Moisturizing Mask,Caudalie,4.764,42.0,Skincare,Masks,28,5,4,19,4.3,0,0,1,0,0,0,0,0,1,1,0,0,0,0,0,0,0
P470007,Vinoclean Gentle Foam Cleanser,Caudalie,4.1753,30.0,Skincare,Cleansers,18,1,1,4,4.8,0,0,1,0,0,0,0,0,1,1,0,0,0,0,0,0,0
P478239,Vinopure Purifying Clay Mask,Caudalie,4.6319,42.0,Skincare,Masks,23,5,5,20,5.0,0,1,2,1,0,1,0,0,1,1,0,0,0,0,0,0,0
P474936,Vinopure Oil-Control Moisturizer for Acne Prone Skin,Caudalie,4.3885,38.0,Skincare,Moisturizers,41,8,6,30,4.7,1,0,1,0,0,0,0,1,2,2,0,0,0,0,0,0,0
P472452,Vinofresh Natural Aluminum-Free Deodorant,Caudalie,3.7222,16.0,Bath & Body,Body Care,17,2,2,8,3.5,0,0,1,0,0,0,0,0,1,1,0,0,0,0,0,0,0
P481386,Moisturizing Vegan Body Butter,Caudalie,4.5449,38.0,Bath & Body,Body Moisturizers,25,2,2,8,4.9,1,0,1,0,0,0,0,0,1,2,0,0,0,0,0,0,0
P500016,Deep Exfoliating Cleanser,Caudalie,4.6923,38.0,Skincare,Cleansers,24,3,3,12,4.2,0,0,1,0,0,0,0,0,1,1,0,0,0,0,0,0,0
P503655,Mini Grape Water Moisturizing Face Mist,Caudalie,4.125,12.0,Skincare,Moisturizers,3,0,0,0,5.0,0,0,0,0,0,0,0,0,0,0,0,0,0,0,0,0,0
P504881,Vinoperfect  Brightening Solution Set,Caudalie,5.0,82.0,Skincare,Value & Gift Sets,45,7,6,27,5.6,4,1,2,1,1,2,0,2,4,6,0,0,0,1,0,0,1
P504848,Resveratrol-Lift Ultimate Firming Set,Caudalie,4.25,84.0,Skincare,Value & Gift Sets,62,9,8,35,5.1,3,0,2,1,0,1,0,3,3,3,0,0,0,0,0,0,0
P504850,Premier Cru Fine Lines and Wrinkles Anti-Aging Set,Caudalie,4.0,139.0,Skincare,Value & Gift Sets,61,8,7,31,4.8,3,0,1,1,0,1,0,3,2,2,0,0,0,0,0,0,0
P481366,Isle Glow Face Moisturizer SPF 45 with Sea Moss and Niacinamide,CAY SKIN,4.2896,34.0,Skincare,Sunscreen,52,7,5,26,3.5,1,0,0,0,0,0,0,0,0,1,0,0,0,0,0,0,0
P481367,Isle Lip Balm SPF 30 with Sea Moss and Aloe Stem Cells,CAY SKIN,4.0814,14.0,Skincare,Lip Balms & Treatments,19,1,1,4,4.1,0,0,0,0,0,0,0,0,0,0,0,0,0,0,0,0,0
P501587,Deepwater Nourishing Lip Mask with Sea Moss and Aloe Stem Cells,CAY SKIN,4.5818,22.0,Skincare,Lip Balms & Treatments,31,0,0,0,6.9,0,1,2,0,1,1,0,0,2,2,0,0,0,1,0,0,1
P500399,Isle Glow Body Lotion SPF 45 with Sea Moss and Cocoa Seed Butter,CAY SKIN,4.617,38.0,Skincare,Sunscreen,42,2,1,7,4.1,1,0,0,0,0,0,2,0,0,1,0,0,0,2,0,2,0
P501577,Deepwater Hydrating & Soothing Body Crème with Sea Moss & Niacinamide,CAY SKIN,4.9,28.0,Bath & Body,Body Moisturizers,48,3,0,9,5.1,0,0,0,2,0,1,0,1,0,0,1,0,0,0,0,0,0
P500287,Isle Body Oil SPF 30 with Sea Moss and Squalane,CAY SKIN,4.6,32.0,Skincare,Sunscreen,43,3,1,10,5.3,2,0,1,0,0,1,0,1,2,2,0,0,0,0,0,0,0
P249815,COCO MADEMOISELLE Moisturizing Body Lotion,CHANEL,4.5,62.0,Bath & Body,Body Moisturizers,43,10,9,39,4.6,3,0,1,0,1,3,0,1,3,3,0,1,0,1,0,0,2
P383438,BLEU DE CHANEL Deodorant Stick,CHANEL,4.2581,40.0,Bath & Body,Body Care,14,7,7,28,3.1,0,0,0,0,0,0,0,0,0,0,0,0,0,0,0,0,0
P20375,COCO MADEMOISELLE Foaming Shower Gel,CHANEL,4.4667,62.0,Bath & Body,Bath & Shower,29,12,11,47,3.6,0,0,1,0,0,0,3,0,1,1,0,0,0,3,0,3,0
P168609,PLATINUM ÉGOÏSTE Deodorant Stick,CHANEL,4.4615,40.0,Bath & Body,Body Care,20,9,9,36,3.4,0,0,0,0,0,0,0,0,0,0,0,0,0,0,0,0,0
P447142,Bleu de Chanel 2 in 1 Moisturizer,CHANEL,3.0,68.0,Bath & Body,Body Moisturizers,29,8,7,31,3.4,2,0,1,0,0,0,0,1,2,3,0,0,0,0,0,0,0
P473115,BLEU DE CHANEL All-over Spray,CHANEL,4.2713,96.0,Bath & Body,Body Care,11,6,6,24,2.2,0,0,0,0,0,0,0,0,0,0,0,0,0,0,0,0,0
P434104,Hollywood Flawless Filter,Charlotte Tilbury,4.3332,49.0,Makeup,Face,21,2,1,7,4.6,1,0,0,0,0,0,0,1,1,1,0,0,0,0,0,0,0
P433526,Airbrush Flawless Finish Setting Powder,Charlotte Tilbury,4.1738,48.0,Makeup,Face,26,1,1,4,4.2,0,0,0,0,0,0,0,0,0,0,0,0,0,0,0,0,0
P444154,Beauty Highlighter Wand,Charlotte Tilbury,3.6491,42.0,Makeup,Face,22,1,1,4,3.6,0,0,0,0,0,0,0,0,0,0,0,0,0,0,0,0,0
P433516,Lip Cheat Lip Liner,Charlotte Tilbury,4.399,25.0,Makeup,Lip,31,0,0,0,5.3,0,0,0,0,0,0,0,0,0,0,0,0,0,0,0,0,0
P458268,Mini Pillow Talk Lipstick & Liner Set,Charlotte Tilbury,3.4859,25.0,Makeup,Mini Size,43,1,0,3,3.6,0,0,0,0,0,1,0,0,0,0,0,0,0,0,0,0,1
P434002,Hollywood Contour Wand,Charlotte Tilbury,3.7815,42.0,Makeup,Face,23,2,1,7,3.1,0,0,0,0,0,0,0,0,0,0,0,0,0,0,0,0,0
P433530,Matte Revolution Lipstick,Charlotte Tilbury,4.3527,35.0,Makeup,Lip,31,0,0,0,5.2,0,0,0,0,0,0,0,0,0,0,0,0,0,0,0,0,0
P448869,Airbrush Flawless Longwear Foundation,Charlotte Tilbury,3.7697,49.0,Makeup,Face,33,6,5,23,3.3,1,0,0,0,0,2,0,0,0,1,0,0,0,0,0,0,0
P461147,Airbrush Flawless Setting Spray,Charlotte Tilbury,4.4026,38.0,Makeup,Face,19,2,1,7,4.5,0,0,1,0,0,0,0,0,1,1,0,0,0,0,0,0,0
P433523,Luxury Eyeshadow Palette,Charlotte Tilbury,3.9373,55.0,Makeup,Eye,40,1,1,4,3.9,0,0,0,0,1,1,0,0,1,0,0,1,0,1,0,0,1
P467754,Mini Airbrush Flawless Finish Setting Powder,Charlotte Tilbury,3.7475,28.0,Makeup,Mini Size,20,1,1,4,3.7,0,0,0,0,0,0,0,0,0,0,0,0,0,0,0,0,0
P434101,Eyes To Mesmerize Cream Eyeshadow,Charlotte Tilbury,4.4094,35.0,Makeup,Eye,32,3,2,11,3.3,0,0,0,0,0,1,0,0,0,0,0,0,0,0,0,0,1
P433520,Magic Cream Moisturizer with Hyaluronic Acid,Charlotte Tilbury,4.4045,100.0,Skincare,Moisturizers,50,6,5,23,4.5,1,0,1,1,1,5,0,1,2,2,0,1,0,1,0,0,2
P461148,Mini Airbrush Flawless Setting Spray,Charlotte Tilbury,4.2684,23.0,Makeup,Mini Size,19,2,1,7,4.3,0,0,1,0,0,0,0,0,1,1,0,0,0,0,0,0,0
P480286,Beautiful Skin Medium Coverage Liquid Foundation with Hyaluronic Acid,Charlotte Tilbury,3.835,49.0,Makeup,Face,36,3,2,11,2.6,0,0,0,0,0,0,0,0,0,0,0,0,0,0,0,0,0
P459144,Airbrush Matte Bronzer,Charlotte Tilbury,4.0976,58.0,Makeup,Cheek,15,1,1,4,4.1,0,0,0,0,0,0,0,0,0,0,0,0,0,0,0,0,0
P433527,Cheek To Chic Blush,Charlotte Tilbury,3.9104,42.0,Makeup,Cheek,19,1,1,4,3.9,0,0,0,0,0,0,0,0,0,0,0,0,0,0,0,0,0
P446609,Hot Lips Lipstick 2,Charlotte Tilbury,4.2977,38.0,Makeup,Lip,26,0,0,0,5.2,0,0,0,0,0,0,0,0,0,0,0,0,0,0,0,0,0
P433531,K.I.S.S.I.N.G Lipstick,Charlotte Tilbury,3.9275,38.0,Makeup,Lip,25,0,0,0,4.7,0,0,0,0,0,0,0,0,0,0,0,0,0,0,0,0,0
P463822,Mini Filmstar Bronze & Glow Contour Duo,Charlotte Tilbury,3.9045,29.0,Makeup,Mini Size,20,1,1,4,3.9,0,0,0,0,0,0,0,0,0,0,0,0,0,0,0,0,0
P468347,Hyaluronic Happikiss Lipstick Balm,Charlotte Tilbury,3.7938,35.0,Makeup,Lip,25,0,0,0,4.8,0,0,0,0,0,1,0,0,0,0,0,0,0,0,0,0,0
P434100,Hot Lips Lipstick,Charlotte Tilbury,4.0179,35.0,Makeup,Lip,34,0,0,0,4.8,0,0,0,0,0,0,0,0,0,0,0,0,0,0,0,0,0
P454509,Lip Cheat Lip Liner - Pillow Talk Collection,Charlotte Tilbury,4.2178,25.0,Makeup,Lip,22,1,0,3,4.5,0,0,0,0,0,1,0,0,0,0,0,0,0,0,0,0,1
P449571,Magic Vanish Color Corrector,Charlotte Tilbury,3.8895,32.0,Makeup,Face,20,1,1,4,3.9,0,0,0,0,0,0,0,0,0,0,0,0,0,0,0,0,0
P500285,Beautiful Skin Sun-Kissed Glow Cream Bronzer,Charlotte Tilbury,3.9649,58.0,Makeup,Cheek,20,1,1,4,4.4,1,0,0,0,0,0,0,0,0,1,0,0,0,0,0,0,0
P433528,Filmstar Bronze & Glow Contour Duo,Charlotte Tilbury,4.4183,68.0,Makeup,Face,18,1,1,4,4.5,0,0,0,0,0,0,0,0,0,0,0,0,0,0,0,0,0
P500407,Beautiful Skin Medium to Full Coverage Radiant Concealer with Hyaluronic Acid,Charlotte Tilbury,3.9696,33.0,Makeup,Face,50,4,3,15,3.8,2,0,1,2,1,4,0,1,3,3,0,1,0,1,0,1,2
P455321,Luxury Eyeshadow Palette - Pillow Talk Collection,Charlotte Tilbury,3.9418,55.0,Makeup,Eye,28,1,1,4,3.9,0,0,0,0,0,0,0,0,0,0,0,0,0,0,0,0,0
P456368,Matte & Metallic Double Ended Eyeliner - Eye Color Magic Collection,Charlotte Tilbury,3.34,32.0,Makeup,Eye,22,0,0,0,4.0,0,0,0,0,0,0,0,0,0,0,0,0,0,0,0,0,0
P504020,Matte Beauty Blush Wands,Charlotte Tilbury,4.4184,42.0,Makeup,Cheek,16,0,0,0,5.3,0,0,0,0,0,0,0,0,0,0,0,0,0,0,0,0,0
P475919,Matte Revolution Lipstick - Super Nudes Collection,Charlotte Tilbury,4.0769,35.0,Makeup,Lip,31,0,0,0,4.9,0,0,0,0,0,0,0,0,0,0,0,0,0,0,0,0,0
P503729,Glow Glide Face Architect Highlighter,Charlotte Tilbury,4.2389,48.0,Makeup,Face,30,2,1,7,4.5,1,0,0,0,0,0,0,1,1,1,0,0,0,0,0,0,0
P434526,Legendary Brows Tinted Eyebrow Gel,Charlotte Tilbury,4.5696,26.0,Makeup,Eye,19,1,1,4,5.1,0,0,0,0,1,1,0,0,1,0,0,0,0,0,0,0,1
P462841,Pillow Talk Push Up Lashes Volumizing & Lengthening Mascara,Charlotte Tilbury,3.7984,29.0,Makeup,Eye,21,3,3,12,2.6,0,0,0,0,0,0,0,0,0,0,0,0,0,0,0,0,0
P454046,Darling Eyeshadow Palette,Charlotte Tilbury,4.1505,60.0,Makeup,Eye,26,2,2,8,3.4,0,0,0,0,0,0,0,0,0,0,0,0,0,0,0,0,0
P458755,Charlotte’s Magic Serum with Vitamin C,Charlotte Tilbury,4.1593,85.0,Skincare,Treatments,66,11,9,42,4.0,1,2,3,1,2,4,0,0,3,2,0,1,0,2,0,0,2
P433864,Lip Lustre Lip Gloss,Charlotte Tilbury,3.3417,25.0,Makeup,Lip,16,0,0,0,4.0,0,0,0,0,0,0,0,0,0,0,0,0,0,0,0,0,0
P433521,Charlotte’s Magic Eye Cream with Retinol,Charlotte Tilbury,4.3539,65.0,Skincare,Eye Care,57,5,4,19,4.2,3,1,2,0,2,4,0,2,5,5,0,1,0,2,0,2,4
P454508,Matte Revolution Lipstick- Pillow Talk Collection,Charlotte Tilbury,4.1363,35.0,Makeup,Lip,25,0,0,0,5.0,0,0,0,0,0,0,0,0,0,0,0,0,0,0,0,0,0
P454506,Cheek to Chic Blush - Pillow Talk Collection,Charlotte Tilbury,3.967,42.0,Makeup,Cheek,25,1,1,4,4.0,0,0,0,0,0,0,0,0,0,0,0,0,0,0,0,0,0
P446610,Superstar Lips Lipstick,Charlotte Tilbury,4.1731,35.0,Makeup,Lip,28,2,2,8,4.6,1,0,1,1,0,0,0,1,1,1,0,0,0,0,0,0,0
P455323,Lip Lustre Lip Gloss - Pillow Talk Collection,Charlotte Tilbury,3.4562,25.0,Makeup,Lip,16,0,0,0,4.1,0,0,0,0,0,0,0,0,0,0,0,0,0,0,0,0,0
P461433,Super Nudes Easy Eyeshadow Palette,Charlotte Tilbury,4.0513,60.0,Makeup,Eye,29,0,0,0,4.9,0,0,0,0,0,0,0,0,0,0,0,0,0,0,0,0,0
P470203,Brow Cheat Refillable Hair-Like Eyebrow Pencil,Charlotte Tilbury,4.4685,26.0,Makeup,Eye,9,0,0,0,5.4,0,0,0,0,0,0,0,0,0,0,0,0,0,0,0,0,0
P434004,Wonderglow Face Primer,Charlotte Tilbury,3.5646,55.0,Makeup,Face,49,4,2,14,4.3,2,0,0,1,0,3,0,2,1,2,0,0,0,0,0,0,0
P462843,Jewel Lip Gloss,Charlotte Tilbury,4.0,32.0,Makeup,Lip,29,1,1,4,4.0,0,0,0,0,0,0,0,0,0,0,0,0,0,0,0,0,0
P454505,Eyeliner - Pillow Talk Collection,Charlotte Tilbury,4.0811,29.0,Makeup,Eye,17,0,0,0,4.9,0,0,0,0,0,0,0,0,0,0,0,0,0,0,0,0,0
P476843,Cryo-Recovery Depuffing Eye Serum,Charlotte Tilbury,4.3216,70.0,Skincare,Eye Care,56,6,6,24,5.2,2,0,1,1,0,3,0,1,2,2,1,0,0,0,0,0,0
P433525,Unisex Healthy Glow Tinted Moisturizer,Charlotte Tilbury,3.9533,46.0,Makeup,Face,41,9,6,33,4.7,4,0,0,0,0,1,0,0,1,4,0,0,0,0,0,0,0
P502270,Refillable Airbrush Flawless Finish Brightening Powder,Charlotte Tilbury,3.7826,48.0,Makeup,Face,29,1,1,4,3.7,0,0,0,0,1,1,0,0,1,0,0,1,0,1,0,0,1
P462845,Luxury Eyeshadow Palette - Walk of No Shame Collection,Charlotte Tilbury,3.3571,55.0,Makeup,Eye,26,1,1,4,3.2,0,0,0,0,0,0,0,0,0,0,0,0,0,0,0,0,0
P434008,Eye Smudger Brush,Charlotte Tilbury,4.8824,36.0,Makeup,Brushes & Applicators,1,0,0,0,5.9,0,0,0,0,0,0,0,0,0,0,0,0,0,0,0,0,0
P455322,Superstar Lips Lipstick - Pillow Talk Collection,Charlotte Tilbury,4.0212,35.0,Makeup,Lip,28,2,2,8,4.4,1,0,1,1,0,0,0,1,1,1,0,0,0,0,0,0,0
P434012,Legendary Lashes Volume 2 Mascara,Charlotte Tilbury,3.8367,32.0,Makeup,Eye,18,1,1,4,3.8,0,0,0,0,0,1,0,0,0,0,0,0,0,0,0,0,1
P433863,Brow Lift Refillable Triangular Eyebrow Pencil,Charlotte Tilbury,4.4371,26.0,Makeup,Eye,16,1,1,4,4.5,0,0,0,0,0,1,0,0,0,0,0,0,0,0,0,0,1
P454351,K.I.S.S.I.N.G Lipstick - Pillow Talk Collection,Charlotte Tilbury,4.2462,35.0,Makeup,Lip,25,0,0,0,5.1,0,0,0,0,0,0,0,0,0,0,0,0,0,0,0,0,0
P434527,Brightening Youth Glow Primer,Charlotte Tilbury,3.6129,55.0,Makeup,Face,49,4,2,14,4.3,2,0,0,1,0,3,0,2,1,2,0,0,0,0,0,0,0
P435975,Mini Charlotte's Magic Cream,Charlotte Tilbury,3.6585,30.0,Skincare,Moisturizers,49,6,5,23,3.4,1,0,1,1,1,5,4,1,2,2,0,1,0,5,0,4,2
P433532,Feline Flick Volume 2 Liquid Eyeliner,Charlotte Tilbury,3.1071,32.0,Makeup,Eye,19,1,1,4,3.5,0,0,1,0,0,0,0,0,1,1,0,0,0,0,0,0,0
P471749,Matte Revolution Lipstick - Look of Love Collection,Charlotte Tilbury,4.3654,38.0,Makeup,Lip,27,0,0,0,5.2,0,0,0,0,0,0,0,0,0,0,0,0,0,0,0,0,0
P459260,Charlotte's Magic Lip Oil Crystal Elixir,Charlotte Tilbury,2.9398,40.0,Makeup,Lip,46,4,3,15,3.1,1,0,1,0,1,2,0,1,3,2,0,0,0,0,0,0,2
P472458,K.I.S.S.I.N.G Lipstick - Look of Love Collection,Charlotte Tilbury,4.4545,38.0,Makeup,Lip,25,0,0,0,5.3,0,0,0,0,0,0,0,0,0,0,0,0,0,0,0,0,0
P462847,Collagen Lip Bath Gloss  - Walk of No Shame Collection,Charlotte Tilbury,3.0,35.0,Makeup,Lip,40,1,0,3,4.0,1,1,1,0,1,3,0,0,1,1,0,0,0,1,0,1,2
P470208,Brow Fix Clear Eyebrow Gel,Charlotte Tilbury,4.3056,26.0,Makeup,Eye,17,5,4,19,3.2,0,0,0,0,0,0,0,0,0,0,0,0,0,0,0,0,0
P433519,Refillable Magic Night Moisturizer with Retinol,Charlotte Tilbury,3.5492,145.0,Skincare,Moisturizers,49,7,6,27,3.3,2,1,2,0,2,3,0,2,5,4,0,1,0,2,0,1,3
P462844,Cheek To Chic Blush - Walk of No Shame Collection,Charlotte Tilbury,4.2759,42.0,Makeup,Cheek,18,1,1,4,4.3,0,0,0,0,0,0,0,0,0,0,0,0,0,0,0,0,0
P433529,Full Fat Lashes Mascara,Charlotte Tilbury,3.2907,29.0,Makeup,Eye,21,1,1,4,3.1,0,0,0,0,0,0,0,0,0,0,0,0,0,0,0,0,0
P470204,Brow Cheat Eyebrow Pencil Refill,Charlotte Tilbury,3.9167,16.0,Makeup,Eye,9,0,0,0,4.7,0,0,0,0,0,0,0,0,0,0,0,0,0,0,0,0,0
P462846,Eye Liner - Walk of No Shame Collection,Charlotte Tilbury,4.6429,29.0,Makeup,Eye,13,0,0,0,5.6,0,0,0,0,0,0,0,0,0,0,0,0,0,0,0,0,0
P460744,Airbrush Matte Refillable Bronzer,Charlotte Tilbury,4.7,41.0,Makeup,Cheek,16,1,1,4,4.8,0,0,0,0,0,0,0,0,0,0,0,0,0,0,0,0,0
P500753,Daily Glow Toner with Niacinamide,Charlotte Tilbury,4.381,55.0,Skincare,Cleansers,32,9,8,35,3.5,0,0,0,0,0,1,0,0,0,0,0,0,0,0,0,0,0
P433522,Goddess Clay Mask,Charlotte Tilbury,4.3115,58.0,Skincare,Masks,28,6,6,24,3.8,0,0,1,0,1,2,0,0,2,1,0,1,0,1,0,0,2
P446612,Instant Magic Facial Dry Sheet Mask,Charlotte Tilbury,3.4906,25.0,Skincare,Masks,47,2,2,8,4.6,2,0,1,0,0,3,0,0,1,3,0,0,0,0,0,0,0
P459835,Mini Charlotte’s Magic Serum with Vitamin C,Charlotte Tilbury,3.175,30.0,Skincare,Mini Size,66,11,9,42,2.8,1,2,3,1,2,4,0,0,3,2,0,1,0,2,0,0,2
P433524,Multi-Miracle Glow Cleansing Balm,Charlotte Tilbury,4.1429,60.0,Skincare,Cleansers,35,6,5,23,3.6,0,0,1,0,1,3,0,0,2,1,0,1,0,1,0,1,3
P470206,Brow Lift Eyebrow Pencil Refill,Charlotte Tilbury,3.9091,16.0,Makeup,Eye,16,1,1,4,3.9,0,0,0,0,0,1,0,0,0,0,0,0,0,0,0,0,1
P472460,Matte Revolution Lipstick Refill,Charlotte Tilbury,4.8,25.0,Makeup,Lip,27,0,0,0,5.8,0,0,0,0,0,0,0,0,0,0,0,0,0,0,0,0,0
P502275,Airbrush Flawless Finish Setting Powder Refill,Charlotte Tilbury,4.5,41.0,Makeup,Face,26,1,1,4,4.6,0,0,0,0,0,0,0,0,0,0,0,0,0,0,0,0,0
P440505,Goddess Cleansing Ritual Duo,Charlotte Tilbury,4.4545,46.0,Skincare,Value & Gift Sets,40,8,6,30,4.3,1,0,1,0,0,1,0,0,1,2,0,0,0,0,0,0,1
P500248,Collagen Superfusion Firming & Plumping Facial Oil,Charlotte Tilbury,4.5833,85.0,Skincare,Moisturizers,24,6,6,24,3.5,0,0,0,0,0,0,0,0,0,0,0,0,0,0,0,0,0
P451728,Mini Goddess Clay Mask 15ml Travel Size,Charlotte Tilbury,3.0833,16.0,Skincare,Masks,28,6,6,24,2.3,0,0,1,0,1,2,0,0,2,1,0,1,0,1,0,0,2
P502248,"Take It All Off Bi-Phase Longwear Makeup Remover For Eyes, Lashes & Lips",Charlotte Tilbury,3.4,32.0,Makeup,Accessories,13,2,2,8,3.1,0,0,1,0,0,0,0,0,1,1,0,0,0,0,0,0,0
P451727,Mini Magic Night 15ml Travel Size,Charlotte Tilbury,2.875,45.0,Skincare,Moisturizers,49,7,6,27,2.4,2,1,2,0,2,3,0,2,5,4,0,1,0,2,0,1,3
P472459,K.I.S.S.I.N.G Lipstick Refill,Charlotte Tilbury,5.0,25.0,Makeup,Lip,25,0,0,0,6.0,0,0,0,0,0,0,0,0,0,0,0,0,0,0,0,0,0
P500238,Mini Collagen Superfusion Firming & Plumping Facial Oil,Charlotte Tilbury,4.7143,30.0,Skincare,Mini Size,24,6,6,24,3.7,0,0,0,0,0,0,0,0,0,0,0,0,0,0,0,0,0
P477812,Refillable Jumbo Magic Cream Moisturizer with Hyaluronic Acid,Charlotte Tilbury,3.75,260.0,Skincare,Moisturizers,50,6,5,23,3.7,1,0,1,1,1,5,0,1,2,2,0,1,0,1,0,0,2
P503932,Airbrush Flawless Finish Brightening Powder Refill,Charlotte Tilbury,4.2713,41.0,Makeup,Face,29,1,1,4,3.4,0,0,0,0,1,1,0,0,1,0,0,1,0,1,0,0,1
P462849,Superstar Lips Lipstick - Walk of No Shame Collection,Charlotte Tilbury,4.75,35.0,Makeup,Lip,28,2,2,8,5.3,1,0,1,1,0,0,0,1,1,1,0,0,0,0,0,0,0
P462848,Matte Revolution Lipstick - Walk of No Shame Collection,Charlotte Tilbury,4.4194,35.0,Makeup,Lip,30,0,0,0,5.3,0,0,0,0,0,0,0,0,0,0,0,0,0,0,0,0,0
P462850,Lip Cheat Lip Liner- Walk of No Shame Collection,Charlotte Tilbury,4.4286,25.0,Makeup,Lip,15,1,0,3,4.7,0,0,0,0,0,1,0,0,0,0,0,0,0,0,0,0,1
P400560,Velvet Matte Lip Colour,Christian Louboutin,4.3627,90.0,Makeup,Lip,36,6,6,24,3.2,0,0,0,0,0,0,0,0,0,0,0,0,0,0,0,0,0
P390961,Makeup Brush Cleaner,Cinema Secrets,4.3292,24.0,Makeup,Brushes & Applicators,6,2,0,6,4.0,0,0,0,0,0,0,0,0,0,0,0,0,0,0,0,0,0
P394935,Makeup Brush Cleaner Pro Starter Kit,Cinema Secrets,4.289,28.0,Makeup,Brushes & Applicators,6,2,0,6,3.9,0,0,0,0,0,0,0,0,0,0,0,0,0,0,0,0,0
P481964,Professional Makeup Brush Cleaner - Lemon,Cinema Secrets,4.0,45.0,Makeup,Brushes & Applicators,5,0,0,0,4.8,0,0,0,0,0,0,0,0,0,0,0,0,0,0,0,0,0
P455420,Brush Cleansing Shampoo,Cinema Secrets,3.125,18.0,Makeup,Brushes & Applicators,4,0,0,0,3.8,0,0,0,0,0,0,0,0,0,0,0,0,0,0,0,0,0
P421235,Double Serum Firming & Smoothing Anti-Aging Concentrate,Clarins,4.2503,90.0,Skincare,Treatments,52,4,2,14,4.5,2,0,1,0,1,1,0,1,3,3,0,1,0,1,0,0,1
P475921,Double Serum Eye Firming & Hydrating Anti-Aging Concentrate,Clarins,4.2278,82.0,Skincare,Eye Care,39,5,3,18,4.9,1,0,1,1,0,0,0,1,2,2,1,0,0,0,0,0,0
P94812,One-Step Gentle Exfoliating Cleanser with Orange Extract,Clarins,4.6138,39.0,Skincare,Cleansers,32,9,8,35,4.1,0,0,1,0,0,0,0,0,1,1,0,0,0,0,0,0,0
P95070,Tonic Body Firming & Toning Natural Treatment Oil,Clarins,4.3969,70.0,Bath & Body,Body Care,9,5,5,20,3.3,0,0,0,0,0,0,0,0,0,0,0,0,0,0,0,0,0
P462666,Total Eye Lift Firming & Smoothing Anti-Aging Eye Cream,Clarins,4.5945,90.0,Skincare,Eye Care,40,2,1,7,4.7,0,0,0,1,0,1,0,0,0,0,1,0,0,0,0,0,0
P415749,Body Fit Anti-Cellulite Contouring & Firming Expert,Clarins,4.0385,77.0,Bath & Body,Body Care,33,1,1,4,5.2,1,0,0,1,0,0,0,1,1,1,1,0,0,0,0,0,0
P475084,Extra-Firming Energy + Radiance Boosting Moisturizer,Clarins,4.3415,93.0,Skincare,Moisturizers,13,1,1,4,4.4,0,0,0,0,0,0,0,0,0,0,0,0,0,0,0,0,0
P130909,Instant Smooth Perfecting Touch Primer,Clarins,4.3822,40.0,Makeup,Face,20,1,0,3,4.7,0,0,0,0,0,0,0,0,0,0,0,0,0,0,0,0,0
P456194,Extra-Firming + Smoothing Neck & Décolleté Moisturizer,Clarins,4.6528,96.0,Skincare,Moisturizers,50,2,2,8,5.4,1,0,1,0,0,0,0,1,2,2,0,0,0,0,0,0,0
P408230,V-Facial Instant Depuffing Face Mask,Clarins,4.7547,67.0,Skincare,Masks,34,4,4,16,5.3,2,0,0,1,0,1,0,1,1,1,1,0,0,0,0,0,0
P407417,Masvelt Body Shaping Cream,Clarins,4.4074,75.0,Bath & Body,Body Care,38,3,3,12,4.5,1,0,0,1,1,1,0,1,2,1,1,1,0,1,0,0,1
P379064,Lotus Balancing & Hydrating Natural Face Treatment Oil,Clarins,4.4029,65.0,Skincare,Moisturizers,16,7,7,28,3.3,0,0,0,0,0,0,0,0,0,0,0,0,0,0,0,0,0
P247517,Hand & Nail Nourishing Treatment Cream,Clarins,4.332,32.0,Bath & Body,Body Moisturizers,35,8,7,31,4.6,1,0,0,1,0,1,0,2,1,1,0,0,0,0,0,0,0
P399675,Contour Body Firming & Toning Natural Treatment Oil,Clarins,4.3684,70.0,Bath & Body,Body Care,13,7,6,27,3.2,0,0,0,0,0,0,0,0,0,0,0,0,0,0,0,0,0
P406941,Multi-Active Anti-Aging Day Moisturizer with SPF 20 for Glowing Skin,Clarins,3.7467,59.0,Skincare,Moisturizers,39,4,3,15,3.5,2,2,3,0,3,3,0,0,4,4,0,1,0,3,0,0,3
P94902,Instant Eye Waterproof Make-Up Remover,Clarins,4.4968,33.0,Makeup,Accessories,15,3,2,11,3.4,0,0,0,0,0,0,0,0,0,0,0,0,0,0,0,0,0
P406942,Multi-Active Anti-Aging Night Moisturizer for Glowing Skin,Clarins,4.2537,62.0,Skincare,Moisturizers,41,4,3,15,4.3,2,2,3,0,2,4,0,0,3,4,0,0,0,2,0,0,2
P456195,Body Fit Anti-Cellulite Contouring & Firming Expert,Clarins,3.5455,66.0,Bath & Body,Body Care,26,2,1,7,3.9,1,0,0,0,0,1,0,1,1,1,0,0,0,0,0,0,0
P483060,Lip Comfort Hydrating Oil,Clarins,4.3509,28.0,Skincare,Lip Balms & Treatments,15,0,0,0,5.2,0,0,0,0,0,0,0,0,0,0,0,0,0,0,0,0,0
P392522,Santal Soothing & Hydrating Natural Face Treatment Oil,Clarins,4.76,65.0,Skincare,Moisturizers,10,4,4,16,3.7,0,0,0,0,0,0,0,0,0,0,0,0,0,0,0,0,0
P430338,Extra-Firming & Smoothing Day Moisturizer with SPF 15,Clarins,4.0417,93.0,Skincare,Moisturizers,42,1,1,4,4.7,0,0,1,0,0,0,0,0,1,1,0,0,0,0,0,0,0
P469449,Hydrating Gentle Foaming Cleanser with Aloe Vera,Clarins,3.3333,30.0,Skincare,Cleansers,29,3,2,11,3.8,2,0,1,0,0,0,0,1,2,3,0,0,0,0,0,0,0
P405589,Multi-Active Anti-Aging Day Cream-Gel Moisturizer for Glowing Skin,Clarins,3.7727,59.0,Skincare,Moisturizers,38,3,2,11,3.9,1,0,1,0,1,3,0,0,2,2,0,1,0,1,0,0,1
P469448,Purifying Gentle Foaming Cleanser with Salicylic Acid,Clarins,2.5294,30.0,Skincare,Cleansers,37,4,3,15,2.8,2,0,1,0,0,0,0,1,2,3,0,0,0,0,0,0,0
P410657,Extra-Firming & Smoothing Face Mask,Clarins,4.25,79.0,Skincare,Masks,27,1,1,4,4.5,0,0,0,0,0,1,0,0,0,0,0,0,0,0,0,0,0
P446111,V Shaping Facial Lift Depuff & Contour Serum with Hyaluronic Acid,Clarins,3.5714,90.0,Skincare,Treatments,29,1,1,4,4.7,1,0,0,1,0,0,0,1,1,1,1,0,0,0,0,0,0
P467755,Hydrating Toner Lotion with Aloe Vera,Clarins,3.8462,30.0,Skincare,Cleansers,29,9,8,35,4.0,2,0,1,0,0,1,0,0,1,2,0,0,0,0,0,0,0
P429504,Extra-Firming & Smoothing Night Moisturizer,Clarins,4.25,98.0,Skincare,Moisturizers,35,1,1,4,4.9,0,0,1,0,0,0,0,0,1,1,0,0,0,0,0,0,0
P469450,Moisture-Rich Hydrating Body Lotion,Clarins,4.7143,47.0,Bath & Body,Body Moisturizers,26,8,7,31,4.3,0,0,1,0,1,1,0,0,2,1,0,1,0,1,0,0,1
P467756,Soothing Toning Lotion with Chamomile,Clarins,3.375,30.0,Skincare,Cleansers,22,2,2,8,2.9,1,0,0,0,0,1,0,0,0,0,0,0,0,0,0,0,0
P409227,Multi-Active Anti-Aging Day Moisturizer for Glowing Skin,Clarins,4.8571,58.0,Skincare,Moisturizers,51,5,4,19,4.8,2,2,3,0,3,5,0,0,4,4,0,1,0,3,0,0,3
P479946,Self Tanning Face & Body Tinted Gel,Clarins,5.0,42.0,Skincare,Self Tanners,20,4,2,14,4.0,0,0,0,0,1,1,0,0,1,0,0,1,0,1,0,0,1
P467757,Total Cleansing Oil & Makeup Remover,Clarins,3.25,37.0,Skincare,Cleansers,18,1,1,4,3.5,1,0,0,0,0,0,0,0,0,1,0,0,0,0,0,0,0
P479947,Self Tanning Face & Body Milky Lotion,Clarins,3.6667,42.0,Skincare,Self Tanners,27,2,1,7,3.6,0,0,1,0,1,1,0,0,2,1,0,1,0,1,0,0,1
P501566,Super Restorative Anti-Aging Day Moisturizer,Clarins,4.6667,132.0,Skincare,Moisturizers,45,2,2,8,5.8,2,0,1,0,1,3,0,0,2,3,0,0,0,0,0,0,1
P475083,Skincare Essentials Kit,Clarins,3.0,100.0,Skincare,Treatments,101,8,6,30,3.0,4,0,1,1,1,3,0,2,4,4,1,1,0,1,0,0,1
P501585,Super Restorative Anti-Aging Night Moisturizer,Clarins,5.0,140.0,Skincare,Moisturizers,45,2,2,8,6.2,2,0,1,0,1,3,0,0,2,3,0,0,0,0,0,0,1
P505118,Masvelt Advanced Body Firming & Shaping Cream,Clarins,4.2713,77.0,Bath & Body,Body Moisturizers,30,1,1,4,4.2,1,0,0,1,0,1,0,0,0,0,1,0,0,0,0,0,0
P502608,Double Serum Face & Eye Power Duo,Clarins,4.2713,99.0,Skincare,Value & Gift Sets,71,7,5,26,3.6,2,0,1,1,1,1,0,1,3,3,1,1,0,1,0,0,1
P504851,Double Serum Light Texture Firming & Smoothing Anti-Aging Concentrate,Clarins,4.2713,132.0,Skincare,Treatments,54,4,2,14,3.6,2,0,1,0,1,1,0,1,3,3,0,1,0,1,0,0,1
P505335,Hydra-Essentiel Silky Moisturizer with Double Dose Hyaluronic Acid,Clarins,4.2713,49.0,Skincare,Moisturizers,36,2,0,6,4.4,1,0,1,0,0,0,0,1,2,2,0,0,0,0,0,0,0
P505385,Anti-Aging Skincare Essentials Set,Clarins,4.2713,100.0,Skincare,Value & Gift Sets,97,8,6,30,3.6,4,0,1,1,1,3,0,2,4,4,1,1,0,1,0,0,1
P126301,Take The Day Off Cleansing Balm Makeup Remover,CLINIQUE,4.5294,38.0,Skincare,Cleansers,9,0,0,0,5.4,0,0,0,0,0,0,0,0,0,0,0,0,0,0,0,0,0
P453816,Mini Take The Day Off Cleansing Balm Makeup Remover,CLINIQUE,4.5294,14.0,Skincare,Mini Size,9,0,0,0,5.4,0,0,0,0,0,0,0,0,0,0,0,0,0,0,0,0,0
P122900,Dramatically Different Moisturizing Gel,CLINIQUE,4.4383,32.5,Skincare,Moisturizers,35,2,2,8,4.9,1,0,1,2,0,0,0,0,0,1,1,0,0,0,0,0,0
P122751,Almost Lipstick,CLINIQUE,4.4177,23.0,Makeup,Lip,23,0,0,0,5.3,0,0,0,0,0,0,0,0,0,0,0,0,0,0,0,0,0
P384996,Cheek Pop Blush,CLINIQUE,4.4981,29.0,Makeup,Cheek,32,1,0,3,6.0,2,0,0,0,0,1,0,1,1,1,0,0,0,0,0,0,0
P139000,All About Clean Liquid Facial Soap,CLINIQUE,4.3694,23.5,Skincare,Cleansers,23,4,4,16,3.2,0,0,0,0,0,0,0,0,0,0,0,0,0,0,0,0,0
P381030,Dramatically Different Moisturizing Lotion+,CLINIQUE,3.9101,32.5,Skincare,Moisturizers,22,4,1,13,3.3,1,0,0,0,0,0,0,0,1,1,0,0,0,0,0,0,0
P393325,Beyond Perfecting Foundation + Concealer,CLINIQUE,3.7543,37.0,Makeup,Face,36,2,1,7,4.3,2,0,0,0,0,0,0,1,1,2,0,0,0,0,0,0,0
P479734,Smart Clinical Repair Wrinkle Correcting Eye Cream,CLINIQUE,4.24,57.0,Skincare,Eye Care,70,5,5,20,4.9,5,0,1,4,2,5,0,2,2,5,1,0,0,0,0,0,1
P279113,Chubby Stick Moisturizing Lip Colour Balm,CLINIQUE,4.3431,21.0,Makeup,Lip,28,0,0,0,5.2,0,0,0,0,0,0,0,0,0,0,0,0,0,0,0,0,0
P500718,Smart Clinical Repair Wrinkle Correcting Cream,CLINIQUE,4.178,68.0,Skincare,Moisturizers,44,5,4,19,5.0,3,0,0,2,1,6,0,0,0,2,1,0,0,0,0,0,0
P468351,Moisture Surge 100H Auto-Replenishing Hydrator Moisturizer,CLINIQUE,4.2522,82.0,Skincare,Moisturizers,43,3,3,12,4.9,2,0,2,2,0,2,0,0,2,3,1,0,0,0,0,0,1
P473267,Smart Clinical Repair Wrinkle Correcting Serum,CLINIQUE,4.194,71.0,Skincare,Treatments,53,5,4,19,4.2,4,1,2,2,3,6,0,2,4,6,1,0,0,1,0,1,2
P122735,"Take The Day Off Makeup Remover For Lids, Lashes & Lips",CLINIQUE,4.5075,23.5,Makeup,Accessories,13,2,1,7,4.0,0,0,0,0,0,0,0,0,0,0,0,0,0,0,0,0,0
P122774,All About Eyes Eye Cream,CLINIQUE,4.0722,37.0,Skincare,Eye Care,33,4,2,14,4.7,3,0,0,1,0,1,0,3,3,3,1,0,0,0,0,0,1
P174502,All About Eyes Rich Eye Cream,CLINIQUE,4.1444,37.0,Skincare,Eye Care,55,3,2,11,4.8,4,0,0,1,0,2,0,4,4,4,1,0,0,0,0,0,1
P234967,Even Better Makeup Broad Spectrum SPF 15 Foundation,CLINIQUE,4.1825,34.0,Makeup,Face,41,3,1,10,4.6,2,0,0,1,2,3,0,1,3,2,0,0,0,0,0,0,2
P122882,Clarifying Lotion 2,CLINIQUE,4.3815,20.0,Skincare,Cleansers,12,0,0,0,6.7,2,0,0,1,1,1,0,0,0,2,0,0,0,0,0,0,0
P122718,Exfoliating Face Scrub,CLINIQUE,4.6122,26.0,Skincare,Cleansers,15,4,4,16,3.7,0,1,1,1,1,0,0,0,1,0,0,1,0,1,0,1,1
P385432,Acne Solutions Clinical Clearing Gel,CLINIQUE,4.2234,32.0,Skincare,Treatments,8,1,1,4,4.3,0,0,0,0,0,0,0,0,0,0,0,0,0,0,0,0,0
P188309,Acne Solutions Cleansing Foam,CLINIQUE,4.1686,23.5,Skincare,Cleansers,27,3,3,12,5.0,3,0,1,3,1,2,0,1,1,2,1,0,0,0,0,0,0
P188307,Acne Solutions Clarifying Lotion,CLINIQUE,4.4042,20.0,Skincare,Cleansers,17,1,1,4,5.9,1,0,0,2,1,1,0,0,0,1,1,0,0,0,0,0,0
P403817,Pep-Start Eye Cream,CLINIQUE,3.6769,32.0,Skincare,Eye Care,44,3,2,11,4.4,4,0,0,1,0,4,0,2,2,3,1,0,0,0,0,0,0
P122881,Clarifying Lotion 3,CLINIQUE,4.3181,20.0,Skincare,Cleansers,17,2,2,8,4.8,1,1,2,1,1,0,0,0,2,2,0,1,0,1,0,1,1
P384505,All About Shadow 8-Pan Palette,CLINIQUE,4.2762,46.0,Makeup,Eye,31,1,1,4,4.7,0,0,0,1,0,0,0,0,0,0,1,0,0,0,0,0,0
P257537,All About Eyes Serum De-Puffing Eye Massage,CLINIQUE,3.7691,37.0,Skincare,Eye Care,34,3,2,11,4.5,4,0,0,1,0,2,0,2,2,4,1,0,0,0,0,0,0
P122912,High Impact Mascara,CLINIQUE,4.2856,23.0,Makeup,Eye,45,3,3,12,3.7,1,0,0,0,0,0,0,0,1,1,0,0,0,0,0,0,0
P206900,Lash Power Mascara Long-Wearing Formula,CLINIQUE,4.3192,23.0,Makeup,Eye,37,3,3,12,3.2,0,0,0,0,0,0,0,0,0,0,0,0,0,0,0,0,0
P122762,Rinse-Off Foaming Cleanser,CLINIQUE,4.4933,23.5,Skincare,Cleansers,17,2,1,7,4.0,0,0,0,0,0,0,0,0,0,0,0,0,0,0,0,0,0
P122661,7 Day Face Scrub Cream Rinse-Off Formula,CLINIQUE,4.5321,26.0,Skincare,Cleansers,25,2,1,7,5.0,1,0,0,1,0,0,0,1,1,1,0,0,0,0,0,0,0
P122748,Stay-Matte Sheer Pressed Powder,CLINIQUE,4.3333,37.0,Makeup,Face,21,1,1,4,4.4,0,0,0,0,0,0,0,0,0,0,0,0,0,0,0,0,0
P310726,Stay-Matte Oil-Free Makeup Foundation,CLINIQUE,4.0516,34.0,Makeup,Face,44,3,2,11,4.3,3,0,0,1,1,1,0,2,2,3,1,1,0,1,0,0,1
P279510,Bottom Lash Mascara,CLINIQUE,4.4452,16.0,Makeup,Eye,38,3,3,12,3.3,0,0,0,0,0,0,0,0,0,0,0,0,0,0,0,0,0
P432241,Dramatically Different Hydrating Jelly,CLINIQUE,3.8743,45.0,Skincare,Moisturizers,30,2,2,8,5.0,3,0,1,1,0,1,0,0,1,3,1,0,0,0,0,0,0
P188306,Acne Solutions All-Over Clearing Treatment Oil-Free,CLINIQUE,4.0182,26.0,Skincare,Treatments,45,3,2,11,4.8,5,0,1,4,1,2,0,3,2,4,1,0,0,0,0,0,0
P378639,Moisture Surge CC Cream Hydrating Colour Corrector Broad Spectrum SPF 30,CLINIQUE,3.78,42.0,Makeup,Face,39,3,2,11,4.3,4,0,0,1,1,1,0,3,4,4,1,0,0,0,0,0,1
P305114,Quickliner For Eyes Intense Eyeliner,CLINIQUE,3.8599,23.0,Makeup,Eye,34,0,0,0,4.6,0,0,0,0,0,0,0,0,0,0,0,0,0,0,0,0,0
P393633,Chubby Stick Sculpting Contour,CLINIQUE,3.7737,29.0,Makeup,Face,40,1,0,3,5.5,2,0,0,0,0,0,0,2,2,2,0,0,0,0,0,0,0
P432242,Blackhead Solutions 7 Day Deep Pore Cleanse & Face Scrub,CLINIQUE,4.1125,26.5,Skincare,Cleansers,24,1,1,4,5.1,1,0,0,1,1,1,0,0,0,1,0,0,0,0,0,0,0
P384821,Take The Day Off  Cleansing Oil Makeup Remover,CLINIQUE,4.3309,34.5,Skincare,Moisturizers,13,0,0,0,5.2,0,0,0,0,0,0,0,0,0,0,0,0,0,0,0,0,0
P122736,Superpowder Double Face Makeup Foundation,CLINIQUE,4.3206,37.0,Makeup,Face,21,1,1,4,4.4,0,0,0,0,0,0,0,0,0,0,0,0,0,0,0,0,0
P501008,Pop Plush Creamy Lip Gloss,CLINIQUE,4.3424,21.0,Makeup,Lip,39,1,1,4,6.2,4,0,0,0,1,1,0,4,5,4,0,0,0,0,0,0,1
P196542,City Block Sheer Oil-Free Daily Face Protector Broad Spectrum SPF 25 Primer,CLINIQUE,4.1146,30.0,Skincare,Sunscreen,59,6,4,22,4.7,4,0,1,1,0,1,0,4,6,5,0,0,0,0,0,0,1
P387634,Chubby Stick Cheek Colour Balm Blush,CLINIQUE,4.3913,29.0,Makeup,Cheek,47,1,0,3,6.3,2,0,0,0,0,0,0,2,2,2,0,0,0,0,0,0,0
P428662,Pop Splash Lip Gloss,CLINIQUE,4.373,20.0,Makeup,Lip,44,2,2,8,5.4,3,0,0,0,0,0,0,2,1,3,0,0,0,0,0,0,0
P377577,Moisture Surge Overnight Face Mask,CLINIQUE,4.4772,40.0,Skincare,Masks,42,2,2,8,5.6,2,0,0,2,0,0,0,1,1,2,1,0,0,0,0,0,0
P196524,Acne Solutions Cleansing Bar For Face and Body,CLINIQUE,4.3638,19.5,Skincare,Cleansers,19,5,5,20,4.4,0,1,1,2,0,1,0,0,0,0,1,0,0,0,0,0,0
P122866,Lash Building Primer,CLINIQUE,4.2907,21.0,Makeup,Eye,16,3,3,12,3.9,1,0,0,0,1,1,0,1,2,1,0,1,0,1,0,0,1
P406924,Take The Day Off Micellar Cleansing Towelettes for Face & Eyes Makeup Remover,CLINIQUE,3.6875,18.5,Makeup,Accessories,13,1,0,3,4.4,1,0,0,0,1,2,0,0,1,1,0,1,0,1,0,0,1
P122765,Quickliner For Eyes Eyeliner,CLINIQUE,4.2676,23.0,Makeup,Eye,19,1,0,3,4.5,0,0,0,0,0,0,0,0,0,0,0,0,0,0,0,0,0
P122740,Superbalanced Makeup Foundation,CLINIQUE,4.1914,34.0,Makeup,Face,33,3,2,11,3.8,1,0,0,0,0,0,0,1,1,1,0,0,0,0,0,0,0
P282920,Pore Refining Solutions Correcting Serum,CLINIQUE,3.8603,55.0,Skincare,Treatments,45,4,4,16,3.6,4,1,2,3,3,4,0,1,4,3,1,1,0,1,0,1,2
P393634,Chubby Stick Sculpting Highlight,CLINIQUE,4.0586,29.0,Makeup,Face,40,1,0,3,5.9,2,0,0,0,0,0,0,2,2,2,0,0,0,0,0,0,0
P374841,Even Better Eyes Dark Circle Corrector,CLINIQUE,3.2428,44.0,Skincare,Eye Care,47,3,2,11,3.7,3,0,0,1,0,2,0,3,3,3,1,0,0,0,0,0,1
P422881,Even Better Glow Light Reflecting Makeup Broad Spectrum SPF 15 Foundation,CLINIQUE,4.3028,34.0,Makeup,Face,43,5,3,18,4.2,2,1,1,2,3,3,0,1,4,2,0,1,0,1,0,1,3
P122914,"Airbrush Concealer Illuminates, Perfects",CLINIQUE,4.1732,28.0,Makeup,Face,34,2,1,7,4.8,1,0,0,1,0,0,0,1,1,1,1,0,0,0,0,0,0
P415773,Pep-Start Daily UV Protector Broad Spectrum SPF 50,CLINIQUE,4.2521,23.0,Skincare,Sunscreen,29,1,0,3,4.5,0,0,0,0,0,0,0,0,0,0,0,0,0,0,0,0,0
P468639,Even Better Clinical Serum Foundation Broad Spectrum SPF 25,CLINIQUE,3.705,44.0,Makeup,Face,63,5,4,19,3.4,4,1,3,3,3,3,0,3,7,5,1,1,0,1,0,1,4
P381918,All About Shadow Quad Eye Shadow,CLINIQUE,4.2128,36.0,Makeup,Eye,31,1,1,4,4.7,0,0,0,1,0,0,0,0,0,0,1,0,0,0,0,0,0
P461436,Even Better All-Over Concealer + Eraser,CLINIQUE,4.2447,29.0,Makeup,Face,64,6,5,23,4.1,4,1,2,2,3,5,0,2,7,5,1,1,0,1,0,1,4
P122668,Blended Face Powder,CLINIQUE,4.3629,34.0,Makeup,Face,17,2,1,7,4.6,1,0,0,0,0,0,0,1,1,1,0,0,0,0,0,0,0
P502266,Must-Have Makeup Set,CLINIQUE,4.3333,35.0,Makeup,Value & Gift Sets,96,5,3,18,4.6,3,0,0,0,1,2,0,1,3,2,0,1,0,1,0,0,1
P122694,Line Smoothing Concealer,CLINIQUE,4.0591,26.0,Makeup,Face,28,2,1,7,3.5,0,0,0,0,0,0,0,0,0,0,0,0,0,0,0,0,0
P377219,High Impact Waterproof Mascara,CLINIQUE,3.9654,23.0,Makeup,Eye,39,0,0,0,5.4,1,0,0,0,0,0,0,1,0,1,0,0,0,0,0,0,0
P201439,Redness Solutions Soothing Cleanser,CLINIQUE,4.1672,26.5,Skincare,Cleansers,29,3,2,11,5.0,3,0,1,3,1,1,0,2,1,3,1,0,0,0,0,0,0
P122727,Repairwear Anti-Gravity Eye Cream,CLINIQUE,4.1702,54.0,Skincare,Eye Care,47,3,2,11,4.8,5,0,0,1,1,3,0,4,4,4,1,0,0,0,0,0,1
P244701,Acne Solutions Oil-Control Cleansing Mask,CLINIQUE,4.4769,29.0,Skincare,Masks,22,0,0,0,6.8,2,0,0,1,1,2,0,0,0,1,0,0,0,0,0,0,0
P421227,Beyond Perfecting Super Concealer Camouflage + 24-Hour Wear,CLINIQUE,4.0522,24.0,Makeup,Face,38,2,1,7,4.7,1,0,0,1,0,0,0,1,1,1,1,0,0,0,0,0,0
P439643,Clinique iD Custom-Blend Hydrator Collection,CLINIQUE,3.631,41.0,Skincare,Moisturizers,50,7,5,26,3.6,3,2,3,2,2,2,0,0,3,4,1,0,0,2,0,0,2
P122782,Repairwear Intensive Lip Treatment,CLINIQUE,4.2963,31.5,Skincare,Lip Balms & Treatments,71,4,2,14,5.2,7,0,0,0,0,0,0,7,6,7,0,0,0,0,0,0,0
P385631,"Great Skin, Great Deal Set for Combination Oily Skin",CLINIQUE,4.3321,32.5,Skincare,Value & Gift Sets,60,8,8,32,4.4,1,1,3,3,1,0,0,0,2,2,1,1,0,1,0,1,1
P503747,Take The Day Off Charcoal Cleansing Balm Makeup Remover,CLINIQUE,4.5521,38.0,Skincare,Cleansers,12,0,0,0,5.5,0,0,0,0,0,0,0,0,0,0,0,0,0,0,0,0,0
P293010,Age Defense BB Cream Broad Spectrum SPF 30,CLINIQUE,3.8583,42.0,Makeup,Face,49,4,3,15,4.6,5,0,0,1,0,0,0,3,4,5,1,0,0,0,0,0,0
P417984,Moisture Surge Hydrating Supercharged Concentrate,CLINIQUE,4.0246,44.0,Skincare,Moisturizers,36,2,2,8,5.0,6,0,1,2,2,4,0,1,2,5,1,0,0,0,0,0,1
P232327,Broad Spectrum SPF 50 Sunscreen Face Cream,CLINIQUE,3.9706,30.0,Skincare,Sunscreen,45,3,3,12,4.4,2,0,0,1,0,1,0,1,1,1,1,0,0,0,0,0,0
P122876,Clarifying Lotion 4,CLINIQUE,4.385,20.0,Skincare,Cleansers,14,2,2,8,4.3,1,1,1,1,1,0,0,0,1,1,0,1,0,1,0,1,1
P283304,Pore Refining Solutions Instant Perfector,CLINIQUE,4.2708,23.0,Makeup,Face,23,1,0,3,4.5,0,0,0,0,0,0,0,0,0,0,0,0,0,0,0,0,0
P411552,Superbalanced Silk Makeup Broad Spectrum SPF 15 Foundation,CLINIQUE,3.8944,33.0,Makeup,Face,36,2,1,7,4.1,1,0,0,0,0,0,0,1,1,1,0,0,0,0,0,0,0
P122651,Clarifying Lotion 1,CLINIQUE,4.515,20.0,Skincare,Cleansers,16,2,2,8,5.0,2,1,1,2,2,1,0,0,1,2,0,1,0,1,0,1,1
P432243,Blackhead Solutions Self-heating Blackhead Extractor,CLINIQUE,3.0859,32.0,Skincare,Cleansers,20,2,2,8,3.3,1,0,0,2,1,1,0,0,0,1,0,0,0,0,0,0,0
P411531,Clinique Pop Liquid Matte Lip Colour + Primer Lipstick,CLINIQUE,3.6774,19.5,Makeup,Lip,33,0,0,0,4.4,0,0,0,0,0,0,0,0,0,0,0,0,0,0,0,0,0
P385632,"Great Skin, Great Deal Set for Dry Combination Skin",CLINIQUE,4.2143,32.5,Skincare,Value & Gift Sets,53,8,5,29,5.1,3,0,0,1,1,1,0,0,1,3,0,0,0,0,0,0,0
P433652,The Best of Black Honey All About Shadow Palette,CLINIQUE,4.5,46.0,Makeup,Eye,30,1,1,4,5.0,0,0,0,1,0,0,0,0,0,0,1,0,0,0,0,0,0
P122767,All About Lips,CLINIQUE,4.0178,28.0,Skincare,Lip Balms & Treatments,37,2,2,8,4.4,3,1,1,1,1,1,0,2,2,3,0,1,0,1,0,1,1
P398717,Dramatically Different Moisturizing Cream,CLINIQUE,4.4085,32.5,Skincare,Moisturizers,25,4,3,15,3.3,0,0,0,0,0,0,0,0,0,0,0,0,0,0,0,0,0
P416824,Fresh Pressed Daily Booster with Pure Vitamin C 10%,CLINIQUE,3.9299,85.0,Skincare,Treatments,44,4,3,15,3.7,4,1,1,3,3,6,0,1,3,3,1,2,0,2,0,1,2
P122654,Deep Comfort Body Butter,CLINIQUE,4.7107,38.0,Bath & Body,Body Moisturizers,32,2,2,8,4.7,1,0,0,0,0,0,0,1,0,1,0,0,0,0,0,0,0
P377576,Repairwear Laser Focus Wrinkle Correcting Eye Cream,CLINIQUE,3.9067,54.0,Skincare,Eye Care,62,7,5,26,4.5,9,1,2,3,2,6,0,4,5,8,1,0,0,0,0,0,1
P457692,Moisture Surge Sheertint Hydrator Broad Spectrum SPF 25 Tinted Moisturizer,CLINIQUE,3.5147,42.0,Makeup,Face,44,3,2,11,3.6,2,0,0,1,0,0,1,1,1,2,1,0,0,1,0,1,0
P443383,Moisture Surge Eye 96-Hour Hydro-Filler Concentrate,CLINIQUE,3.338,37.0,Skincare,Eye Care,52,2,2,8,4.2,7,0,1,2,2,6,0,1,2,5,1,0,0,0,0,0,1
P122807,True Bronze Pressed Powder Bronzer,CLINIQUE,4.5299,37.0,Makeup,Cheek,17,1,1,4,4.6,0,0,0,0,0,0,0,0,0,0,0,0,0,0,0,0,0
P302900,Turnaround Revitalizing Serum,CLINIQUE,4.3261,53.0,Skincare,Treatments,44,6,4,22,4.4,5,2,2,3,3,3,0,2,3,4,1,1,0,1,0,1,1
P382504,Superprimer Face Primer - Universal Face Primer,CLINIQUE,4.2674,34.0,Makeup,Face,44,4,3,15,4.1,1,0,0,1,0,2,0,0,1,0,1,0,0,0,0,0,1
P122834,Lash Doubling Mascara,CLINIQUE,4.0372,23.0,Makeup,Eye,34,4,3,15,4.4,2,0,0,0,0,0,0,2,2,2,0,0,0,0,0,0,0
P392472,All About Clean Foaming Facial Soap,CLINIQUE,4.0254,23.5,Skincare,Cleansers,21,2,2,8,4.2,0,0,1,1,0,0,0,0,1,1,1,0,0,0,0,0,0
P407040,Acne Solutions Acne + Line Correcting Serum,CLINIQUE,4.1304,52.0,Skincare,Treatments,40,3,3,12,5.0,5,0,0,2,1,3,0,2,1,4,1,0,0,0,0,0,0
P122749,Sparkle Skin Body Exfoliator,CLINIQUE,4.3537,34.0,Bath & Body,Bath & Shower,17,1,1,4,4.6,0,1,1,1,1,0,0,0,1,0,0,1,0,1,0,1,1
P122739,Superbalm Lip Treatment,CLINIQUE,4.2869,19.0,Makeup,Lip,26,3,1,10,4.5,3,0,0,0,1,2,0,3,3,3,0,0,0,0,0,1,2
P122763,Rinse-Off Eye Makeup Solvent,CLINIQUE,4.2505,23.5,Makeup,Accessories,7,1,0,3,4.5,0,0,0,0,0,0,0,0,0,0,0,0,0,0,0,0,0
P374580,High Impact Extreme Volume Mascara,CLINIQUE,3.6224,25.0,Makeup,Eye,45,3,3,12,2.9,1,0,0,0,0,0,0,0,1,1,0,0,0,0,0,0,0
P393501,Acne Solutions Cleansing Gel,CLINIQUE,3.8725,23.5,Skincare,Treatments,22,3,3,12,4.0,1,0,0,2,1,1,0,0,0,1,1,0,0,0,0,0,0
P463613,Moisture Surge Intense 72H Lipid-Replenishing Hydrator Moisturizer,CLINIQUE,3.4688,44.0,Skincare,Moisturizers,39,3,1,10,4.2,4,0,0,1,0,1,0,3,2,4,1,0,0,0,0,0,0
P374115,Pore Refining Solutions Stay-Matte Hydrator,CLINIQUE,4.0761,44.0,Skincare,Moisturizers,37,3,2,11,4.9,5,0,0,1,1,1,0,4,3,5,0,0,0,0,0,0,0
P455622,Even Better Clinical Radical Dark Spot Corrector + Interrupter Serum,CLINIQUE,3.5824,85.0,Skincare,Treatments,49,9,7,34,3.3,3,1,1,3,3,2,0,2,3,3,1,1,0,1,0,1,2
P474940,Mini Even Better Clinical Radical Dark Spot Corrector + Interrupter Serum,CLINIQUE,3.5824,21.0,Skincare,Treatments,49,9,7,34,3.3,3,1,1,3,3,2,0,2,3,3,1,1,0,1,0,1,2
P456991,Superdefense City Block Broad Spectrum SPF 50 Daily Energy + Face Protector Primer,CLINIQUE,3.6932,32.0,Skincare,Sunscreen,35,4,3,15,2.8,1,0,0,0,0,0,0,0,0,1,0,0,0,0,0,0,0
P410101,Broad Spectrum SPF 50 Mineral Sunscreen Fluid for Face,CLINIQUE,3.4405,31.0,Skincare,Sunscreen,29,1,0,3,3.5,0,0,0,0,0,0,0,0,0,0,0,0,0,0,0,0,0
P277401,Redness Solutions Instant Relief Mineral Pressed Powder,CLINIQUE,3.4862,36.0,Makeup,Face,26,2,0,6,5.0,2,0,1,2,0,0,0,2,2,2,1,0,0,0,0,0,0
P400708,Quickliner For Lips Intense Lip Liner,CLINIQUE,4.25,22.0,Makeup,Lip,31,0,0,0,5.1,0,0,0,0,0,0,0,0,0,0,0,0,0,0,0,0,0
P407381,Sun-Kissed Face Gelee Complexion Multitasker Bronzer,CLINIQUE,4.2857,34.0,Skincare,Self Tanners,14,1,1,4,4.3,0,0,0,0,0,0,0,0,0,0,0,0,0,0,0,0,0
P381916,All About Shadow Single Eye Shadow,CLINIQUE,4.4915,22.0,Makeup,Eye,31,1,1,4,5.0,0,0,0,1,0,0,0,0,0,0,1,0,0,0,0,0,0
P446874,Even Better Refresh Hydrating and Repairing Makeup Foundation,CLINIQUE,4.0,37.0,Makeup,Face,55,3,2,11,4.0,2,1,1,2,1,2,0,1,2,2,1,1,0,1,0,1,1
P426374,Beyond Perfecting Powder Foundation + Concealer,CLINIQUE,3.6857,37.0,Makeup,Face,31,2,1,7,4.8,2,0,0,0,1,1,0,2,3,2,0,0,0,0,0,0,1
P122675,Naturally Gentle Eye Makeup Remover,CLINIQUE,4.3597,23.5,Makeup,Accessories,16,2,2,8,4.2,1,0,0,0,0,1,0,0,0,1,0,0,0,0,0,0,0
P468818,Mini Moisture Surge 100H Auto-Replenishing Hydrator Moisturizer,CLINIQUE,4.2182,16.0,Skincare,Mini Size,43,3,3,12,4.9,2,0,2,2,0,2,0,0,2,3,1,0,0,0,0,0,1
P407483,Stay-Matte Universal Blotting Powder,CLINIQUE,4.0286,37.0,Makeup,Face,11,2,1,7,4.2,1,0,0,0,0,0,0,1,1,1,0,0,0,0,0,0,0
P448563,Clinique Smart Clinical MD Multi-Dimensional Age Transformer Revolumize,CLINIQUE,3.3265,74.0,Skincare,Moisturizers,68,3,3,12,4.0,6,0,1,2,1,3,0,3,3,7,1,0,0,0,0,0,0
P409920,Clarifying Lotion 1.0 Twice A Day Exfoliator,CLINIQUE,3.6429,32.0,Skincare,Cleansers,18,2,1,7,4.2,2,1,1,3,2,1,0,0,1,2,1,1,0,1,0,1,1
P309409,Repairwear Uplifting Firming Cream,CLINIQUE,3.7143,74.0,Skincare,Moisturizers,46,4,3,15,4.3,3,0,1,1,1,2,0,1,3,3,1,0,0,0,0,0,1
P417323,Fresh Pressed Renewing Powder Cleanser with Pure Vitamin C,CLINIQUE,4.3684,39.0,Skincare,Cleansers,15,2,2,8,4.2,0,1,1,1,2,1,0,0,2,0,0,2,0,2,0,1,2
P405286,Smart Broad Spectrum SPF 15 Custom-Repair Moisturizer for Dry Combination Skin,CLINIQUE,4.3143,64.0,Skincare,Moisturizers,51,3,3,12,5.2,5,0,0,2,1,3,0,1,1,3,1,0,0,0,0,0,0
P439648,Clinique iD:  Moisturizer + Concentrate for Pores & Uneven Texture,CLINIQUE,3.1538,41.0,Skincare,Moisturizers,50,7,5,26,3.0,3,2,3,2,2,2,0,0,3,4,1,0,0,2,0,0,2
P481065,High Impact Lash Amplifying Serum,CLINIQUE,4.0667,49.0,Makeup,Eye,49,1,1,4,6.1,3,0,0,1,0,4,0,2,1,3,1,0,0,0,0,0,0
P481064,High Impact Easy Liquid Eyeliner,CLINIQUE,3.6429,24.0,Makeup,Eye,34,3,3,12,3.0,0,0,1,0,0,0,0,0,1,1,0,0,0,0,0,0,0
P469451,All About Clean 2-in-1 Cleansing + Exfoliating Jelly,CLINIQUE,4.5652,26.5,Skincare,Cleansers,33,5,5,20,4.7,1,1,2,3,2,3,0,0,2,2,1,1,0,1,0,1,1
P471011,Take The Day Off Cleansing Balm Makeup Remover Duo,CLINIQUE,4.7778,48.0,Skincare,Value & Gift Sets,9,0,0,0,5.7,0,0,0,0,0,0,0,0,0,0,0,0,0,0,0,0,0
P456992,Superdefense SPF 25 Fatigue + 1st Signs of Age Multi-Correcting Cream,CLINIQUE,3.8824,56.0,Skincare,Moisturizers,73,5,4,19,3.7,4,2,3,3,2,4,3,1,3,2,1,1,0,4,0,4,2
P500771,Smart Clinical Repair Wrinkle Correcting Rich Cream,CLINIQUE,4.4118,68.0,Skincare,Moisturizers,50,2,2,8,5.7,4,0,0,2,1,6,0,1,1,3,1,0,0,0,0,0,0
P448564,Clinique Smart Clinical MD Multi-Dimensional Age Transformer Resculpt,CLINIQUE,3.6875,74.0,Skincare,Moisturizers,63,6,5,23,3.8,6,1,2,2,3,7,0,2,4,6,1,0,0,1,0,0,2
P376946,Repairwear Uplifting Firming Cream Broad Spectrum SPF 15,CLINIQUE,3.4,72.0,Skincare,Moisturizers,60,5,3,18,3.9,4,0,1,1,1,3,0,2,3,3,1,0,0,0,0,0,1
P501526,Even Better All-Over Primer + Color Corrector,CLINIQUE,3.8,29.0,Makeup,Face,66,6,5,23,3.6,4,1,2,2,3,5,0,2,7,5,1,1,0,1,0,1,4
P448565,Clinique Smart Clinical MD Multi-Dimensional Age Transformer Duo Resculpt + Revolumize,CLINIQUE,3.0,74.0,Skincare,Moisturizers,103,7,6,27,3.0,9,1,2,2,3,8,0,4,5,9,1,0,0,1,0,0,2
P122772,Non-Streak Bronzer,CLINIQUE,4.386,26.0,Bath & Body,Self Tanners,12,1,1,4,4.5,0,0,0,0,0,0,0,0,0,0,0,0,0,0,0,0,0
P474942,Refresh in 5,CLINIQUE,4.6667,25.0,Skincare,Value & Gift Sets,91,7,5,26,5.4,6,0,2,3,1,3,0,3,4,7,1,0,0,0,0,0,1
P467608,Smart Night Clinical MD Multi-Dimensional Repair Treatment Retinol Serum,CLINIQUE,4.75,74.0,Skincare,Treatments,49,7,6,27,4.7,5,1,1,1,2,3,0,2,5,5,1,1,0,2,0,1,2
P469452,All About Clean 2-in-1 Charcoal Face Mask + Scrub,CLINIQUE,3.75,33.0,Skincare,Masks,22,0,0,0,5.5,1,0,0,1,1,1,0,0,0,1,0,0,0,0,0,0,0
P405825,Repairwear Laser Focus Line Smoothing Cream Broad Spectrum SPF 15 for Very Dry to Dry Combination Skin,CLINIQUE,4.125,61.0,Skincare,Moisturizers,77,10,6,36,5.0,10,0,1,1,0,4,0,5,5,9,1,0,0,0,0,0,0
P483653,Light Up Your Eyes Set,CLINIQUE,5.0,45.0,Makeup,Eye,75,4,4,16,5.0,1,0,0,1,1,1,0,0,2,1,1,1,0,1,0,0,1
P439099,Clarifying Lotion 2,CLINIQUE,4.4286,36.0,Skincare,Cleansers,13,0,0,0,6.7,2,0,0,1,1,1,0,0,0,2,0,0,0,0,0,0,0
P405285,Smart Broad Spectrum SPF 15 Custom-Repair Moisturizer for Very Dry to Dry Skin,CLINIQUE,4.5,64.0,Skincare,Moisturizers,50,3,3,12,5.4,5,0,1,2,1,3,0,1,2,4,1,0,0,0,0,0,0
P439098,Clarifying Lotion 3,CLINIQUE,4.1667,36.0,Skincare,Cleansers,17,2,2,8,4.6,1,1,2,1,1,0,0,0,2,2,0,1,0,1,0,1,1
P480289,Mini Acne Solutions Cleansing Foam,CLINIQUE,4.0,11.0,Skincare,Cleansers,27,3,3,12,4.8,3,0,1,3,1,2,0,1,1,2,1,0,0,0,0,0,0
P481668,Clarifying Do-Over Peel,CLINIQUE,3.0,35.0,Skincare,Treatments,20,5,4,19,2.6,4,5,6,2,5,5,0,0,6,5,0,1,0,3,0,1,4
P481062,"Clean Skin, Fresh Start Acne Solutions Kit",CLINIQUE,3.0,24.5,Skincare,Value & Gift Sets,47,7,6,27,2.6,6,3,4,5,3,4,0,1,3,5,1,1,0,2,0,1,2
P481066,High Impact Zero Gravity Mascara,CLINIQUE,3.8,25.0,Makeup,Eye,36,3,3,12,2.6,0,0,0,0,0,0,0,0,0,0,0,0,0,0,0,0,0
P406656,Repairwear Laser Focus Line Smoothing Cream Broad Spectrum SPF 15 for Combination Oily to Oily Skin,CLINIQUE,3.6667,53.0,Skincare,Moisturizers,63,8,6,30,4.4,9,0,0,1,0,4,0,4,3,7,1,0,0,0,0,0,0
P474941,3 Step Intro Kit Type II,CLINIQUE,2.0,21.0,Skincare,Value & Gift Sets,53,8,5,29,2.4,3,0,0,1,1,1,0,0,1,3,0,0,0,0,0,0,0
P501164,Hydrate & Glow Skincare Set,CLINIQUE,4.2713,42.0,Skincare,Value & Gift Sets,88,9,7,34,4.0,6,0,2,3,0,2,0,4,5,7,1,0,0,0,0,0,1
P504674,Even Better Brightening Moisturizer SPF 20,CLINIQUE,4.2713,59.0,Skincare,Moisturizers,43,3,3,12,4.0,2,0,2,2,0,2,0,0,2,3,1,0,0,0,0,0,1
P433827,"Take The Day Off Makeup Remover For Lids, Lashes & Lips Jumbo",CLINIQUE,4.5,31.5,Makeup,Accessories,13,2,1,7,4.0,0,0,0,0,0,0,0,0,0,0,0,0,0,0,0,0,0
P500098,Makeup Melting Balm Cleanser,Community Sixty-Six,3.4032,16.0,Skincare,Cleansers,52,4,3,15,4.1,1,0,1,1,0,1,0,2,2,2,0,0,0,0,0,0,0
P500114,Retinol Resurfacing Night Moisturizer,Community Sixty-Six,4.0658,35.0,Skincare,Moisturizers,50,7,5,26,4.3,2,1,2,1,1,2,0,2,4,4,1,0,0,1,0,1,1
P500094,Hydrating Oil-Free Gel Moisturizer,Community Sixty-Six,4.1245,25.0,Skincare,Moisturizers,38,5,3,18,4.5,2,1,3,1,1,1,0,1,3,3,0,0,0,1,0,0,1
P500113,Detoxifying AHA/BHA Gel Cleanser,Community Sixty-Six,4.0504,16.0,Skincare,Cleansers,25,3,3,12,3.9,0,3,5,2,3,2,0,0,4,3,0,1,0,3,0,1,3
P500109,Hydrating Caffeine Eye Cream,Community Sixty-Six,4.1379,18.0,Skincare,Eye Care,50,7,5,26,4.4,2,1,2,1,1,2,0,2,4,4,1,0,0,1,0,1,1
P500096,Oil Control Moisturizer with Niacinamide,Community Sixty-Six,3.75,25.0,Skincare,Moisturizers,50,8,4,28,4.5,2,1,3,2,1,0,0,2,4,4,0,0,0,0,0,0,0
P500106,Everyday Mineral Moisturizer SPF 30 Sunscreen,Community Sixty-Six,4.0,30.0,Skincare,Moisturizers,47,4,2,14,4.8,2,0,1,1,0,0,0,2,2,2,0,0,0,0,0,0,0
P500120,Nourishing Rich Moisturizer with Hyaluronic Acid,Community Sixty-Six,3.5,25.0,Skincare,Moisturizers,49,4,3,15,4.0,1,0,2,1,1,1,0,1,3,2,0,0,0,0,0,0,1
P500116,Hydrating Cream Cleanser with Hyaluronic Acid,Community Sixty-Six,4.75,16.0,Skincare,Cleansers,49,3,2,11,5.7,1,0,1,1,0,1,0,2,2,2,0,0,0,0,0,0,0
P429516,Full Spectrum 360° Sun Silk Drops Organic Sunscreen SPF 30,COOLA,4.4205,48.0,Skincare,Sunscreen,29,1,1,4,4.9,1,0,0,0,0,1,0,0,0,0,0,0,0,0,0,0,0
P396623,Makeup Setting Spray Organic Sunscreen SPF 30,COOLA,3.3066,36.0,Skincare,Sunscreen,22,0,0,0,4.4,1,0,0,0,0,1,0,0,0,0,0,0,0,0,0,0,0
P418221,Organic Sunless Tan Anti-Aging Face Serum,COOLA,3.9744,54.0,Skincare,Self Tanners,28,1,1,4,5.6,3,1,1,0,1,3,0,0,2,2,0,0,1,0,0,0,1
P455618,Full Spectrum 360° Refreshing Water Mist Organic Face Sunscreen SPF 18,COOLA,4.3636,36.0,Skincare,Sunscreen,33,1,1,4,4.0,0,0,0,0,0,0,2,0,0,0,0,0,0,2,0,2,0
P395723,Classic Body Organic Sunscreen Spray SPF 50 Fragrance-Free,COOLA,4.3636,28.0,Skincare,Sunscreen,9,0,0,0,5.6,1,0,0,0,0,1,0,0,0,0,0,0,0,0,0,0,0
P455341,Classic Body Organic Sunscreen Spray SPF 70 Peach Blossom,COOLA,4.2692,28.0,Skincare,Sunscreen,25,0,0,0,6.1,1,0,0,1,0,0,0,1,1,1,0,0,0,0,0,0,0
P452002,Classic Face Sunscreen SPF 50 White Tea,COOLA,3.9149,32.0,Skincare,Sunscreen,26,1,1,4,3.9,0,0,0,0,0,0,0,0,0,0,0,0,0,0,0,0,0
P441645,Sunless Tan Firming Lotion,COOLA,4.25,46.0,Skincare,Self Tanners,27,1,1,4,6.3,2,1,2,1,1,2,0,0,2,2,1,0,0,0,0,0,0
P442267,Sunless Tan Express Sculpting Mousse,COOLA,4.0,48.0,Skincare,Self Tanners,31,1,1,4,6.0,2,1,2,1,1,1,0,1,3,3,1,0,0,0,0,0,0
P429508,Sunless Tan Dry Body Oil Mist,COOLA,4.3478,46.0,Skincare,Self Tanners,24,1,1,4,5.8,1,1,1,0,1,2,0,0,1,1,0,0,0,0,0,0,1
P483057,COOLA Organic Liplux Classic Sunscreen Lip Oil SPF 30,COOLA,2.4211,18.0,Skincare,Lip Balms & Treatments,16,1,1,4,2.1,0,0,0,0,0,0,0,0,0,0,0,0,0,0,0,0,0
P482257,Classic Body Organic Sunscreen Lotion SPF 50,COOLA,3.875,28.0,Bath & Body,Body Moisturizers,36,2,2,8,4.6,1,1,2,0,1,2,0,0,2,2,0,0,0,0,0,1,1
P482259,Dew Good Illuminating Serum SPF 30,COOLA,4.5556,48.0,Skincare,Sunscreen,27,1,1,4,5.1,0,0,1,1,0,0,0,0,0,0,0,0,0,0,0,0,0
P483078,COOLA Scalp & Hair Mist Organic Sunscreen SPF 30,COOLA,3.2857,28.0,Skincare,Sunscreen,19,0,0,0,4.3,1,0,0,0,0,1,0,0,0,0,0,0,0,0,0,0,0
P482258,Mineral Face Sunscreen Sheer Matte SPF 30,COOLA,3.5,36.0,Skincare,Sunscreen,42,2,2,8,4.6,1,1,2,0,1,1,0,0,2,2,0,0,0,0,0,0,0
P482256,Classic Face Organic Sunscreen Lotion SPF 30,COOLA,3.6667,32.0,Skincare,Sunscreen,30,3,2,11,3.0,1,0,0,0,0,1,0,1,1,1,0,0,0,0,0,1,1
P500880,Classic Face Organic Sunscreen Lotion SPF 50,COOLA,5.0,32.0,Skincare,Sunscreen,33,3,2,11,4.6,1,0,0,0,0,1,0,1,1,1,0,0,0,0,0,1,1
P504987,Refreshing Water Sunscreen Stick SPF 50,COOLA,5.0,30.0,Skincare,Sunscreen,35,0,0,0,6.0,0,0,0,0,0,0,0,0,0,0,0,0,0,0,0,0,0
P472021,Mochi Mochi Luminous Plumping & Hydrating Moisturizer,DAMDAM,4.6687,48.0,Skincare,Moisturizers,21,3,2,11,4.4,1,1,1,0,0,0,0,0,0,1,0,0,0,0,0,0,0
P472023,Nomad’s Cream Purifying & Exfoliating AHA Cleanser,DAMDAM,4.7929,38.0,Skincare,Cleansers,21,3,2,11,4.6,1,1,1,0,0,0,0,0,0,1,0,0,0,0,0,0,0
P472025,Silk Rice Makeup-Removing Cleansing Oil,DAMDAM,4.7602,46.0,Skincare,Cleansers,9,0,0,0,5.7,0,0,0,0,0,0,0,0,0,0,0,0,0,0,0,0,0
P482260,Rice Drops Face Oil Hydrating Serum,DAMDAM,4.8548,68.0,Skincare,Moisturizers,10,0,0,0,5.8,0,0,0,0,0,0,0,0,0,0,0,0,0,0,0,0,0
P504988,Snow Mushroom Pore Cleanser with Exfoliating Glove,DAMDAM,4.7037,47.0,Skincare,Cleansers,7,2,2,8,4.0,0,0,0,0,0,0,0,0,0,0,0,0,0,0,0,0,0
P472024,Skin Mud Pure Vitamin C Brightening Mask,DAMDAM,4.7419,48.0,Skincare,Masks,11,2,1,7,4.9,0,0,1,0,0,0,0,0,1,1,0,0,0,0,0,0,0
P472022,Paradisi Hydrating Essence Mist,DAMDAM,4.5,48.0,Skincare,Moisturizers,13,3,1,10,4.2,1,1,1,0,0,0,0,0,0,1,0,0,0,0,0,0,0
P481342,Cleansing & Hydrating Bestseller Set Bento Box,DAMDAM,5.0,42.0,Skincare,Value & Gift Sets,51,4,2,14,5.4,2,1,1,0,0,1,0,0,0,2,0,0,0,0,0,0,0
P481075,Arousal Serum,Dame,4.4141,30.0,Bath & Body,Body Care,17,1,1,4,4.5,0,0,0,0,0,0,0,0,0,0,0,0,0,0,0,0,0
P500862,Body Wipes- Aloe Infused,Dame,4.8252,12.0,Bath & Body,Body Care,15,1,1,4,6.0,0,1,2,0,0,0,0,0,1,1,0,0,0,0,0,0,0
P501762,Desire Gummies,Dame,4.0,42.0,Bath & Body,Body Care,14,1,1,4,5.6,1,1,2,0,1,1,0,0,2,3,0,0,0,1,0,0,1
P468353,"Colorfix Eye, Cheek & Lip Cream Pigment",Danessa Myricks Beauty,4.3961,18.0,Makeup,Eye,15,1,0,3,4.7,0,0,0,0,0,0,0,0,0,0,0,0,0,0,0,0,0
P484039,Yummy Skin Blurring Balm Powder,Danessa Myricks Beauty,3.754,36.0,Makeup,Face,21,2,0,6,4.1,1,0,0,0,0,0,0,1,1,1,0,0,0,0,0,0,0
P479311,Twin Flames Liquid Eyeshadow,Danessa Myricks Beauty,4.2991,26.0,Makeup,Eye,14,0,0,0,5.2,0,0,0,0,0,0,0,0,0,0,0,0,0,0,0,0,0
P481694,Yummy Skin Serum Foundation,Danessa Myricks Beauty,3.9703,34.0,Makeup,Face,26,0,0,0,4.8,0,0,0,0,0,0,0,0,0,0,0,0,0,0,0,0,0
P469461,"Vision Flush Blush, Eyeshadow and Lip Color",Danessa Myricks Beauty,4.0435,20.0,Makeup,Cheek,23,8,5,29,2.9,0,0,0,0,0,0,0,0,0,0,0,0,0,0,0,0,0
P501512,Lightwork Vol. IV: Transcendence Palette - Illuminating Eye & Face Pigments,Danessa Myricks Beauty,4.7849,125.0,Makeup,Eye,35,1,0,3,5.1,0,0,0,0,0,0,0,0,0,0,0,0,0,0,0,0,0
P482522,Infinite Chrome Waterproof Micropencil Eyeliner,Danessa Myricks Beauty,4.1,22.0,Makeup,Eye,27,2,0,6,3.7,0,0,0,0,0,0,0,0,0,0,0,0,0,0,0,0,0
P504051,Yummy Skin Blurring Balm Powder Flushed - Matte Color for Cheek & Lip,Danessa Myricks Beauty,4.8751,25.0,Makeup,Cheek,24,2,0,6,5.5,1,0,0,0,0,0,0,1,1,1,0,0,0,0,0,0,0
P469455,Dew Wet Hydrating and Highlighting Balm,Danessa Myricks Beauty,4.0446,22.0,Makeup,Face,15,0,0,0,4.9,0,0,0,0,0,0,0,0,0,0,0,0,0,0,0,0,0
P473701,Balm Contour,Danessa Myricks Beauty,4.4393,26.0,Makeup,Face,23,1,1,4,4.5,0,0,0,0,0,0,0,0,0,0,0,0,0,0,0,0,0
P481696,Yummy Skin Glow Serum with Hyaluronic Acid,Danessa Myricks Beauty,4.5,34.0,Makeup,Face,39,2,1,7,4.2,0,0,0,0,0,1,0,0,1,0,0,0,0,0,0,0,1
P469460,Vision Cream Cover Adjustable Foundation & Concealer,Danessa Myricks Beauty,4.2384,22.0,Makeup,Face,12,0,0,0,5.1,0,0,0,0,0,0,0,0,0,0,0,0,0,0,0,0,0
P469458,Lightwork Highlighting Palette,Danessa Myricks Beauty,4.7917,42.0,Makeup,Makeup Palettes,11,0,0,0,5.8,0,0,0,0,0,0,0,0,0,0,0,0,0,0,0,0,0
P501014,Mini Lightwork Vol. III The Experience Eye & Face Palette,Danessa Myricks Beauty,4.6316,85.0,Makeup,Makeup Palettes,34,1,0,3,5.0,0,0,0,0,0,0,0,0,0,0,0,0,0,0,0,0,0
P502023,Infinite Chrome Holiday Kit - Eye & Face Multichrome Pigments,Danessa Myricks Beauty,4.8889,35.0,Makeup,Eye,27,1,1,4,5.1,0,0,0,0,0,0,0,0,0,0,0,0,0,0,0,0,0
P475525,"Colorfix Eye, Cheek & Lip Cream Pigment Rose Dream Set",Danessa Myricks Beauty,4.4138,30.0,Makeup,Value & Gift Sets,15,1,0,3,4.7,0,0,0,0,0,0,0,0,0,0,0,0,0,0,0,0,0
P469459,Power Bronzer Cream Bronzer,Danessa Myricks Beauty,4.3556,26.0,Makeup,Cheek,23,3,1,10,3.2,0,0,0,0,0,0,0,0,0,0,0,0,0,0,0,0,0
P469456,Evolution Setting Powder,Danessa Myricks Beauty,4.4118,24.0,Makeup,Face,9,1,1,4,4.5,0,0,0,0,0,0,0,0,0,0,0,0,0,0,0,0,0
P469457,Illuminating Veil Liquid Highlighter,Danessa Myricks Beauty,3.973,22.0,Makeup,Face,24,2,1,7,3.4,0,0,0,0,0,0,0,0,0,0,0,0,0,0,0,0,0
P504669,Vision Flush Glow - Hyper Radiant Liquid Highlighter,Danessa Myricks Beauty,4.7925,20.0,Makeup,Face,15,0,0,0,5.8,0,0,0,0,0,0,0,0,0,0,0,0,0,0,0,0,0
P469454,Beauty Oil with Gold Leaf,Danessa Myricks Beauty,4.6269,30.0,Skincare,Moisturizers,10,1,0,3,5.8,1,0,0,0,0,0,0,1,1,1,0,0,0,0,0,0,0
P481695,Yummy Skin Serum Foundation Refill,Danessa Myricks Beauty,3.8333,24.0,Makeup,Face,26,0,0,0,4.6,0,0,0,0,0,0,0,0,0,0,0,0,0,0,0,0,0
P396014,Cuticle Lab - Nail Treatment Set,Deborah Lippmann,4.3851,49.0,Makeup,Nail,53,8,6,30,4.3,1,0,1,0,1,3,0,0,2,2,0,1,0,1,0,1,3
P381211,Deborah Lippmann - Exfoliating Cuticle Remover Nail Treatment,Deborah Lippmann,4.6125,22.0,Makeup,Nail,10,2,2,8,3.9,0,0,0,0,0,0,0,0,0,0,0,0,0,0,0,0,0
P381210,Cuticle Oil - Nail Cuticle Treatment,Deborah Lippmann,3.8701,22.0,Makeup,Nail,7,1,1,4,3.8,0,0,0,0,0,0,0,0,0,0,0,0,0,0,0,0,0
P416422,Bed of Roses Nail Polish Set,Deborah Lippmann,4.0,39.0,Makeup,Nail,29,1,1,4,4.6,0,0,1,0,0,0,0,0,1,1,0,0,0,0,0,0,0
P385341,The Cure - Nail Cuticle Repair Cream Treatment,Deborah Lippmann,4.2805,25.0,Makeup,Nail,40,5,3,18,4.1,1,0,1,0,1,3,0,0,2,2,0,1,0,1,0,1,3
P430966,Deborah Lippmann Hyper Vibes - Gel Lab Pro Color,Deborah Lippmann,4.1538,20.0,Makeup,Nail,36,1,1,4,4.8,0,0,1,0,0,0,0,0,1,1,0,0,0,0,0,0,0
P381312,Hard Rock - Nail Strengthening Top and Base Coat,Deborah Lippmann,4.1124,22.0,Makeup,Nail,20,0,0,0,4.7,0,0,0,0,0,0,1,0,0,0,0,0,0,1,0,1,0
P381311,The Stripper - Nail Polish Remover,Deborah Lippmann,3.6145,22.0,Makeup,Nail,5,0,0,0,4.3,0,0,0,0,0,0,0,0,0,0,0,0,0,0,0,0,0
P381213,Rich Girl - Broad Spectrum SPF 25 Hand Cream,Deborah Lippmann,4.0426,30.0,Makeup,Nail,28,2,2,8,3.7,1,0,0,0,0,1,0,0,0,0,0,0,0,0,0,0,0
P438934,Get Off Callus Softener Intensive Treatment,Deborah Lippmann,4.2713,49.0,Bath & Body,Bath & Shower,9,4,3,15,3.2,2,3,3,1,3,2,0,0,4,3,0,1,0,3,0,1,3
P500119,Happier Than Ever 6 Piece Nail Polish Set,Deborah Lippmann,3.0,39.0,Makeup,Nail,38,1,1,4,3.4,0,0,1,0,0,0,0,0,1,1,0,0,0,0,0,0,0
P477418,High & Dry Super Quick-Drying Hemp + UVA/UVB  Top Coat,Deborah Lippmann,3.8,22.0,Makeup,Nail,15,2,1,7,3.0,0,0,0,0,0,0,1,0,0,0,0,0,0,1,0,1,0
P429043,LUXE+ Advanced Sonic Dermaplaning + Peach Fuzz Removal,DERMAFLASH,3.9735,199.0,Skincare,High Tech Tools,5,1,1,4,4.2,0,1,1,1,1,0,0,0,1,0,0,1,0,1,0,1,1
P430809,THE ESSENTIALS Sonic Dermaplaning Refill Kit,DERMAFLASH,4.3125,87.0,Skincare,Value & Gift Sets,5,1,1,4,4.6,0,1,1,1,1,0,0,0,1,0,0,1,0,1,0,1,1
P443352,Mini Daily Microfoliant Exfoliator,Dermalogica,4.696,18.0,Skincare,Mini Size,29,4,3,15,4.8,0,1,2,2,1,1,0,1,2,1,0,1,0,1,0,1,1
P423688,Daily Microfoliant Exfoliator,Dermalogica,4.696,65.0,Skincare,Cleansers,29,4,3,15,4.8,0,1,2,2,1,1,0,1,2,1,0,1,0,1,0,1,1
P423148,Precleanse Cleansing Oil,Dermalogica,4.5435,49.0,Skincare,Cleansers,24,4,3,15,3.5,0,0,0,0,0,0,0,0,0,0,0,0,0,0,0,0,0
P443350,Mini Precleanse Cleansing Oil,Dermalogica,4.5435,15.0,Skincare,Mini Size,24,4,3,15,3.5,0,0,0,0,0,0,0,0,0,0,0,0,0,0,0,0,0
P453930,Biolumin-C Vitamin C Eye Serum,Dermalogica,4.5228,74.0,Skincare,Eye Care,55,8,5,29,5.4,7,1,2,0,1,4,0,2,4,7,0,0,0,0,0,0,0
P423136,Special Cleansing Gel,Dermalogica,4.5196,42.0,Skincare,Cleansers,25,2,1,7,4.6,0,0,1,0,0,0,0,0,1,1,0,0,0,0,0,0,0
P443700,Mini Special Cleansing Gel,Dermalogica,4.5196,13.0,Skincare,Mini Size,25,2,1,7,4.6,0,0,1,0,0,0,0,0,1,1,0,0,0,0,0,0,0
P443370,BioLumin-C Vitamin C Serum,Dermalogica,4.5714,95.0,Skincare,Treatments,33,7,4,25,5.1,3,1,1,0,1,3,0,0,1,2,0,0,0,1,0,0,1
P500240,Daily Milkfoliant Exfoliator,Dermalogica,4.7943,65.0,Skincare,Cleansers,64,7,5,26,5.8,2,0,2,2,0,2,0,1,1,3,0,0,0,0,0,0,0
P445832,Acne Clearing Skin Wash Cleanser,Dermalogica,4.6303,42.0,Skincare,Cleansers,56,6,5,23,4.6,1,3,3,2,2,4,0,0,2,0,0,2,0,2,0,1,2
P443359,Skin Smoothing Cream Moisturizer,Dermalogica,4.6055,74.0,Skincare,Moisturizers,63,7,7,28,5.3,7,0,1,0,0,2,0,2,4,7,0,0,0,0,0,0,1
P423142,Active Moist Moisturizer,Dermalogica,4.6028,74.0,Skincare,Moisturizers,42,10,7,37,5.1,1,0,1,1,0,1,0,1,1,2,0,0,0,0,0,0,0
P460624,Discover Healthy Skin Kit,Dermalogica,4.6265,39.5,Skincare,Value & Gift Sets,129,17,13,64,4.6,7,1,3,2,1,3,0,3,6,8,0,1,0,1,0,1,2
P423130,MultiVitamin Power Recovery Mask,Dermalogica,4.3667,65.0,Skincare,Masks,53,3,2,11,4.2,3,1,1,1,1,7,0,3,3,3,0,0,0,1,0,1,3
P456582,Invisible Physical Defense Mineral Sunscreen SPF30,Dermalogica,4.3731,48.0,Skincare,Sunscreen,37,6,5,23,4.6,2,0,0,1,0,0,0,1,1,2,0,0,0,0,0,0,0
P481697,Circular Hydration Serum with Hyaluronic Acid,Dermalogica,4.7688,64.0,Skincare,Treatments,70,9,5,32,5.3,9,1,3,1,1,5,0,0,2,9,0,0,0,1,0,0,1
P474822,Daily Glycolic Cleanser,Dermalogica,4.7843,37.0,Skincare,Cleansers,5,1,1,4,5.7,0,1,1,0,1,1,0,0,1,1,0,0,0,1,0,0,1
P472810,Smart Response Serum,Dermalogica,4.7825,145.0,Skincare,Treatments,50,6,5,23,5.5,2,0,1,0,0,1,0,1,2,2,0,0,0,0,0,0,0
P503814,Dynamic Skin Retinol Serum,Dermalogica,4.8081,92.0,Skincare,Treatments,43,7,6,27,4.8,2,2,3,1,2,3,0,2,5,5,0,0,0,2,0,3,3
P445833,AGE Bright Clearing Serum,Dermalogica,4.3528,75.0,Skincare,Treatments,32,8,6,30,4.4,1,2,2,1,1,0,0,1,2,1,0,1,0,1,0,1,1
P462344,Hydro Masque Exfoliant,Dermalogica,4.4406,64.0,Skincare,Cleansers,65,7,5,26,4.9,2,1,3,1,1,1,0,0,2,3,0,0,0,1,0,0,1
P423150,Multi-Active Toner,Dermalogica,4.3987,43.0,Skincare,Cleansers,48,8,7,31,5.3,10,0,1,1,0,3,0,1,1,11,0,0,0,0,0,0,0
P443351,Mini Multi-Active Toner,Dermalogica,4.3987,13.0,Skincare,Mini Size,48,8,7,31,5.3,10,0,1,1,0,3,0,1,1,11,0,0,0,0,0,0,0
P467111,Retinol Acne Clearing Oil,Dermalogica,4.3981,86.0,Skincare,Moisturizers,21,3,2,11,4.3,0,2,1,1,2,1,0,0,2,1,0,1,0,2,0,2,2
P423123,Daily Superfoliant Exfoliator,Dermalogica,4.5631,65.0,Skincare,Cleansers,41,6,4,22,4.7,1,2,2,0,2,2,0,0,2,2,0,0,0,2,0,0,2
P469118,Melting Moisture Mask,Dermalogica,4.6879,69.0,Skincare,Masks,44,7,5,26,5.6,4,0,0,0,0,1,0,3,3,3,0,0,0,0,0,0,0
P479692,Awaken Peptide Depuffing Eye Gel,Dermalogica,4.7033,59.0,Skincare,Eye Care,34,3,1,10,5.2,1,1,1,1,1,2,0,0,1,1,1,0,0,1,0,0,1
P475086,BioLumin-C Vitamin-C Gel Moisturizer,Dermalogica,4.6384,69.0,Skincare,Moisturizers,65,7,3,24,5.6,4,1,3,3,0,2,0,3,3,5,0,0,0,0,0,0,0
P502326,Dynamic Skin Recovery SPF50 Moisturizer,Dermalogica,4.8189,79.0,Skincare,Sunscreen,57,14,10,52,5.8,5,1,2,3,1,2,0,3,5,5,0,0,0,0,0,0,0
P423135,Super Rich Repair Moisturizer,Dermalogica,4.6593,94.0,Skincare,Moisturizers,48,7,7,28,4.6,1,0,0,0,0,2,0,0,1,1,0,0,0,0,0,0,0
P428240,Calm Water Gel Moisturizer,Dermalogica,4.3562,55.0,Skincare,Moisturizers,25,3,3,12,3.2,0,0,0,0,0,0,0,0,0,0,0,0,0,0,0,0,0
P423134,MultiVitamin Power Firm Eye Cream,Dermalogica,4.1724,69.0,Skincare,Eye Care,21,2,1,7,3.4,0,0,0,0,1,2,0,0,1,0,0,1,0,1,0,1,2
P423127,Ultracalming Cleanser,Dermalogica,4.4523,42.0,Skincare,Cleansers,29,3,1,10,4.3,1,0,0,1,0,0,0,1,1,1,0,0,0,0,0,0,0
P505139,Phyto Nature Oxygen Cream,Dermalogica,4.8646,125.0,Skincare,Moisturizers,54,5,1,16,5.8,3,1,1,0,0,0,0,3,2,2,0,0,0,0,0,0,0
P443369,Sound Sleep Cocoon Night Gel-Cream,Dermalogica,4.1823,89.0,Skincare,Treatments,29,5,4,19,4.0,1,0,1,0,0,0,0,0,1,2,0,0,0,0,0,0,0
P423125,Ultracalming Serum Concentrate,Dermalogica,4.3077,66.0,Skincare,Treatments,30,5,3,18,4.4,1,0,0,1,0,1,0,1,1,1,0,0,0,0,0,0,0
P443358,Intensive Moisture Balance Moisturizer,Dermalogica,4.4667,47.0,Skincare,Moisturizers,38,4,3,15,4.8,4,1,2,0,2,3,0,2,4,3,0,0,0,1,0,0,2
P449177,AGE Smart Phyto-Nature Firming Serum,Dermalogica,4.3311,155.0,Skincare,Treatments,65,5,4,19,5.2,2,1,1,0,1,2,0,1,2,2,0,0,0,0,0,0,0
P443366,Prisma Protect SPF 30 Moisturizer,Dermalogica,4.3571,69.0,Skincare,Moisturizers,49,8,8,32,4.2,2,0,1,0,0,2,4,0,1,2,0,0,0,4,0,4,0
P446638,Power Cleanse Duo,Dermalogica,4.5752,19.0,Skincare,Value & Gift Sets,48,8,6,30,4.7,0,1,2,2,1,1,0,1,2,1,0,1,0,1,0,1,1
P443361,Skinperfect Primer SPF 30,Dermalogica,4.3226,58.0,Makeup,Face,33,3,3,12,3.4,0,0,0,0,0,1,0,0,0,0,0,0,0,0,0,0,0
P423143,Stress Positive Eye Lift Mask,Dermalogica,4.1667,74.0,Skincare,Eye Care,40,8,5,29,3.0,0,0,0,0,0,0,0,0,0,0,0,0,0,0,0,0,0
P503820,Daily Brightness Boosters Kit,Dermalogica,4.8333,49.5,Skincare,Value & Gift Sets,97,15,9,54,5.0,6,3,5,3,2,5,0,3,6,8,0,0,0,2,0,0,2
P423690,Skin Resurfacing Lactic Acid Cleanser,Dermalogica,4.1071,48.0,Skincare,Cleansers,30,8,7,31,3.9,1,1,1,0,1,1,0,0,1,1,0,0,0,1,0,0,1
P456569,Active Clay Prebiotic Cleanser,Dermalogica,4.6087,42.0,Skincare,Cleansers,38,6,4,22,4.1,0,0,1,0,0,0,0,0,1,1,0,0,0,0,0,0,0
P423145,Age Reversal Eye Complex,Dermalogica,3.7273,79.0,Skincare,Eye Care,77,7,5,26,3.5,4,1,3,2,2,9,0,2,6,6,1,0,0,1,0,2,4
P467112,Daily Microfoliant Exfoliator Refill Pack,Dermalogica,4.8824,56.0,Skincare,Cleansers,29,4,3,15,5.1,0,1,2,2,1,1,0,1,2,1,0,1,0,1,0,1,1
P445822,Intensive Moisture Cleanser,Dermalogica,4.0,42.0,Skincare,Cleansers,63,10,5,35,4.4,2,0,0,0,0,0,0,2,2,2,0,0,0,0,0,0,0
P455915,Mini MultiVitamin Power Recovery Mask,Dermalogica,5.0,16.5,Skincare,Mini Size,38,2,1,7,5.6,3,1,1,0,1,6,0,2,3,3,0,0,0,1,0,1,3
P453814,Lip Glow Oil,Dior,4.0795,40.0,Makeup,Lip,35,8,6,30,2.9,0,0,0,0,0,0,0,0,0,0,0,0,0,0,0,0,0
P186805,Dior Addict Lip Maximizer Plumping Gloss,Dior,4.4714,40.0,Makeup,Lip,29,3,2,11,3.4,0,0,0,0,0,1,0,0,0,0,0,0,0,0,0,0,1
P432500,BACKSTAGE Face & Body Foundation,Dior,4.3445,40.0,Makeup,Face,28,6,5,23,3.2,0,0,0,0,0,0,0,0,0,0,0,0,0,0,0,0,0
P454762,BACKSTAGE Rosy Glow Blush,Dior,4.2244,40.0,Makeup,Cheek,28,7,6,27,3.1,0,0,0,0,0,0,0,0,0,0,0,0,0,0,0,0,0
P432502,BACKSTAGE Glow Face Palette,Dior,4.5317,45.0,Makeup,Makeup Palettes,38,4,3,15,4.2,1,0,0,0,0,0,0,1,1,1,0,0,0,0,0,0,0
P432504,BACKSTAGE Eyeshadow Palette,Dior,4.2467,49.0,Makeup,Eye,49,4,3,15,3.1,0,0,0,0,0,0,0,0,0,0,0,0,0,0,0,0,0
P467760,Rouge Dior Refillable Lipstick,Dior,4.5272,45.0,Makeup,Lip,42,6,5,23,3.4,0,0,0,0,0,0,0,0,0,0,0,0,0,0,0,0,0
P482262,Backstage Concealer,Dior,4.475,29.0,Makeup,Face,37,1,1,4,6.4,1,0,1,1,1,1,0,1,3,2,1,0,0,0,0,0,1
P439941,Dior Forever Skin Glow Foundation SPF 15,Dior,4.3385,55.0,Makeup,Face,41,2,2,8,3.6,0,0,0,0,0,0,0,0,0,0,0,0,0,0,0,0,0
P456596,Dior Addict Stellar Lip Gloss,Dior,4.3333,40.0,Makeup,Lip,40,10,8,38,3.2,0,0,0,0,0,0,0,0,0,0,0,0,0,0,0,0,0
P439940,Dior Forever Matte Foundation SPF 15,Dior,4.3064,55.0,Makeup,Face,37,2,2,8,3.6,0,0,0,0,0,0,0,0,0,0,0,0,0,0,0,0,0
P500997,Rouge Dior Forever Transfer-Proof Lipstick,Dior,4.4264,45.0,Makeup,Lip,32,3,3,12,4.1,1,0,0,0,0,0,0,1,1,1,0,0,0,0,0,0,0
P396240,Diorshow 24h Buildable Volume Mascara,Dior,4.1817,29.5,Makeup,Eye,31,1,1,4,5.6,1,0,1,0,0,0,0,1,2,2,0,0,0,0,0,0,0
P481969,Dior Addict Refillable Shine Lipstick,Dior,4.5083,45.0,Makeup,Lip,27,5,4,19,4.2,1,0,0,0,0,0,0,1,1,1,0,0,0,0,0,0,0
P415619,Dreamskin Skin Perfector,Dior,4.3384,130.0,Skincare,Moisturizers,46,9,8,35,5.0,1,0,2,2,1,2,0,1,2,1,0,0,0,0,0,0,1
P483654,Dior Addict Lip Tint,Dior,3.6104,40.0,Makeup,Lip,38,6,5,23,4.3,2,0,1,0,0,0,0,2,3,3,0,0,0,0,0,0,0
P377821,Diorshow Iconic Overcurl Mascara,Dior,4.2475,29.5,Makeup,Eye,35,3,2,11,3.1,0,0,0,0,0,0,0,0,0,0,0,0,0,0,0,0,0
P472028,Capture Totale Super Potent Eye Serum,Dior,4.3831,85.0,Skincare,Eye Care,41,3,2,11,5.1,2,0,2,2,1,2,0,1,1,1,0,0,0,0,0,0,1
P463032,5 Couleurs Couture Eyeshadow Palette,Dior,3.7922,62.0,Makeup,Eye,55,5,3,18,4.0,1,0,1,0,1,1,0,1,3,2,0,1,0,1,0,0,1
P475090,Dior Forever Couture Luminizer Highlighter Powder,Dior,4.3492,50.0,Makeup,Face,27,1,0,3,5.4,1,0,0,0,0,0,0,1,1,1,0,0,0,0,0,0,0
P238433,Diorshow Brow Styler Ultra-Fine Precision Brow Pencil,Dior,4.5911,31.0,Makeup,Eye,22,1,1,4,5.5,1,0,0,0,0,0,0,1,1,1,0,0,0,0,0,0,0
P444597,BACKSTAGE Face & Body Primer,Dior,4.1186,36.0,Makeup,Face,30,5,4,19,3.7,0,0,1,1,0,0,0,0,1,1,0,0,0,0,0,0,0
P99901,Diorshow Waterproof Mascara,Dior,3.8403,29.5,Makeup,Eye,31,1,1,4,3.8,0,0,0,0,0,0,0,0,0,0,0,0,0,0,0,0,0
P450457,Rouge Dior Ultra Care Liquid Lipstick,Dior,4.3235,38.0,Makeup,Lip,35,6,6,24,4.0,1,0,0,0,0,0,0,1,1,1,0,0,0,0,0,0,0
P467945,Capture Totale Super Potent Rich Cream,Dior,4.5457,130.0,Skincare,Moisturizers,50,5,4,19,5.3,2,0,1,1,1,2,0,1,1,1,0,0,0,0,0,0,1
P379408,Nail Glow,Dior,4.1767,30.0,Makeup,Nail,14,2,2,8,4.0,0,0,1,0,0,0,0,0,1,1,0,0,0,0,0,0,0
P454806,Capture Totale Firming & Wrinkle-Correcting Cream,Dior,4.5168,130.0,Skincare,Moisturizers,47,2,1,7,5.4,2,0,2,1,1,3,0,1,2,2,0,0,0,0,0,1,2
P480162,Cica Recover & Repair Multi-Use Balm,Dior,4.6416,60.0,Skincare,Moisturizers,26,4,3,15,3.6,0,0,0,0,0,0,0,0,0,0,0,0,0,0,0,0,0
P297404,Forever Natural Velvet Matte Compact Foundation,Dior,3.875,60.0,Makeup,Face,34,3,2,11,2.6,0,0,0,0,0,0,0,0,0,0,0,0,0,0,0,0,0
P442793,Rouge Blush,Dior,4.6618,45.0,Makeup,Cheek,33,8,7,31,3.6,0,0,0,0,0,0,0,0,0,0,0,0,0,0,0,0,0
P481972,La Mousse OFF/ON Foaming Face Cleanser,Dior,4.4232,50.0,Skincare,Cleansers,26,3,3,12,3.9,0,0,1,0,0,0,0,0,1,1,0,0,0,0,0,0,0
P416366,Dior Addict Lip Sugar Scrub,Dior,4.2837,40.0,Makeup,Lip,36,8,6,30,3.1,0,0,0,0,0,0,0,0,0,0,0,0,0,0,0,0,0
P435806,Dreamskin Fresh & Perfect Cushion Broad Spectrum SPF 50,Dior,4.1378,90.0,Makeup,Face,49,10,6,36,4.6,1,1,2,2,0,1,0,1,0,0,0,0,0,0,0,0,0
P503999,Capture Totale Le Sérum Anti-Aging Serum,Dior,4.4527,100.0,Skincare,Treatments,43,2,0,6,6.1,3,0,2,2,0,1,0,3,2,2,0,0,0,0,0,0,0
P501542,Mini Rouge Dior Lipstick Set,Dior,3.5625,50.0,Makeup,Value & Gift Sets,43,8,6,30,3.1,1,0,0,0,0,0,0,1,1,1,0,0,0,0,0,0,0
P429720,Diorshow On Stage Waterproof Liquid Eyeliner,Dior,3.432,32.0,Makeup,Eye,23,2,1,7,2.7,0,0,0,0,0,0,0,0,0,0,0,0,0,0,0,0,0
P471544,Diorshow Maximizer 3D Triple Volume Plumping Lash Primer,Dior,4.3092,29.5,Makeup,Eye,40,4,3,15,3.2,0,0,0,0,0,0,0,0,0,0,0,0,0,0,0,0,0
P480599,Lip Maximizer Serum,Dior,3.8,40.0,Makeup,Lip,35,3,1,10,4.4,2,0,1,0,0,0,0,1,2,3,0,0,0,0,0,0,0
P99902,Crayon Eyeliner - Waterproof,Dior,4.313,30.0,Makeup,Eye,21,1,0,3,4.6,0,0,0,0,0,0,0,0,0,0,0,0,0,0,0,0,0
P423548,Miss Dior Moisturizing Body Milk,Dior,4.2308,65.0,Bath & Body,Body Moisturizers,38,14,12,54,3.7,0,0,1,0,0,1,0,0,1,1,0,0,0,0,0,0,1
P408407,Sauvage Deodorant Stick,Dior,4.5862,35.0,Bath & Body,Body Care,16,7,7,28,3.5,0,0,0,0,0,0,0,0,0,0,0,0,0,0,0,0,0
P386816,Diorshow Iconic Overcurl Waterproof Mascara,Dior,3.4735,29.5,Makeup,Eye,31,1,1,4,3.4,0,0,0,0,0,0,0,0,0,0,0,0,0,0,0,0,0
P435807,Dreamskin Fresh & Perfect Cushion Broad Spectrum SPF 50 Refill,Dior,4.2619,45.0,Makeup,Face,49,10,6,36,4.7,1,1,2,2,0,1,0,1,0,0,0,0,0,0,0,0,0
P475091,Dior Forever Loose Cushion Powder,Dior,3.6667,65.0,Makeup,Face,21,0,0,0,4.4,0,0,0,0,0,0,0,0,0,0,0,0,0,0,0,0,0
P441312,Diorshow Pump 'N' Volume Mascara,Dior,3.44,29.5,Makeup,Eye,32,1,1,4,3.3,0,0,0,0,0,0,0,0,0,0,0,0,0,0,0,0,0
P501414,Miss Dior Blooming Bouquet Lifestyle Gift Set,Dior,2.5,110.0,Makeup,Value & Gift Sets,83,21,18,81,1.2,0,0,1,0,0,1,2,0,1,1,0,0,0,2,0,2,1
P500313,Mini Diorshow Mascara Duo Set,Dior,4.4,28.0,Makeup,Eye,56,4,3,15,4.7,1,0,1,0,0,0,0,1,2,2,0,0,0,0,0,0,0
P428255,Capture Youth Serum Collection,Dior,4.2434,110.0,Skincare,Treatments,21,4,4,16,4.5,2,1,2,1,1,3,0,1,2,2,0,0,0,1,0,0,2
P380621,J'adore Body Milk,Dior,4.1714,65.0,Bath & Body,Body Moisturizers,38,15,13,58,3.0,0,0,0,0,0,0,0,0,0,0,0,0,0,0,0,0,0
P380620,J'adore Soap,Dior,4.4375,33.0,Bath & Body,Bath & Shower,31,12,11,47,3.3,0,0,0,0,0,0,0,0,0,0,0,0,0,0,0,0,0
P444194,J'adore Huile Divine - Dry Silky Body & Hair Oil,Dior,4.0833,75.0,Bath & Body,Body Moisturizers,24,12,12,48,2.9,0,0,0,0,0,0,0,0,0,0,0,0,0,0,0,0,0
P504675,Dior Forever Glow Veil Makeup Primer,Dior,4.375,50.0,Makeup,Face,33,3,1,10,5.0,2,0,1,0,0,0,0,1,2,3,0,0,0,0,0,0,0
P470214,Forever Perfect Fix Setting Spray,Dior,4.0909,45.0,Makeup,Face,15,2,1,7,4.5,1,0,1,0,0,0,0,0,1,2,0,0,0,0,0,0,0
P427729,Capture Youth Age-Delay Advanced Crème,Dior,3.9219,110.0,Skincare,Moisturizers,41,5,4,19,4.1,2,0,1,1,0,2,0,1,0,0,0,0,0,0,0,0,0
P431440,Miss Dior Body Oil,Dior,3.6429,70.0,Bath & Body,Body Moisturizers,35,14,14,56,3.4,1,0,1,0,0,1,0,0,1,2,0,0,0,0,0,0,1
P463033,Diorshow Stylo Waterproof Eyeliner,Dior,2.7742,34.0,Makeup,Eye,31,2,2,8,1.7,0,0,0,0,0,0,0,0,0,0,0,0,0,0,0,0,0
P400061,Sauvage Deodorant Spray,Dior,4.5806,40.0,Bath & Body,Body Care,14,6,6,24,3.5,0,0,0,0,0,0,0,0,0,0,0,0,0,0,0,0,0
P423264,One Essential Skin Boosting Super Serum,Dior,4.3889,110.0,Skincare,Treatments,48,8,6,30,5.3,4,0,2,1,0,2,0,3,3,3,0,0,0,0,0,0,0
P375354,Capture Totale Intensive Night Restorative Crème,Dior,4.4545,175.0,Skincare,Moisturizers,65,10,8,38,5.3,2,0,2,1,0,2,0,1,1,1,0,0,0,0,0,0,0
P500247,Diorshow OnSet Brow Gel,Dior,4.375,31.0,Makeup,Eye,27,1,1,4,4.5,0,0,0,0,0,0,0,0,0,0,0,0,0,0,0,0,0
P416728,Dreamskin Skin Perfector Refill,Dior,4.5714,102.0,Skincare,Treatments,46,9,8,35,5.3,1,0,2,2,1,2,0,1,2,1,0,0,0,0,0,0,1
P481078,Sauvage Shower Wash,Dior,4.5,50.0,Bath & Body,Bath & Shower,24,2,2,8,4.8,1,0,1,0,0,0,0,0,1,2,0,0,0,0,0,0,0
P417604,Hydra Life Deep Hydration Sorbet Water Essence,Dior,4.3438,80.0,Skincare,Treatments,43,6,4,22,4.4,2,0,0,0,0,1,0,1,1,1,0,0,0,0,0,0,0
P429676,Hydra Life Cooling Hydration Sorbet Eye Gel,Dior,3.3226,60.0,Skincare,Eye Care,32,3,3,12,2.0,0,0,0,0,0,0,0,0,0,0,0,0,0,0,0,0,0
P440923,Capture Youth Age-Delay Advanced Eye Treatment,Dior,3.4667,75.0,Skincare,Eye Care,39,4,2,14,4.0,2,0,1,1,0,1,0,2,1,1,0,0,0,0,0,0,0
P500408,Dior Addict Shine Lipstick Refill,Dior,5.0,35.0,Makeup,Lip,31,4,4,16,4.0,0,0,0,0,0,0,0,0,0,0,0,0,0,0,0,0,0
P504694,Dior Forever Velvet Veil Matte Primer,Dior,3.6,50.0,Makeup,Face,33,3,1,10,4.1,2,0,1,0,0,0,0,1,2,3,0,0,0,0,0,0,0
P408542,One Essential Eye Serum,Dior,4.3333,72.0,Skincare,Eye Care,47,9,8,35,5.0,2,0,1,0,0,3,0,0,1,2,0,0,0,0,0,0,0
P467761,Rouge Dior Lipstick Refill,Dior,5.0,35.0,Makeup,Lip,43,7,5,26,4.0,0,0,0,0,0,0,0,0,0,0,0,0,0,0,0,0,0
P429430,Diorshow Pump'N'Volume Waterproof Mascara,Dior,2.9111,29.5,Makeup,Eye,26,1,1,4,2.7,0,0,0,0,0,0,0,0,0,0,0,0,0,0,0,0,0
P504692,Diorshow 10 Couleurs Eye Makeup Palette – Mitzah Limited Edition,Dior,5.0,130.0,Makeup,Eye,56,3,2,11,4.6,0,0,1,0,1,1,0,0,2,1,0,1,0,1,0,0,1
P454807,Capture Totale Firming & Wrinkle-Correcting Eye Cream,Dior,4.3889,80.0,Skincare,Eye Care,59,4,3,15,4.9,3,0,2,1,1,4,0,1,2,2,0,0,0,0,0,0,2
P469465,Rouge Dior Lip Balm Refill,Dior,4.2713,35.0,Makeup,Lip,26,1,0,3,4.4,1,0,0,0,0,1,0,1,1,1,0,0,0,0,0,0,1
P427731,Capture Youth Glow Booster Age-Delay Illuminating Serum,Dior,4.6667,110.0,Skincare,Treatments,21,4,4,16,5.0,2,1,2,1,1,3,0,1,2,2,0,0,0,1,0,0,2
P429675,Hydra Life Balancing Hydration 2 in 1 Sorbet Water,Dior,3.7692,45.0,Skincare,Moisturizers,27,5,4,19,4.1,1,0,2,2,0,0,0,0,1,2,0,0,0,0,0,0,0
P427732,Capture Youth Plump Filler Age-Delay Plumping Serum,Dior,4.0,110.0,Skincare,Treatments,23,1,1,4,5.0,1,0,1,1,0,1,0,1,0,0,0,0,0,0,0,0,0
P476432,Capture Totale Super Potent Cleanser,Dior,4.4545,65.0,Skincare,Cleansers,40,3,3,12,4.7,1,0,1,0,1,1,0,0,2,2,0,0,0,0,0,0,1
P400059,Sauvage After-Shave Lotion,Dior,4.8571,70.0,Bath & Body,Bath & Shower,16,6,6,24,4.4,1,0,0,1,0,0,2,1,1,1,0,0,0,2,0,2,0
P500623,Eye and Lip Makeup Remover,Dior,2.4,40.0,Makeup,Accessories,17,2,1,7,2.1,0,0,1,0,0,0,0,0,1,1,0,0,0,0,0,0,0
P444987,Capture Youth Age-Delay Progressive Peeling Crème,Dior,4.4286,110.0,Skincare,Treatments,41,5,4,19,4.7,2,0,1,1,0,2,0,1,0,0,0,0,0,0,0,0,0
P481970,Hydra Life Fresh Sorbet Crème Moisturizer,Dior,3.5,85.0,Skincare,Moisturizers,27,4,3,15,3.0,1,0,0,0,0,0,0,1,1,1,0,0,0,0,0,0,0
P455022,Homme Deodorant Stick,Dior,3.0,35.0,Bath & Body,Body Care,16,9,8,35,1.6,0,0,0,0,0,0,0,0,0,0,0,0,0,0,0,0,0
P455584,Sauvage Shaving Gel,Dior,5.0,70.0,Bath & Body,Bath & Shower,23,4,4,16,4.0,0,0,0,0,0,0,0,0,0,0,0,0,0,0,0,0,0
P440922,Capture Youth Intense Rescue Age-Delay Revitalizing Oil-Serum,Dior,3.4,110.0,Skincare,Treatments,28,4,2,14,3.1,1,0,1,1,0,1,0,1,0,0,0,0,0,0,0,0,0
P481971,Hydra Life Intense Sorbet Crème Moisturizer,Dior,5.0,85.0,Skincare,Moisturizers,31,5,3,18,4.8,1,0,0,0,0,0,0,1,1,1,0,0,0,0,0,0,0
P481077,Capture Totale Intensive Essence Lotion,Dior,4.0,80.0,Skincare,Moisturizers,36,2,1,7,5.2,2,0,2,2,1,2,0,1,1,1,0,0,0,0,0,0,1
P504053,Capture Dreamskin 1-Minute Mask,Dior,5.0,80.0,Skincare,Masks,37,4,2,14,5.4,0,1,2,0,2,2,0,0,3,2,0,0,0,1,0,0,2
P306859,Light Blue Pour Homme Deodorant,Dolce&Gabbana,2.5556,29.0,Bath & Body,Body Care,16,8,8,32,1.1,0,0,0,0,0,0,0,0,0,0,0,0,0,0,0,0,0
P505167,The Essential Eye Shadow Palette,DOMINIQUE COSMETICS,4.7857,49.0,Makeup,Eye,30,1,1,4,4.9,0,0,0,0,1,1,0,0,1,0,0,1,0,1,0,0,1
P380541,Cashmere Mist Deodorant,Donna Karan,4.4439,32.0,Bath & Body,Bath & Shower,23,12,11,47,3.9,0,0,0,1,0,1,0,1,0,0,0,0,0,0,0,0,0
P503730,Cashmere Mist Aluminum Free/Alcohol Free Deodorant,Donna Karan,3.3333,32.0,Bath & Body,Body Care,18,11,11,44,2.0,0,0,0,0,0,0,0,0,0,0,0,0,0,0,0,0,0
P380539,Cashmere Mist Body Creme,Donna Karan,4.6667,60.0,Bath & Body,Body Moisturizers,30,11,7,40,5.6,6,0,0,1,0,1,0,6,5,5,0,0,0,0,0,0,0
P447212,Hyaluronic Serum,Dr. Barbara Sturm,3.9386,320.0,Skincare,Treatments,8,0,0,0,4.7,0,0,0,0,0,0,0,0,0,0,0,0,0,0,0,0,0
P454936,Mini Hyaluronic Serum,Dr. Barbara Sturm,3.9386,110.0,Skincare,Mini Size,8,0,0,0,4.7,0,0,0,0,0,0,0,0,0,0,0,0,0,0,0,0,0
P447782,Glow Drops,Dr. Barbara Sturm,4.0601,150.0,Skincare,Treatments,36,1,1,4,4.7,0,0,1,0,1,2,0,0,2,1,0,1,0,1,0,0,2
P454935,Mini Glow Drops,Dr. Barbara Sturm,4.0601,60.0,Skincare,Mini Size,36,1,1,4,4.7,0,0,1,0,1,2,0,0,2,1,0,1,0,1,0,0,2
P447781,Face Cream,Dr. Barbara Sturm,4.2407,225.0,Skincare,Moisturizers,32,1,0,3,5.7,1,0,1,0,1,2,0,1,3,2,0,1,0,1,0,0,2
P464233,Mini Face Cream,Dr. Barbara Sturm,4.2407,75.0,Skincare,Moisturizers,32,1,0,3,5.7,1,0,1,0,1,2,0,1,3,2,0,1,0,1,0,0,2
P447785,Eye Cream,Dr. Barbara Sturm,3.8221,145.0,Skincare,Eye Care,23,2,1,7,4.2,0,0,2,1,0,0,0,0,1,1,0,0,0,0,0,0,0
P447783,Cleanser,Dr. Barbara Sturm,4.2,75.0,Skincare,Cleansers,19,2,2,8,4.6,1,1,2,1,1,0,0,0,3,2,0,1,0,1,0,1,1
P447789,Sun Drops SPF 50,Dr. Barbara Sturm,2.7164,150.0,Skincare,Sunscreen,27,4,2,14,2.5,2,0,0,0,0,2,0,0,0,2,0,0,0,0,0,0,0
P448554,Enzyme Cleanser,Dr. Barbara Sturm,3.8276,75.0,Skincare,Cleansers,9,1,1,4,3.8,0,0,0,0,1,1,0,0,1,0,0,1,0,1,0,0,1
P448711,Face Mask,Dr. Barbara Sturm,4.5185,125.0,Skincare,Masks,16,1,1,4,4.6,0,0,0,0,0,0,0,0,0,0,0,0,0,0,0,0,0
P447790,Anti-Pollution Drops,Dr. Barbara Sturm,3.6327,150.0,Skincare,Treatments,13,1,1,4,4.0,1,0,0,0,0,1,0,0,0,0,0,0,0,0,0,0,0
P456997,Night Serum,Dr. Barbara Sturm,4.7021,310.0,Skincare,Treatments,19,1,1,4,5.2,1,0,0,0,0,1,0,0,0,0,0,0,0,0,0,0,0
P447787,Super Anti-Aging Serum,Dr. Barbara Sturm,3.3684,370.0,Skincare,Treatments,10,0,0,0,4.0,0,0,0,0,0,0,0,0,0,0,0,0,0,0,0,0,0
P454937,Mini Super Anti-Aging Serum,Dr. Barbara Sturm,3.3684,130.0,Skincare,Mini Size,10,0,0,0,4.0,0,0,0,0,0,0,0,0,0,0,0,0,0,0,0,0,0
P481973,The Better B Niacinamide Serum,Dr. Barbara Sturm,4.8667,145.0,Skincare,Treatments,24,0,0,0,6.8,1,0,1,0,0,0,0,1,1,1,0,0,0,0,0,0,0
P448715,Balancing Toner,Dr. Barbara Sturm,4.4828,75.0,Skincare,Cleansers,15,0,0,0,6.0,0,0,1,0,0,0,0,0,1,1,0,0,0,0,0,0,0
P469200,The Good C Vitamin C Serum,Dr. Barbara Sturm,3.5,145.0,Skincare,Treatments,26,2,2,8,3.6,0,1,2,1,3,4,0,0,4,1,0,1,0,1,0,0,3
P448553,Face Cream Rich,Dr. Barbara Sturm,4.3182,240.0,Skincare,Moisturizers,35,0,0,0,6.4,1,0,1,0,1,2,0,0,3,2,0,1,0,1,0,0,2
P448558,Clarifying Face Cream,Dr. Barbara Sturm,3.3182,225.0,Skincare,Moisturizers,49,2,1,7,3.6,5,2,3,2,2,7,0,1,4,6,0,1,0,2,0,0,3
P447788,Calming Serum,Dr. Barbara Sturm,3.7778,255.0,Skincare,Treatments,23,1,1,4,4.3,0,0,1,0,0,0,0,0,1,1,0,0,0,0,0,0,0
P448557,Clarifying Serum,Dr. Barbara Sturm,4.125,255.0,Skincare,Treatments,16,2,2,8,4.8,0,1,2,1,0,1,0,0,1,1,0,0,0,0,0,0,0
P448542,Clarifying Mask,Dr. Barbara Sturm,4.125,150.0,Skincare,Masks,36,1,1,4,5.4,1,1,2,2,1,5,0,1,2,2,0,1,0,1,0,0,2
P449601,Face Cream Light,Dr. Barbara Sturm,3.9333,215.0,Skincare,Moisturizers,29,1,1,4,5.5,1,0,1,1,0,0,0,1,2,2,0,0,0,0,0,0,0
P454375,Clarifying Acne Spot Treatment,Dr. Barbara Sturm,3.5,55.0,Skincare,Treatments,14,2,2,8,3.2,0,0,1,0,0,0,0,0,1,1,0,0,0,0,0,0,0
P448716,Anti-Aging Body Cream,Dr. Barbara Sturm,4.0909,125.0,Bath & Body,Body Moisturizers,42,7,5,26,3.9,2,1,2,0,2,3,0,1,4,3,0,1,0,2,0,0,3
P481414,V Wash,Dr. Barbara Sturm,4.0,75.0,Bath & Body,Body Care,17,2,1,7,5.0,1,1,3,1,1,1,0,0,2,2,0,0,0,1,0,0,1
P448548,Darker Skin Tones Hyaluronic Serum,Dr. Barbara Sturm,4.3636,300.0,Skincare,Treatments,12,0,0,0,5.8,0,0,1,0,0,0,0,0,1,1,0,0,0,0,0,0,0
P481413,V Drops,Dr. Barbara Sturm,4.2,100.0,Bath & Body,Body Care,25,3,1,10,4.4,1,1,2,1,1,1,0,0,1,1,0,0,0,1,0,0,1
P448545,Darker Skin Tones Foam Cleanser,Dr. Barbara Sturm,3.7,75.0,Skincare,Cleansers,18,2,2,8,4.0,1,1,2,1,1,0,0,0,3,2,0,1,0,1,0,1,1
P475926,The SturmGlow Kit,Dr. Barbara Sturm,3.1111,185.0,Skincare,Value & Gift Sets,57,3,2,11,2.9,1,0,1,0,1,2,0,1,3,2,0,1,0,1,0,0,2
P448546,Darker Skin Tones Enzyme Cleanser,Dr. Barbara Sturm,4.7778,75.0,Skincare,Cleansers,9,1,1,4,4.9,0,0,0,0,1,1,0,0,1,0,0,1,0,1,0,0,1
P448549,Brightening Serum,Dr. Barbara Sturm,3.5556,310.0,Skincare,Treatments,30,1,1,4,4.9,2,0,1,1,1,3,0,2,3,2,0,1,0,1,0,0,1
P448544,Darker Skin Tones Face Cream,Dr. Barbara Sturm,5.0,225.0,Skincare,Moisturizers,47,3,1,10,5.0,6,2,2,2,3,5,0,4,6,8,0,1,0,2,0,0,3
P474036,Aloe Vera Gel,Dr. Barbara Sturm,3.3333,75.0,Skincare,Moisturizers,15,1,1,4,3.8,0,0,1,0,0,0,0,0,1,1,0,0,0,0,0,0,0
P471017,Super Anti-Aging Face Cream,Dr. Barbara Sturm,3.2222,360.0,Skincare,Moisturizers,32,3,1,10,3.9,2,1,1,1,1,1,0,2,2,3,0,0,0,0,0,0,0
P448713,Clarifying Spot Treatment,Dr. Barbara Sturm,4.125,55.0,Skincare,Treatments,32,4,3,15,4.4,1,0,1,1,0,2,0,1,2,2,0,0,0,0,0,1,2
P448551,Brightening Face Lotion,Dr. Barbara Sturm,4.4286,205.0,Skincare,Moisturizers,39,1,1,4,5.7,2,0,1,0,1,3,0,1,3,2,0,1,0,1,0,0,2
P477150,Super Anti-Aging Eye Cream,Dr. Barbara Sturm,4.3333,210.0,Skincare,Eye Care,45,3,1,10,4.6,1,0,1,0,0,0,0,1,2,2,0,0,0,0,0,0,0
P448550,Brightening Face Cream,Dr. Barbara Sturm,5.0,240.0,Skincare,Moisturizers,41,1,1,4,6.4,2,0,1,0,1,3,0,1,3,2,0,1,0,1,0,0,2
P448547,Darker Skin Tones Face Cream Rich,Dr. Barbara Sturm,4.6667,240.0,Skincare,Moisturizers,38,1,1,4,6.0,1,1,1,1,2,2,0,2,3,3,0,1,0,1,0,0,2
P504011,Super Anti-Aging Night Cream,Dr. Barbara Sturm,4.2713,395.0,Skincare,Moisturizers,26,1,1,4,4.0,0,0,1,0,0,0,0,0,1,1,0,0,0,0,0,0,0
P139005,pores no more pore refiner primer,Dr. Brandt Skincare,4.2677,48.0,Makeup,Face,28,2,1,7,3.7,0,0,0,0,0,0,0,0,0,0,0,0,0,0,0,0,0
P427397,Hydro Biotic Recovery Sleeping Mask,Dr. Brandt Skincare,4.5788,54.0,Skincare,Masks,34,3,2,11,5.3,2,0,1,2,0,0,0,1,1,2,0,0,0,0,0,0,0
P391802,Needles No More Wrinkle Smoothing Cream,Dr. Brandt Skincare,3.5158,89.0,Skincare,Treatments,49,6,5,23,3.4,3,2,5,2,2,5,0,2,5,4,0,0,0,2,0,0,2
P397310,PoreDermabrasion Pore Perfecting Exfoliator,Dr. Brandt Skincare,4.2437,59.0,Skincare,Cleansers,32,4,3,15,4.3,0,1,2,3,1,1,0,1,1,0,0,1,0,1,0,1,1
P411254,MAGNETIGHT Age-Defier Mask,Dr. Brandt Skincare,3.9216,75.0,Skincare,Masks,22,0,0,0,4.9,0,0,0,0,0,1,0,0,0,0,0,0,0,0,0,0,0
P435209,Radiance Resurfacing Foam,Dr. Brandt Skincare,4.4478,72.0,Skincare,Treatments,63,5,2,17,5.3,4,0,1,2,0,2,0,3,3,3,0,0,0,0,0,0,0
P429662,pores no more Vacuum Cleaner Pore Purifying Mask,Dr. Brandt Skincare,3.887,44.0,Skincare,Masks,28,5,5,20,3.7,0,2,2,1,2,1,0,0,2,1,0,1,0,2,0,1,2
P417002,pores no more Luminizer Primer,Dr. Brandt Skincare,3.9663,40.0,Makeup,Face,42,3,2,11,4.2,1,0,1,0,0,0,0,1,2,2,0,0,0,0,0,0,0
P470217,Liquid Sun Shield Daily Brightening Mineral Sunscreen SPF 50,Dr. Brandt Skincare,4.2804,67.0,Skincare,Sunscreen,41,3,2,11,4.7,3,0,0,0,0,1,0,2,1,1,0,0,0,0,0,0,0
P467614,C Scription Vitamin C Brightening Serum,Dr. Brandt Skincare,4.6959,120.0,Skincare,Treatments,38,7,4,25,5.4,2,0,1,0,1,2,0,1,3,2,0,0,0,0,0,0,1
P383053,Do Not Age with Dr. Brandt Triple Peptide Eye Cream,Dr. Brandt Skincare,4.0822,82.0,Skincare,Eye Care,46,3,2,11,3.9,4,0,0,1,1,4,0,4,4,4,1,1,2,1,1,2,3
P460758,Cool Biotic Prebiotic Redness Relief Cream,Dr. Brandt Skincare,4.1468,56.0,Skincare,Moisturizers,35,5,3,18,4.6,1,1,3,1,1,1,0,0,2,2,0,0,0,1,0,0,1
P417625,24/7 Retinol Eye Cream,Dr. Brandt Skincare,3.9159,58.0,Skincare,Eye Care,30,4,3,15,4.1,1,1,1,0,1,1,0,1,2,2,0,0,0,1,0,1,1
P444225,Clean Biotic pH-balanced yogurt cleanser with chlorophyll,Dr. Brandt Skincare,4.2212,36.0,Skincare,Cleansers,27,4,3,15,4.7,1,1,3,1,1,1,0,0,2,2,0,0,0,1,0,0,1
P429661,pores no more Mattifying Hydrator Pore Minimizing Gel,Dr. Brandt Skincare,4.2039,50.0,Skincare,Treatments,37,3,3,12,3.6,1,0,0,0,0,1,0,1,1,1,0,0,0,0,0,1,1
P383052,Do Not Age with Dr. Brandt Moisturizing Neck Cream,Dr. Brandt Skincare,3.7745,67.0,Skincare,Moisturizers,39,5,3,18,3.9,2,1,1,0,1,2,0,2,2,3,0,0,0,1,0,0,2
P383051,Do Not Age with Dr. Brandt Time Defying Cream,Dr. Brandt Skincare,4.0114,132.0,Skincare,Moisturizers,35,2,1,7,4.6,2,0,0,0,0,1,0,1,1,1,0,0,0,0,0,0,0
P453822,Dark Spots No More Triple Acid Spot Minimizing Concentrate,Dr. Brandt Skincare,3.9634,71.0,Skincare,Treatments,23,2,2,8,5.2,2,2,2,1,2,1,0,1,3,1,0,0,0,0,0,0,0
P448710,pores no more Pore Purifying Cleanser,Dr. Brandt Skincare,4.2537,38.0,Skincare,Cleansers,23,5,4,19,3.9,0,1,2,1,1,0,0,0,2,1,0,1,0,1,0,1,1
P502640,Microdermabrasion Renewing Age-Defying Face Exfoliator,Dr. Brandt Skincare,4.8621,79.0,Skincare,Cleansers,24,7,4,25,5.0,1,2,2,1,2,3,0,1,2,2,0,0,0,2,0,0,2
P383054,Do Not Age with Dr. Brandt Transforming Pearl Serum,Dr. Brandt Skincare,4.1852,152.0,Skincare,Treatments,38,4,2,14,4.2,3,0,0,0,0,2,0,0,0,1,0,0,0,0,0,0,0
P442001,Hyaluronic Facial Cream,Dr. Brandt Skincare,3.814,72.0,Skincare,Moisturizers,57,9,7,34,3.6,5,3,3,1,3,5,0,3,5,5,0,1,0,3,0,1,3
P442263,needles no more 3-D LIP PLUMPFIX,Dr. Brandt Skincare,2.8947,39.0,Skincare,Lip Balms & Treatments,71,2,1,7,3.1,1,0,0,0,0,1,0,1,1,1,0,0,0,0,0,0,0
P440302,needles no more Neck Sculpting Cream,Dr. Brandt Skincare,3.7742,95.0,Skincare,Moisturizers,43,7,3,24,4.1,2,1,1,1,1,2,0,0,1,1,1,0,0,1,0,0,1
P476570,Triple Active Retinol Gentle Overnight Renewal Cream,Dr. Brandt Skincare,3.7273,75.0,Skincare,Moisturizers,43,7,5,26,3.9,3,1,1,0,1,2,0,1,2,4,0,0,0,1,0,1,1
P435790,Radiance Revitalizing Foam,Dr. Brandt Skincare,5.0,65.0,Skincare,Treatments,63,5,2,17,6.0,4,0,1,2,0,2,0,3,3,3,0,0,0,0,0,0,0
P504411,Microdermabrasion Smoothing Lip Scrub,Dr. Brandt Skincare,4.0,30.0,Skincare,Lip Balms & Treatments,10,0,0,0,4.8,0,0,0,0,0,0,0,0,0,0,0,0,0,0,0,0,0
P500151,Drop of Strength All Day Strengthening Serum,Dr. Brandt Skincare,4.5,85.0,Skincare,Treatments,21,2,1,7,5.0,1,0,1,0,0,0,0,0,1,2,0,0,0,0,0,0,0
P460622,25 Years of Dr. Brandt Kit,Dr. Brandt Skincare,1.0,165.0,Skincare,Value & Gift Sets,122,16,9,57,1.0,4,2,5,5,3,11,0,3,5,5,1,0,0,2,0,0,2
P504423,Microdermbrasion Hydrating Body Exfoliator,Dr. Brandt Skincare,4.2713,50.0,Bath & Body,Bath & Shower,15,0,0,0,4.8,0,0,1,0,0,0,0,0,1,1,0,0,0,0,0,0,0
P269122,Alpha Beta Extra Strength Daily Peel Pads,Dr. Dennis Gross Skincare,4.5455,92.0,Skincare,Treatments,45,5,4,19,4.5,4,7,9,3,7,9,0,3,10,8,0,2,0,7,0,2,7
P447592,Alpha Beta Pore Perfecting & Refining Serum,Dr. Dennis Gross Skincare,4.4672,68.0,Skincare,Treatments,56,7,5,26,4.4,4,6,7,2,6,5,0,2,7,7,0,1,0,5,0,2,5
P377533,Alpha Beta Universal Daily Peel Pads,Dr. Dennis Gross Skincare,4.4899,92.0,Skincare,Treatments,41,5,4,19,4.4,4,6,8,3,6,8,0,3,9,7,0,2,0,6,0,2,6
P461439,Hyaluronic Marine Makeup Removing Meltaway Cleanser,Dr. Dennis Gross Skincare,4.4555,32.0,Skincare,Cleansers,27,5,2,17,4.9,2,2,3,0,1,1,0,0,2,3,0,0,0,1,0,0,1
P481340,Alpha Beta AHA/BHA Daily Cleansing Gel,Dr. Dennis Gross Skincare,4.3166,39.0,Skincare,Cleansers,40,4,4,16,4.4,2,4,5,1,3,3,0,1,5,5,0,0,0,2,0,0,2
P474825,Advanced Retinol + Ferulic Triple Correction Eye Serum,Dr. Dennis Gross Skincare,4.4967,71.0,Skincare,Eye Care,39,5,5,20,4.4,3,5,6,3,5,4,0,2,7,7,1,1,0,4,0,2,4
P474826,Advanced Retinol + Ferulic Texture Renewal Serum,Dr. Dennis Gross Skincare,4.4667,76.0,Skincare,Treatments,41,7,5,26,4.4,7,5,7,2,5,6,0,5,9,10,0,1,0,5,0,2,5
P466877,Alpha Beta Exfoliating Body Treatment Peel,Dr. Dennis Gross Skincare,4.4054,60.0,Bath & Body,Bath & Shower,39,7,5,26,4.3,6,5,6,2,3,4,0,4,8,8,0,1,0,3,0,1,3
P501190,Vitamin C Lactic Dewy Deep Cream,Dr. Dennis Gross Skincare,4.8008,75.0,Skincare,Moisturizers,64,7,4,25,4.8,5,3,5,2,2,5,0,3,5,5,0,0,0,2,0,0,3
P474824,Advanced Retinol + Ferulic Overnight Wrinkle Treatment,Dr. Dennis Gross Skincare,4.7287,87.0,Skincare,Treatments,43,6,4,22,4.7,5,5,6,1,4,6,0,4,7,7,0,0,0,4,0,1,4
P398761,Alpha Beta Ultra Gentle Daily Peel Pads for Sensitive Skin,Dr. Dennis Gross Skincare,4.3389,20.0,Skincare,Treatments,55,6,2,20,4.4,3,3,5,2,2,5,0,2,4,4,0,0,0,2,0,0,2
P501169,Vitamin C Lactic 15% Firm & Bright Serum,Dr. Dennis Gross Skincare,4.556,85.0,Skincare,Treatments,16,3,2,11,4.5,2,2,3,1,3,4,0,1,3,2,0,1,0,3,0,0,3
P501157,Vitamin C Lactic Firm & Bright Eye Treatment,Dr. Dennis Gross Skincare,4.7459,68.0,Skincare,Eye Care,49,6,4,22,4.7,6,4,6,3,5,7,0,5,9,5,1,2,0,3,0,0,5
P427393,Hyaluronic Marine Dew It Right Eye Gel,Dr. Dennis Gross Skincare,3.5442,55.0,Skincare,Eye Care,37,5,4,19,3.9,3,1,2,1,1,1,0,0,2,4,1,0,0,1,0,0,1
P474823,Advanced Retinol + Ferulic Overnight Texture Renewal Peel,Dr. Dennis Gross Skincare,4.7415,82.0,Skincare,Treatments,44,8,4,28,4.7,6,3,4,1,3,4,0,5,9,9,0,0,0,3,0,1,3
P416755,Hyaluronic Marine Oil-Free Moisture Cushion,Dr. Dennis Gross Skincare,4.0342,65.0,Skincare,Moisturizers,45,7,4,25,4.0,3,2,4,1,2,3,0,1,3,4,0,0,0,2,0,0,2
P479313,Advanced Retinol + Ferulic Intense Wrinkle Cream,Dr. Dennis Gross Skincare,4.695,77.0,Skincare,Moisturizers,64,8,4,28,4.6,5,2,4,1,2,4,0,3,5,6,0,0,0,2,0,1,2
P385773,Hyaluronic Marine Hydration Booster,Dr. Dennis Gross Skincare,4.2555,72.0,Skincare,Treatments,52,5,4,19,4.1,7,4,5,2,3,4,0,4,8,10,0,0,0,3,0,1,3
P503927,Vitamin C Lactic Biocellulose Brightening Treatment Mask,Dr. Dennis Gross Skincare,4.5897,12.0,Skincare,Masks,20,4,1,13,4.5,3,1,3,1,2,4,0,1,3,2,0,1,0,2,0,0,2
P501166,Vitamin C Lactic Oil-Free Radiant Moisturizer,Dr. Dennis Gross Skincare,4.6577,72.0,Skincare,Moisturizers,70,10,6,36,4.6,7,2,4,1,4,6,0,5,9,7,0,2,0,3,0,0,5
P481341,Alpha Beta Daily Moisturizer,Dr. Dennis Gross Skincare,4.561,72.0,Skincare,Moisturizers,64,11,7,40,4.5,3,7,8,2,5,4,0,2,9,7,0,1,0,5,0,1,6
P411360,Hyaluronic Marine Hydrating Modeling Mask,Dr. Dennis Gross Skincare,4.0921,52.0,Skincare,Masks,27,8,8,32,3.9,1,0,1,0,0,1,0,0,1,1,0,0,0,0,0,0,0
P481975,Alpha Beta Daily Essentials - Universal,Dr. Dennis Gross Skincare,4.6296,92.0,Skincare,Value & Gift Sets,110,13,9,48,4.6,7,10,12,4,8,10,0,5,14,11,0,2,0,7,0,2,8
P481339,Alpha Beta Daily Essentials - Extra Strength,Dr. Dennis Gross Skincare,4.4615,92.0,Skincare,Treatments,113,13,9,48,4.4,7,10,12,4,8,10,0,5,14,11,0,2,0,7,0,2,8
P466878,Mini Alpha Beta Exfoliating Body Treatment Peel,Dr. Dennis Gross Skincare,2.8824,18.0,Skincare,Mini Size,39,7,5,26,2.5,6,5,6,2,3,4,0,4,8,8,0,1,0,3,0,1,3
P481376,Mini Alpha Beta AHA/BHA Daily Cleansing Gel,Dr. Dennis Gross Skincare,3.7143,15.0,Skincare,Cleansers,40,4,4,16,3.7,2,4,5,1,3,3,0,1,5,5,0,0,0,2,0,0,2
P474943,Mini Alpha Beta Ultra Gentle Daily Peel Pads for Sensitive Skin,Dr. Dennis Gross Skincare,3.6364,20.0,Skincare,Mini Size,55,6,2,20,3.6,3,3,5,2,2,5,0,2,4,4,0,0,0,2,0,0,2
P503912,Firm + Bright + Glow Vitamin C Lactic Set,Dr. Dennis Gross Skincare,3.4286,85.0,Skincare,Value & Gift Sets,109,14,10,52,3.1,8,8,10,3,9,12,0,6,15,12,0,3,0,8,0,2,10
P411540,Cicapair Tiger Grass Color Correcting Treatment SPF 30,Dr. Jart+,3.9904,52.0,Skincare,Moisturizers,70,5,2,17,4.4,1,0,2,1,0,1,0,1,1,1,0,0,0,0,0,0,0
P471546,Mini Cicapair Tiger Grass Color Correcting Treatment SPF 30,Dr. Jart+,4.0165,21.0,Skincare,Mini Size,70,5,2,17,4.4,1,0,2,1,0,1,0,1,1,1,0,0,0,0,0,0,0
P411539,Cicapair Tiger Grass Cream,Dr. Jart+,4.3233,49.0,Skincare,Moisturizers,64,4,3,15,4.4,1,0,1,2,0,1,0,1,0,0,0,0,0,0,0,0,0
P423259,Cicapair Tiger Grass Serum,Dr. Jart+,4.2657,52.0,Skincare,Treatments,38,3,3,12,4.3,1,0,1,2,0,1,0,1,0,0,0,0,0,0,0,0,0
P467615,Cicapair Tiger Grass Sleepair Intensive Mask,Dr. Jart+,4.5464,42.0,Skincare,Masks,57,5,5,20,5.1,2,0,1,2,0,1,0,1,0,1,0,0,0,0,0,0,0
P448185,Cicapair Tiger Grass Calming Gel Cream,Dr. Jart+,4.4977,49.0,Skincare,Moisturizers,49,5,4,19,4.6,1,0,1,2,0,1,0,1,0,0,0,0,0,0,0,0,0
P454019,Teatreement Moisturizer,Dr. Jart+,4.2435,35.0,Skincare,Moisturizers,51,2,1,7,4.9,4,1,2,4,1,1,0,4,4,4,0,1,0,1,0,1,1
P501005,Premium BB Tinted Moisturizer with Niacinamide and SPF 40,Dr. Jart+,4.3229,44.0,Skincare,Moisturizers,37,8,4,28,5.0,1,0,1,3,0,2,0,2,0,0,0,0,0,0,0,0,0
P442857,Focuspot Micro Tip Patches,Dr. Jart+,3.0381,20.0,Skincare,Treatments,8,0,0,0,4.2,1,0,0,0,0,1,0,0,0,1,0,0,0,0,0,0,0
P457008,Cryo Rubber Masks,Dr. Jart+,4.3149,15.0,Skincare,Masks,66,4,4,16,5.2,3,0,1,1,0,2,0,1,1,3,0,0,0,0,0,0,0
P448184,Cicapair Tiger Grass Calming Mist,Dr. Jart+,4.4314,25.0,Skincare,Moisturizers,39,4,3,15,4.5,1,0,1,2,0,1,0,1,0,0,0,0,0,0,0,0,0
P454086,Teatreement Cleansing Foam,Dr. Jart+,4.1409,29.0,Skincare,Cleansers,36,3,2,11,3.8,0,1,1,2,1,1,0,1,1,0,0,1,0,1,0,1,1
P457521,Every Sun Day Mineral Sunscreen SPF 50+,Dr. Jart+,4.4336,40.0,Skincare,Sunscreen,24,3,2,11,3.5,0,0,0,1,0,0,0,0,0,0,0,0,0,0,0,0,0
P429250,Cicapair  Tiger Grass Camo Drops Color Corrector SPF 35,Dr. Jart+,4.1395,48.0,Skincare,Treatments,75,8,5,29,4.8,2,1,3,3,1,2,0,2,2,1,0,0,0,0,0,0,1
P454085,Teatreement Toner,Dr. Jart+,4.2553,30.0,Skincare,Cleansers,28,2,2,8,4.7,3,1,2,2,1,1,0,3,4,4,0,1,0,1,0,1,1
P473828,Ceramidin  Eye Cream with Niacinamide,Dr. Jart+,4.5473,40.0,Skincare,Eye Care,41,3,1,10,5.5,5,0,1,4,0,2,0,6,3,4,0,0,0,0,0,0,0
P429529,Sheet Masks,Dr. Jart+,4.2176,7.0,Skincare,Masks,35,3,0,9,4.3,2,0,0,0,0,2,0,0,0,1,0,0,0,0,0,0,0
P479632,Pore Remedy PHA Exfoliating Serum,Dr. Jart+,4.1694,45.0,Skincare,Treatments,18,2,2,8,5.4,3,1,2,1,1,2,0,2,2,2,0,0,0,0,0,0,0
P504007,Ceramidin Skin Barrier Moisturizing Cream,Dr. Jart+,4.6091,48.0,Skincare,Moisturizers,43,3,3,12,5.5,3,0,0,2,0,0,0,3,2,3,0,0,0,0,0,0,0
P504042,Ceramidin Skin Barrier Moisturizing Mask,Dr. Jart+,4.6936,9.0,Skincare,Masks,28,2,2,8,5.2,1,0,0,1,0,1,0,2,0,1,0,0,0,0,0,0,0
P504001,Ceramidin Skin Barrier Serum Toner,Dr. Jart+,4.6364,39.0,Skincare,Cleansers,35,3,2,11,3.6,0,0,0,0,0,0,0,0,0,0,0,0,0,0,0,0,0
P504064,Ceramidin Cream-Infused Mask,Dr. Jart+,4.6324,15.0,Skincare,Masks,34,4,3,15,4.0,1,0,0,1,0,0,0,0,0,0,0,0,0,0,0,0,0
P457522,Every Sun Day Sun Fluid SPF 50+,Dr. Jart+,4.4215,42.0,Skincare,Sunscreen,23,4,3,15,3.1,0,0,0,0,0,0,4,0,0,0,0,0,0,4,0,4,0
P397624,Dermask Micro Jet Clearing Solution,Dr. Jart+,4.4472,9.0,Skincare,Masks,29,2,2,8,4.7,1,1,2,2,2,2,0,1,2,1,0,1,0,1,0,1,2
P479633,Pore Remedy Purifying Mud Mask,Dr. Jart+,4.1781,9.0,Skincare,Masks,29,1,1,4,6.2,5,1,2,1,1,3,0,3,4,6,0,0,0,0,0,0,0
P397623,Dermask Water Jet Vital Hydra Solution,Dr. Jart+,4.5507,7.0,Skincare,Masks,35,3,0,9,4.7,2,0,0,0,0,2,0,0,0,1,0,0,0,0,0,0,0
P481700,Cicapair Redness Rescue Kit,Dr. Jart+,4.2857,39.0,Skincare,Value & Gift Sets,130,10,8,38,4.9,3,2,4,4,2,3,0,2,3,2,0,0,0,0,0,0,1
P397622,Dermask Water Jet Soothing Hydra Solution,Dr. Jart+,4.0538,7.0,Skincare,Masks,41,3,0,9,3.7,1,0,0,0,0,1,0,0,0,1,0,0,0,0,0,0,0
P442854,Focuspot Dark Spot Micro Tip Patch,Dr. Jart+,3.6311,20.0,Skincare,Treatments,8,0,0,0,6.2,2,0,1,1,1,2,0,1,1,1,0,0,0,0,0,0,1
P501031,Pore Remedy 5% Multi-Acid Radiance Peel,Dr. Jart+,4.5741,40.0,Skincare,Treatments,53,9,8,35,4.5,14,3,5,5,2,7,0,2,4,14,1,1,0,2,0,1,3
P457523,BB Dis-A-Pore Broad Spectrum SPF 50+ Sunscreen,Dr. Jart+,3.7348,39.0,Makeup,Face,41,4,3,15,4.1,2,0,1,2,0,1,1,2,1,1,0,0,0,1,0,1,0
P442853,Focuspot Blemish Micro Tip Patch,Dr. Jart+,3.9684,20.0,Skincare,Treatments,8,0,0,0,5.4,1,0,0,0,0,1,0,0,0,1,0,0,0,0,0,0,0
P462860,Ceramidin Body Lotion,Dr. Jart+,4.2759,28.0,Bath & Body,Body Moisturizers,43,3,2,11,5.1,3,0,0,2,0,0,0,3,2,3,0,0,0,0,0,0,0
P397625,Dermask Micro Jet Brightening Solution,Dr. Jart+,4.0571,9.0,Skincare,Masks,35,3,1,10,4.7,2,0,1,2,1,2,0,2,2,2,0,0,0,0,0,0,1
P433884,Dermask Ultra Jet Peeling Solution,Dr. Jart+,4.2462,9.0,Skincare,Treatments,47,5,0,15,4.7,1,1,2,1,1,2,0,1,2,2,0,0,0,1,0,0,1
P397626,Dermask Intra Jet Wrinkless Solution,Dr. Jart+,3.619,9.0,Skincare,Masks,21,2,2,8,4.7,2,0,1,3,0,3,0,3,1,1,0,0,0,0,0,0,0
P397627,Dermask Intra Jet Firming Solution,Dr. Jart+,3.3061,9.0,Skincare,Masks,21,2,2,8,4.4,2,0,1,3,0,3,0,3,1,1,0,0,0,0,0,0,0
P481699,Cicapair Tiger Grass Calming Serum Mask,Dr. Jart+,4.36,9.0,Skincare,Masks,29,1,1,4,6.4,1,0,1,3,0,2,0,2,0,0,1,0,0,0,0,0,0
P457011,Cryo Rubber Mask with Firming Collagen,Dr. Jart+,4.8462,15.0,Skincare,Masks,61,5,5,20,5.8,4,0,2,2,0,3,0,2,1,3,0,0,0,0,0,0,0
P457012,Cryo Rubber Mask with Brightening Vitamin C,Dr. Jart+,3.8333,15.0,Skincare,Masks,66,4,4,16,4.4,3,0,1,1,0,3,0,1,2,3,0,0,0,0,0,0,1
P457010,Cryo Rubber Mask with Soothing Allantoin,Dr. Jart+,4.5556,15.0,Skincare,Masks,65,4,4,16,5.5,3,0,1,1,0,2,0,1,1,3,0,0,0,0,0,0,0
P457009,Cryo Rubber Mask with Moisturizing Hyaluronic Acid,Dr. Jart+,4.0,15.0,Skincare,Masks,66,4,4,16,4.8,3,0,1,1,0,2,0,1,1,3,0,0,0,0,0,0,0
P459127,Platinum Lip Plump SPF 30,Dr. Lara Devgan Scientific Beauty,4.5731,50.0,Skincare,Lip Balms & Treatments,34,0,0,0,6.9,2,0,0,0,0,1,1,2,1,2,0,0,0,1,0,1,0
P459130,Hyaluronic Serum,Dr. Lara Devgan Scientific Beauty,4.785,245.0,Skincare,Treatments,15,0,0,0,5.7,0,0,0,0,0,0,0,0,0,0,0,0,0,0,0,0,0
P459128,Vitamin C+B+E Ferulic Serum,Dr. Lara Devgan Scientific Beauty,4.8235,145.0,Skincare,Treatments,17,3,3,12,4.0,0,0,0,0,2,2,0,0,2,0,0,2,0,2,0,0,2
P459129,Peptide Eye Cream,Dr. Lara Devgan Scientific Beauty,4.8172,215.0,Skincare,Eye Care,28,2,1,7,5.4,0,0,0,1,0,3,0,1,0,0,0,0,0,0,0,0,0
P459126,Platinum Long Lash Serum,Dr. Lara Devgan Scientific Beauty,4.458,150.0,Makeup,Eye,15,2,2,8,5.1,1,0,1,0,0,2,0,0,1,2,0,0,0,0,0,0,0
P469121,Microdermabrasion Scrub,Dr. Lara Devgan Scientific Beauty,4.2,65.0,Skincare,Cleansers,31,2,2,8,5.4,1,2,2,0,1,1,0,0,2,2,0,0,0,0,0,0,0
P476849,Platinum Lip Plump,Dr. Lara Devgan Scientific Beauty,1.0,50.0,Makeup,Lip,33,0,0,0,2.8,2,0,0,0,0,1,0,2,1,2,0,0,0,0,0,0,0
P475930,Extreme Lengthening Mascara,Dr. Lara Devgan Scientific Beauty,2.375,40.0,Makeup,Eye,11,0,0,0,2.9,0,0,0,0,0,0,0,0,0,0,0,0,0,0,0,0,0
P480441,Retinol + Bakuchiol Serum 2.5x,Dr. Lara Devgan Scientific Beauty,3.0,300.0,Skincare,Treatments,13,1,1,4,4.0,0,1,1,1,1,2,0,0,1,1,1,0,0,1,0,1,1
P480440,Advanced Revitalizing Cleanser,Dr. Lara Devgan Scientific Beauty,4.2713,65.0,Skincare,Cleansers,30,5,3,18,2.8,0,0,1,0,0,0,0,0,1,1,0,0,0,0,0,0,0
P464238,Peptide + Ceramide Repairing Moisturizer,Dr. Zenovia Skincare,4.6744,79.0,Skincare,Moisturizers,45,3,1,10,5.0,5,0,0,1,1,3,0,5,5,5,0,1,0,1,0,0,1
P464243,10% Benzoyl Peroxide Acne Cleanser,Dr. Zenovia Skincare,4.4931,30.0,Skincare,Cleansers,19,1,1,4,5.0,0,0,0,0,0,2,0,0,0,0,0,0,0,0,0,0,0
P464239,Aloe Vera Blemish Soothing Moisturizer,Dr. Zenovia Skincare,4.5809,38.0,Skincare,Moisturizers,21,3,2,11,4.7,1,0,0,0,0,2,0,1,1,1,0,0,0,0,0,0,0
P464245,Bakuchiol Hydrating Cleanser,Dr. Zenovia Skincare,4.4983,42.0,Skincare,Cleansers,33,1,1,4,6.0,3,0,1,1,1,3,0,3,4,3,0,1,0,1,0,0,1
P467617,Clear Complexion Acne Solutions System,Dr. Zenovia Skincare,4.5084,35.0,Skincare,Value & Gift Sets,36,5,4,19,4.6,1,0,0,0,0,2,0,1,1,1,0,0,0,0,0,0,0
P464241,5% Benzoyl Peroxide Acne Spot Treatment,Dr. Zenovia Skincare,4.4021,25.0,Skincare,Treatments,15,1,1,4,4.9,0,0,0,0,0,2,0,0,0,0,0,0,0,0,0,0,0
P464234,Advanced Retinol Night Repair Treatment,Dr. Zenovia Skincare,4.5019,72.0,Skincare,Treatments,20,2,1,7,5.4,0,1,1,1,1,3,0,0,1,1,1,0,0,1,0,1,1
P464235,Inflam-Aging Night Repair Treatment,Dr. Zenovia Skincare,4.4769,72.0,Skincare,Treatments,33,5,3,18,4.8,3,0,0,2,1,3,0,3,4,3,1,1,0,1,0,0,1
P483128,Scar Gel Treatment,Dr. Zenovia Skincare,4.3285,48.0,Skincare,Treatments,20,0,0,0,6.2,0,0,0,1,0,3,0,1,0,0,0,0,0,0,0,0,0
P464242,Hyaluronic Acid + Peptide Serum,Dr. Zenovia Skincare,4.5082,72.0,Skincare,Treatments,20,1,1,4,6.0,0,1,1,1,0,4,0,0,0,0,0,0,0,0,0,0,0
P464244,Vitamin C Brightening Toner,Dr. Zenovia Skincare,4.5981,38.0,Skincare,Cleansers,24,0,0,0,5.9,0,0,0,0,1,3,0,0,1,0,0,1,0,1,0,0,1
P464240,10% Glycolic Acne Control Peel Pads,Dr. Zenovia Skincare,4.4095,42.0,Skincare,Treatments,18,3,3,12,4.3,0,2,2,1,2,3,0,0,2,1,0,1,0,2,0,1,2
P464237,Retinol Recovery Eye Cream,Dr. Zenovia Skincare,3.8812,64.0,Skincare,Eye Care,59,5,4,19,3.7,3,1,1,0,3,8,0,2,5,3,0,2,0,3,0,1,3
P427421,Protini Polypeptide Firming Refillable Moisturizer,Drunk Elephant,3.962,68.0,Skincare,Moisturizers,58,5,0,15,4.8,14,0,0,2,1,10,0,4,3,14,0,0,0,0,0,0,0
P392246,T.L.C. Framboos Glycolic Resurfacing Night Serum,Drunk Elephant,4.3492,90.0,Skincare,Treatments,34,6,4,22,4.2,1,4,6,3,3,3,0,1,5,3,0,1,0,3,0,1,4
P426836,Beste No. 9 Jelly Cleanser,Drunk Elephant,3.9426,34.0,Skincare,Cleansers,23,2,2,8,5.1,3,0,1,0,0,0,0,3,3,3,0,0,0,0,0,0,0
P406712,B-Hydra Intensive Hydration Serum with Hyaluronic Acid,Drunk Elephant,4.1863,49.0,Skincare,Treatments,28,2,1,7,4.8,2,0,1,0,0,0,0,0,1,2,0,0,0,0,0,0,0
P415777,T.L.C. Sukari Babyfacial AHA + BHA Mask,Drunk Elephant,4.2909,80.0,Skincare,Masks,39,4,3,15,4.1,2,3,5,3,3,3,0,2,5,4,0,1,0,3,0,1,3
P432668,D-Bronzi Anti-Pollution Bronzing Drops with Peptides,Drunk Elephant,4.433,38.0,Skincare,Treatments,36,1,0,3,6.1,3,0,0,0,1,2,0,3,4,3,0,1,0,1,0,0,1
P446938,Lala Retro Whipped Refillable Moisturizer with Ceramides,Drunk Elephant,4.1535,62.0,Skincare,Moisturizers,35,2,1,7,5.6,2,0,1,0,0,0,0,2,2,3,0,0,0,0,0,0,0
P403818,Lippe Balm,Drunk Elephant,3.7386,18.0,Skincare,Lip Balms & Treatments,31,0,0,0,6.3,2,0,0,0,1,2,0,2,3,2,0,0,0,0,0,0,1
P392245,Virgin Marula Luxury Face Oil,Drunk Elephant,4.3107,68.0,Skincare,Moisturizers,1,0,0,0,5.2,0,0,0,0,0,0,0,0,0,0,0,0,0,0,0,0,0
P400259,C-Firma Fresh Vitamin-C Day Serum,Drunk Elephant,4.1561,78.0,Skincare,Treatments,33,1,0,3,5.4,1,1,1,0,3,3,0,0,3,1,0,2,0,2,0,0,2
P442566,Slaai  Makeup-Melting Butter Cleanser,Drunk Elephant,3.781,36.0,Skincare,Cleansers,23,0,0,0,4.5,0,0,0,0,0,0,0,0,0,0,0,0,0,0,0,0,0
P429515,C-Tango Vitamin C Eye Cream,Drunk Elephant,3.7473,64.0,Skincare,Eye Care,78,2,1,7,4.1,4,1,3,0,3,10,0,4,8,5,0,0,0,0,0,0,5
P419222,Umbra Sheer Physical Daily Defense SPF 30,Drunk Elephant,3.3076,34.0,Skincare,Sunscreen,41,2,1,7,4.4,3,0,0,1,2,3,0,1,2,3,0,0,0,0,0,0,1
P439926,A-Passioni Retinol Cream,Drunk Elephant,4.2008,74.0,Skincare,Treatments,63,2,1,7,4.6,4,1,1,0,2,6,0,3,5,5,0,0,0,1,0,2,3
P454120,F-Balm Electrolyte Waterfacial Mask,Drunk Elephant,4.1665,54.0,Skincare,Masks,57,4,2,14,4.8,11,0,2,3,0,2,0,10,8,11,0,0,0,0,0,0,1
P419223,Shaba Complex Firming Eye Serum,Drunk Elephant,3.8963,60.0,Skincare,Eye Care,44,2,2,8,5.1,2,0,1,0,0,4,0,1,2,2,0,0,0,0,0,0,0
P460515,E-Rase Milki Micellar Water,Drunk Elephant,4.2812,14.0,Skincare,Cleansers,27,2,1,7,5.1,2,0,0,0,0,0,0,2,1,2,0,0,0,0,0,0,0
P462347,E-Rase Milki Micellar Water Mini,Drunk Elephant,4.2812,14.0,Skincare,Mini Size,27,2,1,7,5.1,2,0,0,0,0,0,0,2,1,2,0,0,0,0,0,0,0
P419221,Umbra Tinte Physical Daily Defense SPF 30,Drunk Elephant,3.2982,36.0,Skincare,Sunscreen,42,2,1,7,4.4,3,0,0,1,2,3,0,1,2,3,0,0,0,0,0,0,1
P470024,Protini Powerpeptide Resurfacing Serum with Lactic Acid,Drunk Elephant,4.3619,82.0,Skincare,Treatments,77,9,1,28,4.8,19,1,3,3,2,14,0,8,8,19,0,0,0,1,0,0,1
P466117,Sweet Biome Fermented Sake Hydrating Spray,Drunk Elephant,3.8833,42.0,Skincare,Moisturizers,55,5,3,18,4.3,16,2,4,3,1,4,0,5,5,17,0,0,0,1,0,0,1
P405584,Baby Pekee Bar + Juju Bar Travel Duo,Drunk Elephant,4.34,16.0,Skincare,Value & Gift Sets,16,0,0,0,5.2,0,0,0,0,0,0,0,0,0,0,0,0,0,0,0,0,0
P457687,Sili Body Lotion,Drunk Elephant,3.9405,24.0,Bath & Body,Body Moisturizers,68,3,1,10,4.5,18,0,1,4,0,5,0,10,8,19,0,0,0,0,0,0,1
P457685,Sweet Pitti Deodorant Cream,Drunk Elephant,3.9091,16.0,Bath & Body,Body Care,25,2,2,8,4.5,0,1,2,0,1,1,0,0,2,2,0,0,0,1,0,0,1
P476671,T.L.C Glycolic Body Lotion,Drunk Elephant,4.3108,28.0,Bath & Body,Body Moisturizers,49,6,3,21,4.2,5,3,4,1,2,3,0,5,7,7,0,0,0,2,0,0,3
P477985,A-Gloei Retinol Oil,Drunk Elephant,4.5501,72.0,Skincare,Moisturizers,6,0,0,0,6.1,0,1,1,0,1,1,0,0,1,1,0,0,0,1,0,1,1
P392248,Pekee Cleansing Bar,Drunk Elephant,4.4633,28.0,Skincare,Cleansers,11,0,0,0,5.4,0,0,0,0,0,0,0,0,0,0,0,0,0,0,0,0,0
P501028,Ceramighty  AF Eye Cream with Ceramides,Drunk Elephant,4.3972,60.0,Skincare,Eye Care,43,3,2,11,5.3,7,0,2,3,0,2,0,8,5,7,0,0,0,0,0,0,0
P503693,Bouncy Brightfacial Brightening Mask with 10% Azelaic Acid + 1% Salicylic Acid,Drunk Elephant,4.4859,68.0,Skincare,Treatments,52,4,2,14,4.4,9,2,2,6,3,3,0,9,9,10,0,1,0,1,0,1,2
P392249,JuJu Exfoliating Bar,Drunk Elephant,4.4663,28.0,Skincare,Cleansers,13,0,0,0,5.4,0,0,0,0,0,0,0,0,0,0,0,0,0,0,0,0,0
P457686,Kamili Cream Body Cleanser,Drunk Elephant,3.7735,22.0,Bath & Body,Bath & Shower,39,1,1,4,5.7,11,0,0,1,0,3,0,1,0,11,0,0,0,0,0,0,0
P472160,Sugared Koffie Almond Milk Body Scrub,Drunk Elephant,2.8786,32.0,Bath & Body,Bath & Shower,23,0,0,0,3.5,0,0,0,0,0,0,0,0,0,0,0,0,0,0,0,0,0
P424378,Mini Virgin Marula LuxuryFace Oil,Drunk Elephant,4.2368,38.0,Skincare,Moisturizers,1,0,0,0,5.1,0,0,0,0,0,0,0,0,0,0,0,0,0,0,0,0,0
P465752,Mini Protini Polypeptide Moisturizer,Drunk Elephant,3.805,22.0,Skincare,Mini Size,58,5,0,15,4.6,14,0,0,2,1,10,0,4,3,14,0,0,0,0,0,0,0
P473304,O-Bloos Rosi Glow Drops,Drunk Elephant,3.6943,38.0,Skincare,Treatments,40,2,1,7,4.4,4,0,0,0,1,3,0,2,3,4,0,1,0,1,0,0,1
P440658,Baby Bar Travel Duo with Case,Drunk Elephant,4.3955,22.0,Skincare,Value & Gift Sets,18,0,0,0,5.3,0,0,0,0,0,0,0,0,0,0,0,0,0,0,0,0,0
P471761,Call It A Night Glycolic Serum + Moisturizer duo,Drunk Elephant,4.3874,28.0,Skincare,Value & Gift Sets,58,6,4,22,4.3,3,3,5,3,3,3,0,3,5,5,0,1,0,3,0,1,3
P450947,Mini A-Passioni Retinol Cream,Drunk Elephant,4.0,28.0,Skincare,Mini Size,63,2,1,7,4.4,4,1,1,0,2,6,0,3,5,5,0,0,0,1,0,2,3
P482669,Wonderwild Miracle Butter,Drunk Elephant,4.374,38.0,Bath & Body,Body Moisturizers,17,0,0,0,5.2,0,0,0,0,0,0,0,0,0,0,0,0,0,0,0,0,0
P500601,Sili Whipped Body Lotion,Drunk Elephant,4.25,30.0,Bath & Body,Body Moisturizers,46,1,0,3,6.5,5,0,1,0,0,0,0,5,5,6,0,0,0,0,0,0,0
P500617,Scrubbi Bamboes  Body Cleanser,Drunk Elephant,2.5333,24.0,Bath & Body,Bath & Shower,41,3,2,11,3.0,14,1,2,1,1,4,0,4,5,15,0,0,0,0,0,0,0
P471547,Mini Beste No. 9 Jelly Cleanser,Drunk Elephant,4.1429,16.0,Skincare,Mini Size,23,2,2,8,5.4,3,0,1,0,0,0,0,3,3,3,0,0,0,0,0,0,0
P503294,Day Dream Vitamin C + Hydration Serum Duo 2.0,Drunk Elephant,2.5,26.0,Skincare,Value & Gift Sets,52,2,1,7,2.6,3,1,2,0,3,3,0,0,4,3,0,2,0,2,0,0,2
P501591,The Littles Skincare Travel Set,Drunk Elephant,4.4444,74.0,Skincare,Value & Gift Sets,143,12,5,41,4.3,18,5,7,6,9,18,0,6,12,19,0,3,0,5,0,1,7
P500983,"Anytime, Anyface Lactic Acid Serum + Protini Moisturizer Duo",Drunk Elephant,5.0,28.0,Skincare,Value & Gift Sets,86,9,1,28,5.6,19,1,3,3,2,14,0,8,8,19,0,0,0,1,0,0,1
P505120,Early Bird Hydrate + Brighten Set,Drunk Elephant,5.0,54.0,Skincare,Value & Gift Sets,97,7,1,22,5.0,16,1,2,2,4,13,0,4,7,16,0,2,0,2,0,0,2
P475932,Milk Marvel Dark Spot Serum with Niacinamide and Vitamin C,EADEM,4.4791,68.0,Skincare,Treatments,29,1,1,4,6.4,3,0,0,0,0,3,0,1,2,1,0,0,0,0,0,0,1
P481701,Cloud Cushion Plush Moisturizer with Ceramides + Peptides,EADEM,4.7467,58.0,Skincare,Moisturizers,41,3,1,10,5.7,5,0,1,2,0,1,0,5,3,4,0,0,0,0,0,0,0
P501421,Dew Dream- Hydrating Makeup Removing Cleansing Balm with Tiger Grass,EADEM,4.6881,30.0,Skincare,Cleansers,36,6,4,22,4.6,1,0,0,1,0,2,0,1,0,0,0,0,0,0,0,0,0
P473306,MYTH Spectacular Scented Body Oil,Ellis Brooklyn,4.7333,65.0,Bath & Body,Body Moisturizers,24,14,13,55,4.5,1,0,0,0,0,0,0,1,1,1,0,0,0,0,0,0,0
P444417,Marvelous CBD Massage and Body Oil,Ellis Brooklyn,4.6585,65.0,Bath & Body,Body Moisturizers,25,10,8,38,3.6,0,0,0,0,0,0,0,0,0,0,0,0,0,0,0,0,0
P454971,Marvelous CBD Massage & Body Oil Rollerball,Ellis Brooklyn,4.3333,30.0,Bath & Body,Body Moisturizers,25,10,8,38,3.2,0,0,0,0,0,0,0,0,0,0,0,0,0,0,0,0,0
P461158,Marvelous CBD Extra Rich Body Lotion Cream,Ellis Brooklyn,4.36,125.0,Bath & Body,Body Moisturizers,40,6,3,21,4.2,0,0,1,1,0,2,0,1,1,1,0,0,0,0,0,1,1
P478260,Break from the Burnout Skin Wellness Set,Erno Laszlo,5.0,75.0,Skincare,Value & Gift Sets,104,11,8,41,5.0,3,2,3,1,2,7,0,1,4,3,0,1,0,2,0,0,3
P478270,Big Break Soap Set,Erno Laszlo,5.0,50.0,Skincare,Value & Gift Sets,48,13,11,50,5.0,0,2,2,1,2,1,0,0,2,1,0,1,0,2,0,1,2
P478269,Rising Star Sleep Travel Set,Erno Laszlo,4.2713,75.0,Skincare,Value & Gift Sets,42,3,3,12,4.2,2,0,1,1,0,2,0,1,1,2,0,0,0,0,0,0,0
P378284,Double Wear Stay-in-Place Foundation,Estée Lauder,4.3756,48.0,Makeup,Face,23,3,2,11,3.5,0,0,0,1,0,0,0,0,0,0,0,0,0,0,0,0,0
P479839,Revitalizing Supreme+ Youth Power Creme Moisturizer,Estée Lauder,4.3202,98.0,Skincare,Moisturizers,57,3,1,10,5.2,5,0,1,2,1,2,0,1,2,5,1,0,0,0,0,0,0
P481084,Mini Revitalizing Supreme+ Youth Power Creme Moisturizer,Estée Lauder,4.3202,64.0,Skincare,Moisturizers,57,3,1,10,5.2,5,0,1,2,1,2,0,1,2,5,1,0,0,0,0,0,0
P461159,Estee Lauder Advanced Night Repair Synchronized Multi-Recovery Complex Serum,Estée Lauder,4.0456,115.0,Skincare,Treatments,43,3,1,10,4.9,3,0,2,4,0,0,0,3,3,3,1,0,0,0,0,0,0
P461160,Mini Advanced Night Repair Synchronized Multi-Recovery Complex,Estée Lauder,4.0456,19.0,Skincare,Mini Size,43,3,1,10,4.9,3,0,2,4,0,0,0,3,3,3,1,0,0,0,0,0,0
P461933,Advanced Night Repair Synchronized Multi-Recovery Complex Duo,Estée Lauder,4.0456,195.0,Skincare,Treatments,43,3,1,10,4.9,3,0,2,4,0,0,0,3,3,3,1,0,0,0,0,0,0
P500701,Advanced Night Repair Eye Gel-Cream,Estée Lauder,4.3493,72.0,Skincare,Eye Care,55,5,3,18,5.2,5,0,2,3,0,0,0,3,3,5,1,0,0,0,0,0,0
P473820,Advanced Night Repair Eye Concentrate Matrix Synchronized Multi-Recovery Complex,Estée Lauder,4.3111,82.0,Skincare,Treatments,58,1,1,4,6.4,4,0,2,3,0,1,0,2,2,3,1,0,0,0,0,0,0
P454063,Futurist Hydra Rescue Moisturizing Foundation SPF 45,Estée Lauder,4.096,50.0,Makeup,Face,79,4,4,16,4.9,7,0,1,3,1,2,0,4,4,6,1,0,0,0,0,0,0
P379951,Double Wear Stay-In-Place Flawless Wear Concealer,Estée Lauder,4.2345,32.0,Makeup,Face,29,3,2,11,3.3,0,0,0,1,1,1,0,0,1,0,0,1,0,1,0,0,1
P501176,Soft Clean Infusion Hydrating Treatment Lotion,Estée Lauder,3.8333,42.0,Skincare,Moisturizers,57,5,3,18,4.0,17,0,1,3,1,6,0,5,5,18,1,1,0,1,0,0,1
P475536,Double Wear Sheer Long-Wear Makeup SPF 19,Estée Lauder,4.2294,48.0,Makeup,Face,55,3,2,11,4.7,3,0,0,0,0,0,0,1,1,3,0,0,0,0,0,0,0
P441306,Double Wear Stay-in-Place Matte Refillable Powder Foundation,Estée Lauder,4.2464,48.0,Makeup,Face,27,1,1,4,4.3,0,0,0,0,0,0,0,0,0,0,0,0,0,0,0,0,0
P380000,"DayWear Advanced Multi-Protection Anti-Oxidant Moisturizer, Normal/Combination",Estée Lauder,4.3154,36.0,Skincare,Moisturizers,78,11,5,38,5.0,7,0,1,1,1,2,0,4,6,7,1,0,0,0,0,0,1
P384114,Double Wear Zero-Smudge Lengthening Mascara,Estée Lauder,4.3049,30.0,Makeup,Eye,52,6,5,23,3.8,1,0,0,0,0,0,0,1,0,1,0,0,0,0,0,0,0
P482529,Micro Essence Treatment Lotion with Bio-Ferment,Estée Lauder,4.0556,130.0,Skincare,Moisturizers,26,3,2,11,4.9,3,0,3,4,1,1,0,0,1,4,1,0,0,0,0,0,0
P422280,The Mattifier Shine Control Perfecting Primer + Finisher,Estée Lauder,4.0213,40.0,Makeup,Face,44,4,3,15,3.8,1,0,0,1,0,2,0,0,1,0,1,0,0,0,0,0,1
P379945,Sumptuous Extreme Lash Multiplying Volume Mascara,Estée Lauder,4.2789,30.0,Makeup,Eye,49,2,1,7,4.3,1,0,0,0,0,0,0,1,0,1,0,0,0,0,0,0,0
P380027,Perfectly Clean Multi-Action Foam Cleanser/Purifying Mask,Estée Lauder,4.4397,30.0,Skincare,Cleansers,24,2,2,8,5.3,1,1,1,2,0,2,0,0,0,0,1,0,0,0,0,0,0
P379995,Perfectionist CP+R Wrinkle Lifting/Firming Serum,Estée Lauder,4.2234,120.0,Skincare,Treatments,72,8,6,30,5.1,8,1,1,2,0,5,0,5,4,5,1,0,0,0,0,0,0
P460732,Futurist Aqua Brilliance Watery Glow Primer,Estée Lauder,4.2569,44.0,Makeup,Face,61,5,3,18,4.9,4,0,1,1,1,2,0,2,3,5,1,0,0,0,0,0,1
P406529,Advanced Night Micro Cleansing Balm,Estée Lauder,4.6393,48.0,Skincare,Cleansers,17,1,1,4,5.2,1,0,0,0,0,1,0,0,0,0,0,0,0,0,0,0,0
P422648,DayWear Matte Oil-Control Anti-Oxidant Moisturizer Gel Creme,Estée Lauder,4.4808,59.0,Skincare,Moisturizers,50,5,4,19,5.2,5,0,2,3,2,3,0,1,3,5,1,0,0,0,0,0,1
P399934,NightWear Plus Anti-Oxidant Night Detox Moisturizer Creme,Estée Lauder,4.2391,63.0,Skincare,Moisturizers,80,12,7,43,4.5,9,0,1,2,2,5,0,4,6,8,1,0,0,0,0,1,2
P446908,Advanced Night Repair Treatment Intense Reset Concentrate,Estée Lauder,4.4595,92.0,Skincare,Treatments,56,5,3,18,4.6,3,1,2,3,1,2,0,1,2,2,1,1,0,1,0,1,1
P380030,Perfectly Clean Multi-Action Toning Lotion/Refiner,Estée Lauder,4.2143,30.0,Skincare,Cleansers,65,2,1,7,5.7,3,0,1,3,1,2,0,1,2,3,1,0,0,0,0,0,0
P422649,Resilience Multi-Effect Night Tri-Peptide Face and Neck Moisturizer Creme,Estée Lauder,4.1852,110.0,Skincare,Moisturizers,69,6,5,23,5.0,5,1,2,3,1,3,0,2,2,5,1,0,0,0,0,0,0
P408273,Advanced Night Micro Cleansing Foam,Estée Lauder,3.9231,33.0,Skincare,Cleansers,38,4,4,16,4.5,3,0,0,1,0,1,0,1,0,2,1,0,0,0,0,0,0
P405032,Micro Essence Infusion Mask,Estée Lauder,4.25,75.0,Skincare,Masks,33,5,3,18,5.1,4,0,2,4,1,3,0,1,1,3,1,0,0,0,0,0,0
P454939,Perfectionist Pro Rapid Brightening Serum with Ferment² + Vitamin C,Estée Lauder,4.1304,86.0,Skincare,Treatments,59,5,3,18,4.0,5,1,2,3,3,4,0,1,4,5,1,1,0,1,0,1,2
P380001,"DayWear Advanced Multi-Protection Anti-Oxidant Creme, Dry",Estée Lauder,4.2174,59.0,Skincare,Moisturizers,76,8,5,29,4.9,7,0,1,1,1,2,0,4,6,7,1,0,0,0,0,0,1
P392891,Nutritious Super-Pomegranate Radiant Energy Night Moisturizer Creme/Mask,Estée Lauder,4.6,74.0,Skincare,Masks,51,3,2,11,5.3,2,0,1,2,2,2,0,0,2,3,1,0,0,0,0,0,1
P379947,Gentle Eye Makeup Remover,Estée Lauder,3.7241,24.0,Makeup,Accessories,7,0,0,0,4.5,0,0,0,0,0,0,0,0,0,0,0,0,0,0,0,0,0
P417359,Advanced Night Repair Concentrated Eye Treatment Mask,Estée Lauder,4.2143,42.0,Skincare,Eye Care,41,3,1,10,5.1,4,0,1,2,0,2,0,2,2,3,1,0,0,0,0,0,0
P427513,Perfectionist Pro Rapid Firm + Lift Treatment,Estée Lauder,4.0,86.0,Skincare,Treatments,86,8,5,29,4.4,11,1,2,2,2,6,0,4,7,9,1,0,0,1,0,0,1
P482263,Double Wear Stay-in-Place Matte Powder Foundation Refill,Estée Lauder,5.0,36.0,Makeup,Face,27,1,1,4,5.2,0,0,0,0,0,0,0,0,0,0,0,0,0,0,0,0,0
P446102,"Mini DayWear Advanced Multi-Protection Anti-Oxidant Creme, Normal/Combination",Estée Lauder,4.4545,36.0,Skincare,Mini Size,78,11,5,38,5.1,7,0,1,1,1,2,0,4,6,7,1,0,0,0,0,0,1
P427640,DayWear Eye Cooling Anti-Oxidant Moisture GelCreme,Estée Lauder,4.2727,46.0,Skincare,Eye Care,41,3,3,12,4.9,6,0,1,2,2,5,0,0,3,4,1,0,0,0,0,0,1
P481081,Revitalizing Supreme+ Night Intensive Restorative Crème,Estée Lauder,3.75,102.0,Skincare,Moisturizers,74,4,4,16,4.5,4,0,1,2,1,2,0,1,1,4,1,0,0,0,0,0,0
P481082,Revitalizing Supreme+ Youth Power Eye Balm,Estée Lauder,3.5,76.0,Skincare,Eye Care,65,2,1,7,4.8,3,0,1,3,1,2,0,1,2,3,1,0,0,0,0,0,0
P501153,Major Eye Impact Repair + Brighten Skincare Set,Estée Lauder,4.0,72.0,Skincare,Value & Gift Sets,78,7,4,25,4.8,6,0,2,4,0,0,0,4,4,6,1,0,0,0,0,0,0
P481397,Revitalizing Supreme+ Bright Soft Creme Moisturizer,Estée Lauder,5.0,98.0,Skincare,Moisturizers,60,6,5,23,5.8,4,0,1,2,2,3,0,0,2,4,1,0,0,0,0,0,1
P505174,Soft Clean Moisture Rich Foaming Cleanser,Estée Lauder,5.0,26.0,Skincare,Cleansers,25,1,1,4,7.2,2,0,1,1,0,0,0,0,2,3,1,0,0,0,0,0,0
P504017,Nighttime Necessities Repair + Lift + Hydrate,Estée Lauder,4.2713,115.0,Skincare,Value & Gift Sets,65,2,1,7,3.6,1,0,0,0,0,0,0,1,1,1,0,0,0,0,0,0,0
P418861,The Mattifier Shine Control Perfecting Primer + Finisher,Estée Lauder,5.0,40.0,Makeup,Face,44,4,3,15,5.0,1,0,0,1,0,2,0,0,1,0,1,0,0,0,0,0,1
P476683,Full Face Sculpt Kit - 14-Day Challenge,FaceGym,4.4733,75.0,Skincare,High Tech Tools,95,5,3,18,5.0,14,1,5,2,1,7,0,4,5,13,0,0,0,1,0,0,1
P482675,Active Blast Concentrated Collagen Daily Treatment,FaceGym,4.6832,65.0,Skincare,Treatments,24,3,2,11,4.6,1,0,1,2,0,0,0,0,0,1,0,0,0,0,0,0,0
P481086,Liftwear Brightening Vitamin C Gel-Cream,FaceGym,4.6753,60.0,Skincare,Moisturizers,43,1,1,4,6.8,9,0,2,1,0,4,0,1,2,9,0,0,0,0,0,0,0
P476678,Face Coach Lifting Squalane Face Oil,FaceGym,4.6053,70.0,Skincare,Moisturizers,18,1,0,3,6.1,2,0,0,0,0,1,0,1,1,1,0,0,0,0,0,0,0
P476674,Electro-Lite Enzyme Brightening Gel Cleanser,FaceGym,4.7887,38.0,Skincare,Cleansers,32,0,0,0,7.1,2,0,1,0,0,1,0,1,1,1,0,0,0,0,0,0,0
P476675,Hydro-Bound Hyaluronic Acid + Niacinamide Serum,FaceGym,4.6377,68.0,Skincare,Treatments,16,2,2,8,4.6,0,0,1,2,0,0,0,0,0,0,0,0,0,0,0,0,0
P500705,Skin Changer Succinic Acid Essence-Toner,FaceGym,4.7681,48.0,Skincare,Cleansers,30,1,1,4,6.9,8,1,2,0,1,4,0,0,2,9,0,0,0,0,0,0,0
P476676,Youth Reformer Firming Vitamin C Oil Serum,FaceGym,4.9623,110.0,Skincare,Treatments,22,2,1,7,5.8,2,0,0,0,0,1,0,1,1,1,0,0,0,0,0,0,0
P501004,Youthful Active Roller with Niacinamide,FaceGym,4.6316,70.0,Skincare,High Tech Tools,14,0,0,0,6.4,2,0,0,0,0,1,0,0,0,1,0,0,0,0,0,0,0
P480300,Faceshot Electric Microneedling Device + Vitamin Ampoules,FaceGym,4.5405,275.0,Skincare,Value & Gift Sets,5,1,1,4,6.2,2,1,1,0,1,1,0,2,3,3,0,0,0,1,0,0,1
P476681,Hyaluronic Acid Roller Dissolving Microneedling Tool,FaceGym,4.6757,95.0,Skincare,High Tech Tools,15,0,0,0,6.6,2,0,0,0,0,2,0,0,0,1,0,0,0,0,0,0,0
P501024,Hydrating Active Roller with Hyaluronic Acid,FaceGym,4.3,70.0,Skincare,High Tech Tools,16,0,0,0,6.2,2,0,0,0,0,2,0,0,0,1,0,0,0,0,0,0,0
P476677,Supreme Restructure Collagen-Boosting Cermide Cream,FaceGym,4.44,120.0,Skincare,Moisturizers,52,5,3,18,4.9,12,1,4,2,1,6,0,3,4,12,0,0,0,1,0,0,1
P481085,Faceshot Vitamin Ampoules Refill,FaceGym,4.2713,90.0,Skincare,Treatments,5,1,1,4,5.0,2,1,1,0,1,1,0,2,3,3,0,0,0,1,0,0,1
P417238,Green Clean Makeup Removing Cleansing Balm,Farmacy,4.4958,36.0,Skincare,Cleansers,33,4,3,15,4.0,0,0,1,0,0,0,0,0,1,1,0,0,0,0,0,0,0
P450271,Green Clean Makeup Meltaway Cleansing Balm Limited Edition Jumbo,Farmacy,4.4958,60.0,Skincare,Cleansers,13,10,10,40,3.4,0,0,0,0,0,0,0,0,0,0,0,0,0,0,0,0,0
P434548,Honeymoon Glow AHA Resurfacing Night Serum,Farmacy,4.3154,60.0,Skincare,Moisturizers,52,8,5,29,4.4,2,3,4,0,3,3,0,0,4,4,0,0,0,2,0,0,2
P458209,Daily Greens Oil-Free Gel Moisturizer with Moringa and Papaya,Farmacy,4.0612,42.0,Skincare,Moisturizers,47,4,2,14,4.9,1,1,1,1,1,2,0,1,1,1,0,0,0,0,0,0,0
P463036,Honey Halo Ultra-Hydrating Ceramide Moisturizer,Farmacy,4.4484,48.0,Skincare,Moisturizers,41,2,0,6,6.1,2,0,1,1,0,1,0,1,2,3,0,0,0,0,0,0,0
P479318,10% Niacinamide Night Mask,Farmacy,4.6759,44.0,Skincare,Masks,37,2,0,6,6.4,3,0,1,4,0,2,0,3,2,3,0,0,0,0,0,0,0
P431187,Clean Bee Ultra Gentle Facial Cleanser,Farmacy,4.0341,28.0,Skincare,Cleansers,46,3,3,12,3.4,0,0,1,0,0,0,0,0,1,1,0,0,0,0,0,0,0
P428416,Honey Butter Beeswax Lip Balm,Farmacy,4.2551,12.0,Skincare,Lip Balms & Treatments,22,5,3,18,3.9,1,0,0,0,0,0,0,1,1,1,0,0,0,0,0,0,0
P482676,10% Waterless Vitamin C Serum,Farmacy,4.4315,50.0,Skincare,Treatments,12,3,0,9,4.5,1,1,2,0,2,2,0,0,3,2,0,1,0,2,0,0,2
P459141,Deep Sweep 2% BHA Pore Cleaning Toner with Moringa + Papaya,Farmacy,4.4835,32.0,Skincare,Cleansers,22,2,1,7,5.0,3,3,3,1,3,3,0,0,3,3,0,1,0,2,0,1,2
P480301,Mini Deep Sweep 2% BHA Pore Cleaning Toner with Moringa + Papaya,Farmacy,4.4835,16.0,Skincare,Cleansers,22,2,1,7,5.0,3,3,3,1,3,3,0,0,3,3,0,1,0,2,0,1,2
P477157,Clearly Clean Makeup Removing Cleansing Balm,Farmacy,4.6494,36.0,Skincare,Cleansers,26,2,1,7,5.6,1,1,1,0,1,1,0,0,1,1,0,0,0,0,0,0,0
P503879,Wake Up Honey Eye Cream with Brightening Vitamin C,Farmacy,4.7118,45.0,Skincare,Eye Care,38,2,0,6,5.7,1,0,0,2,2,3,0,2,3,1,1,1,0,1,0,0,2
P414293,Honey Savior All-in-One Skin Repair Salve,Farmacy,4.4348,34.0,Skincare,Moisturizers,19,0,0,0,5.3,0,0,0,0,0,1,0,0,0,0,0,0,0,0,0,0,1
P466661,Whipped Greens Oil-Free Foaming Cleanser with Moringa and Papaya,Farmacy,4.5747,28.0,Skincare,Cleansers,50,10,5,35,5.1,2,2,2,0,2,2,0,0,2,2,0,0,0,1,0,0,1
P500288,1% Vitamin A Retinol Serum,Farmacy,4.766,60.0,Skincare,Treatments,44,2,0,6,5.5,3,3,4,2,3,5,0,2,5,6,0,0,0,3,0,2,3
P473307,Honeymoon Glow Body 12% AHA/BHA Bump-Smoothing Night Serum,Farmacy,3.8049,40.0,Bath & Body,Body Moisturizers,43,7,5,26,3.6,3,2,2,2,2,1,0,2,4,3,0,1,0,2,0,1,2
P444226,Honey Grail Ultra-Hydrating Face Oil,Farmacy,4.2355,48.0,Skincare,Moisturizers,5,0,0,0,5.1,0,0,0,0,0,0,0,0,0,0,0,0,0,0,0,0,0
P449188,Green Defense Daily Mineral Sunscreen SPF 30,Farmacy,3.9767,36.0,Skincare,Sunscreen,39,6,3,21,4.8,4,1,2,1,1,1,0,2,4,5,0,0,0,0,0,0,0
P450942,Honey Body Butter Ultra-Hydrating Body Cream,Farmacy,4.12,35.0,Bath & Body,Body Moisturizers,35,4,4,16,4.3,1,0,0,1,0,1,0,2,1,1,0,0,0,0,0,0,0
P475540,Honey Halo Moisturizer Jumbo,Farmacy,4.7273,74.0,Skincare,Moisturizers,41,2,0,6,6.5,2,0,1,1,0,1,0,1,2,3,0,0,0,0,0,0,0
P480165,Healthy Skin Starter Kit,Farmacy,4.7653,42.0,Skincare,Value & Gift Sets,118,15,9,54,4.7,5,5,6,2,5,5,0,1,7,7,0,1,0,3,0,1,3
P480444,Honey Potion Plus Ceramide Hydration Mask,Farmacy,4.0,60.0,Skincare,Masks,21,0,0,0,5.4,0,0,0,1,0,1,0,1,0,0,0,0,0,0,0,0,0
P503997,"Cleanse + Treat Duo Nighttime Routine for Clean, Smooth Skin",Farmacy,4.7778,46.0,Skincare,Value & Gift Sets,55,2,0,6,6.5,4,1,3,4,1,3,0,3,4,5,0,0,0,0,0,0,0
P504614,Brighten Up 3% TXA Dark Spot Toner with Azelaic Acid,Farmacy,4.2713,34.0,Skincare,Cleansers,24,3,0,9,3.4,2,3,4,2,5,4,0,1,6,4,0,1,0,2,0,0,2
P476493,Iconic Lipstick,Fashion Fair,4.6557,28.0,Makeup,Lip,28,4,4,16,3.6,0,0,0,0,0,0,0,0,0,0,0,0,0,0,0,0,0
P476444,Crème to Powder Skin Foundation,Fashion Fair,4.5185,39.0,Makeup,Face,26,0,0,0,5.8,0,0,0,0,1,1,0,0,1,0,0,0,0,0,0,0,1
P476556,SkinFlex Stick Foundation,Fashion Fair,4.5714,39.0,Makeup,Face,23,0,0,0,6.1,1,0,0,0,0,2,0,1,1,1,0,0,0,0,0,1,2
P476550,Set It Loose Setting Powder,Fashion Fair,4.0556,35.0,Makeup,Face,23,1,1,4,4.1,0,0,0,0,0,1,0,0,0,0,0,0,0,0,0,0,1
P476494,Iconic Pressed Setting Powder,Fashion Fair,4.4667,35.0,Makeup,Face,23,3,3,12,3.4,0,0,0,0,0,1,0,0,0,0,0,0,0,0,0,0,1
P503002,Lush Blush Duo,Fashion Fair,4.65,39.0,Makeup,Cheek,47,4,3,15,4.4,1,0,0,0,0,1,0,1,1,1,0,0,0,0,0,0,1
P476456,Fabulous Face Priming Serum,Fashion Fair,4.6875,39.0,Makeup,Face,44,4,4,16,5.0,1,0,1,0,0,2,0,0,1,2,0,0,0,0,0,0,0
P502223,Lip Teasers Lip Gloss,Fashion Fair,4.6,27.0,Makeup,Lip,13,3,3,12,3.5,0,0,0,0,0,0,0,0,0,0,0,0,0,0,0,0,0
P503003,Luxe Highlighter Duo,Fashion Fair,4.8049,39.0,Makeup,Face,18,0,0,0,5.8,0,0,0,0,0,0,0,0,0,0,0,0,0,0,0,0,0
P67988453,Gloss Bomb Universal Lip Luminizer,Fenty Beauty by Rihanna,4.6357,21.0,Makeup,Lip,37,4,3,15,5.0,1,1,1,0,2,3,0,0,2,1,0,0,0,1,0,0,2
P87985432,Pro Filt’r Soft Matte Longwear Liquid Foundation,Fenty Beauty by Rihanna,4.0356,40.0,Makeup,Face,34,4,4,16,3.0,0,0,0,1,0,0,0,0,0,0,0,0,0,0,0,0,0
P39787544,Stunna Lip Paint Longwear Fluid Lip Color,Fenty Beauty by Rihanna,4.2346,28.0,Makeup,Lip,10,0,0,0,5.1,0,0,0,0,0,0,0,0,0,0,0,0,0,0,0,0,0
P18975403,Match Stix Matte Contour Skinstick,Fenty Beauty by Rihanna,4.2944,32.0,Makeup,Face,30,1,1,4,4.4,0,0,0,0,0,1,0,0,0,0,0,0,0,0,0,0,1
P64879845,Killawatt Freestyle Highlighter,Fenty Beauty by Rihanna,4.624,40.0,Makeup,Face,20,1,1,4,4.7,0,0,0,0,0,0,0,0,0,0,0,0,0,0,0,0,0
P470025,Eaze Drop Blurring Skin Tint,Fenty Beauty by Rihanna,3.951,35.0,Makeup,Face,40,5,4,19,4.7,4,0,0,1,0,1,0,0,1,3,0,0,0,0,0,0,0
P85225585,Diamond Bomb All-Over Diamond Veil,Fenty Beauty by Rihanna,4.454,42.0,Makeup,Face,14,1,0,3,4.7,0,0,0,0,0,0,0,0,0,0,0,0,0,0,0,0,0
P19700127,Cheeks Out Freestyle Cream Blush,Fenty Beauty by Rihanna,4.2724,24.0,Makeup,Cheek,23,1,1,4,4.3,0,0,0,0,0,0,0,0,0,0,0,0,0,0,0,0,0
P88779809,Pro Filt’r Instant Retouch Longwear Liquid Concealer,Fenty Beauty by Rihanna,3.8332,30.0,Makeup,Face,30,2,2,8,3.0,0,0,0,0,0,0,0,0,0,0,0,0,0,0,0,0,0
P73124556,Match Stix Shimmer Skinstick,Fenty Beauty by Rihanna,4.3673,32.0,Makeup,Face,30,1,1,4,5.2,0,1,1,0,1,2,0,0,1,1,0,0,0,1,0,0,2
P473708,Gloss Bomb Heat Universal Lip Luminizer + Plumper,Fenty Beauty by Rihanna,4.2672,26.0,Makeup,Lip,41,3,2,11,4.5,1,1,1,0,2,3,0,0,2,1,0,0,0,1,0,0,2
P55978864,Sun Stalk'r Instant Warmth Bronzer,Fenty Beauty by Rihanna,4.532,35.0,Makeup,Cheek,34,1,1,4,4.6,0,0,0,0,1,1,0,0,1,0,0,1,0,1,0,0,1
P465757,Gloss Bomb Cream Color Drip Lip Cream,Fenty Beauty by Rihanna,4.5807,22.0,Makeup,Lip,25,1,0,3,5.9,1,1,1,0,1,3,0,0,1,1,0,0,0,1,0,1,2
P45433019,Snap Shadows Mix & Match Eyeshadow Palette,Fenty Beauty by Rihanna,3.7345,30.0,Makeup,Eye,25,1,1,4,3.7,0,0,0,0,0,0,0,0,0,0,0,0,0,0,0,0,0
P88779810,Pro Filt'r Instant Retouch Setting Powder,Fenty Beauty by Rihanna,4.1925,36.0,Makeup,Face,13,2,1,7,4.4,1,0,0,0,0,0,0,1,1,1,0,0,0,0,0,0,0
P448702,Pro Filt'r Hydrating Longwear Foundation,Fenty Beauty by Rihanna,3.5143,36.0,Makeup,Face,33,4,4,16,2.4,0,0,0,1,0,0,0,0,0,0,0,0,0,0,0,0,0
P39784685,Invisimatte Instant Setting + Blotting Powder,Fenty Beauty by Rihanna,4.6245,36.0,Makeup,Face,18,1,0,3,5.7,1,0,0,0,0,0,0,1,1,1,0,0,0,0,0,0,0
P04546871,Body Lava Body Luminizer,Fenty Beauty by Rihanna,3.8327,59.0,Bath & Body,Body Moisturizers,12,0,0,0,4.6,0,0,0,0,0,0,0,0,0,0,0,0,0,0,0,0,0
P04897543,Pro Filt'r Instant Retouch Primer,Fenty Beauty by Rihanna,4.1127,36.0,Makeup,Face,28,4,4,16,3.1,0,0,0,1,0,0,0,0,0,0,0,0,0,0,0,0,0
P67339785,Slip Shine Sheer Shiny Lipstick,Fenty Beauty by Rihanna,4.21,26.0,Makeup,Lip,25,0,0,0,5.1,0,0,0,0,0,0,0,0,0,0,0,0,0,0,0,0,0
P31870457,Cheeks Out Freestyle Cream Bronzer,Fenty Beauty by Rihanna,4.3273,35.0,Makeup,Cheek,21,1,1,4,4.4,0,0,0,0,0,0,0,0,0,0,0,0,0,0,0,0,0
P443790,Mini Pro Filt’r Instant Retouch Setting Powder,Fenty Beauty by Rihanna,4.375,22.0,Makeup,Mini Size,13,2,1,7,4.7,1,0,0,0,0,0,0,1,1,1,0,0,0,0,0,0,0
P472161,Bright Fix Eye Brightener Concealer,Fenty Beauty by Rihanna,3.878,28.0,Makeup,Eye,37,5,4,19,4.7,3,0,1,1,0,1,0,1,2,4,0,0,0,0,0,0,0
P444149,Pro Kiss'r Luscious Lip Balm,Fenty Beauty by Rihanna,4.2103,20.0,Makeup,Lip,20,1,0,3,5.9,1,0,1,0,0,0,0,1,2,2,0,0,0,0,0,0,0
P466829,Pro Filt’r Soft Matte Longwear Powder Foundation,Fenty Beauty by Rihanna,4.4068,40.0,Makeup,Face,23,2,2,8,3.7,0,0,0,0,0,0,0,0,0,0,0,0,0,0,0,0,0
P500061,Poutsicle Hydrating Lip Stain,Fenty Beauty by Rihanna,4.3919,27.0,Makeup,Lip,22,2,0,6,4.9,1,0,0,0,0,0,0,1,1,1,0,0,0,0,0,0,0
P34908923,Killawatt Foil Freestyle Highlighter,Fenty Beauty by Rihanna,4.705,40.0,Makeup,Face,20,0,0,0,5.6,0,0,0,0,0,0,0,0,0,0,0,0,0,0,0,0,0
P442531,Lil' Bronze Duo,Fenty Beauty by Rihanna,4.2293,24.0,Makeup,Cheek,50,2,2,8,4.5,0,1,1,0,2,3,0,0,2,1,0,1,0,2,0,0,3
P455193,Flypencil Longwear Pencil Eyeliner,Fenty Beauty by Rihanna,3.366,23.0,Makeup,Eye,16,0,0,0,4.0,0,0,0,0,0,0,0,0,0,0,0,0,0,0,0,0,0
P17876556,Flyliner Longwear Liquid Eyeliner,Fenty Beauty by Rihanna,3.5828,24.0,Makeup,Eye,19,3,2,11,2.3,0,0,0,0,0,0,0,0,0,0,0,0,0,0,0,0,0
P448703,Pro Filt'r Hydrating Primer,Fenty Beauty by Rihanna,4.4586,36.0,Makeup,Face,31,4,3,15,3.6,0,0,0,1,0,0,0,0,0,0,0,0,0,0,0,0,0
P448878,Brow MVP Ultra Fine Brow Pencil & Styler,Fenty Beauty by Rihanna,3.5842,25.0,Makeup,Eye,15,1,1,4,3.5,0,0,0,0,0,0,0,0,0,0,0,0,0,0,0,0,0
P502222,Gloss Bomb Ice,Fenty Beauty by Rihanna,4.7975,26.0,Makeup,Lip,24,6,6,24,4.6,1,0,0,1,0,1,0,0,0,1,0,0,0,0,0,0,0
P501462,Glossy Posse Volume 5.0 Lip Gloss Bomb Trio,Fenty Beauty by Rihanna,4.7143,38.0,Makeup,Lip,56,5,4,19,4.7,1,1,1,0,2,4,0,0,2,1,0,0,0,1,0,1,3
P45432919,"Full Frontal Volume, Lift & Curl Mascara",Fenty Beauty by Rihanna,3.9101,24.0,Makeup,Eye,29,1,1,4,3.9,0,0,0,0,0,0,0,0,0,0,0,0,0,0,0,0,0
P480303,Fenty Icon The Fill Semi-Matte Refillable Lipstick,Fenty Beauty by Rihanna,4.3253,20.0,Makeup,Lip,37,2,2,8,4.0,0,0,0,0,1,1,0,0,1,0,0,0,0,0,0,0,1
P97832786,Pro Filt'r Amplifying Eye Primer,Fenty Beauty by Rihanna,4.1025,22.0,Makeup,Eye,21,3,1,10,2.9,0,0,0,0,0,0,0,0,0,0,0,0,0,0,0,0,0
P37544587,Fairy Bomb Shimmer Powder,Fenty Beauty by Rihanna,4.602,28.0,Makeup,Face,11,0,0,0,5.5,0,0,0,0,1,1,0,0,1,0,0,1,0,1,0,0,1
P447718,Fly Baby Mini Eye Primer and Liner Set,Fenty Beauty by Rihanna,3.398,24.0,Makeup,Eye,41,6,3,21,2.1,0,0,0,0,0,0,0,0,0,0,0,0,0,0,0,0,0
P447551,Pro Filt'r Mattifying Primer,Fenty Beauty by Rihanna,3.7479,36.0,Makeup,Face,24,3,2,11,2.7,0,0,0,1,0,0,0,0,0,0,0,0,0,0,0,0,0
P504872,Fenty Icon Velvet Liquid Lipstick,Fenty Beauty by Rihanna,3.6311,29.0,Makeup,Lip,10,0,0,0,4.4,0,0,0,0,0,0,0,0,0,0,0,0,0,0,0,0,0
P444926,Pro Kiss’r Lip-Loving Scrubstick,Fenty Beauty by Rihanna,3.9164,16.0,Makeup,Lip,23,2,1,7,4.7,1,0,1,0,0,0,0,1,2,2,0,0,0,0,0,0,0
P461934,Brow MVP Sculpting Wax Pencil & Styler,Fenty Beauty by Rihanna,3.1572,20.0,Makeup,Eye,22,1,1,4,3.0,0,0,0,0,0,0,0,0,0,0,0,0,0,0,0,0,0
P471236,Gloss Bomb Dip Clip-On Luminizer,Fenty Beauty by Rihanna,3.6944,19.0,Makeup,Lip,37,3,2,11,3.8,1,1,1,0,2,3,0,0,2,1,0,0,0,1,0,0,2
P458193,"Mini Full Frontal Volume, Lift & Curl Mascara",Fenty Beauty by Rihanna,2.9749,13.0,Makeup,Eye,29,1,1,4,2.8,0,0,0,0,0,0,0,0,0,0,0,0,0,0,0,0,0
P455188,What it Dew Makeup Refreshing Spray,Fenty Beauty by Rihanna,3.5698,30.0,Makeup,Face,25,5,4,19,2.3,0,0,0,0,0,0,0,0,0,0,0,0,0,0,0,0,0
P469816,Body Sauce Body Luminizing Tint,Fenty Beauty by Rihanna,3.907,52.0,Bath & Body,Body Moisturizers,34,1,1,4,5.5,2,0,0,1,0,0,0,2,1,2,0,0,0,0,0,0,0
P479634,Liquid Killawatt Fluid Freestyle Highlighter,Fenty Beauty by Rihanna,3.3455,32.0,Makeup,Face,26,0,0,0,4.4,0,1,1,0,0,0,0,0,0,0,0,0,0,0,0,0,0
P501312,Eaze Drop'lit All-Over Glow Enhancer,Fenty Beauty by Rihanna,4.1565,34.0,Makeup,Face,36,2,1,7,4.4,1,0,0,0,0,0,0,1,1,1,0,0,0,0,0,0,0
P456148,Match Stix Glow Skinstick,Fenty Beauty by Rihanna,3.0345,32.0,Makeup,Face,18,1,0,3,4.2,1,0,1,0,0,1,0,1,2,2,0,0,0,0,0,1,1
P503158,Double Cheek'd Up: Freestyle Cream Blush Duo,Fenty Beauty by Rihanna,4.1111,34.0,Makeup,Cheek,21,0,0,0,4.9,0,0,0,0,0,0,0,0,0,0,0,0,0,0,0,0,0
P501436,Match Stix Corrector Skinstick,Fenty Beauty by Rihanna,3.36,32.0,Makeup,Face,30,1,1,4,3.2,0,0,0,0,0,1,0,0,0,0,0,0,0,0,0,0,1
P504069,"The Navy Collection: 5-Piece Lip, Eye + Accessories Set",Fenty Beauty by Rihanna,4.0,58.0,Makeup,Value & Gift Sets,55,2,2,8,3.6,0,0,0,0,1,1,0,0,1,0,0,0,0,0,0,0,1
P501262,Invisimatte Refill Instant Setting + Blotting Powder,Fenty Beauty by Rihanna,3.5,26.0,Makeup,Face,18,1,0,3,4.4,1,0,0,0,0,0,0,1,1,1,0,0,0,0,0,0,0
P428901,Custom Match Stix Trio,Fenty Beauty by Rihanna,4.2713,32.0,Makeup,Face,30,1,1,4,4.2,0,1,1,0,1,2,0,0,1,1,0,0,0,1,0,0,2
P472162,Butta Drop Whipped Oil Body Cream with Tropical Oils + Butters,Fenty Skin,4.5174,23.0,Bath & Body,Body Moisturizers,42,1,1,4,4.6,0,0,0,0,0,0,0,0,0,0,0,0,0,0,0,0,0
P467249,Hydra Vizor Invisible Moisturizer Broad Spectrum SPF 30 Sunscreen with Niacinamide + Kalahari Melon,Fenty Skin,4.0128,39.0,Skincare,Moisturizers,40,9,8,35,4.8,1,1,2,0,1,1,0,0,2,2,0,0,0,0,0,0,0
P500307,Cherry Treat Conditioning + Strengthening Lip Oil,Fenty Skin,4.4484,24.0,Skincare,Lip Balms & Treatments,20,2,2,8,4.3,0,0,1,0,0,0,0,0,1,1,0,0,0,0,0,0,0
P467248,Fat Water Niacinamide Pore-Refining Toner Serum with Barbados Cherry,Fenty Skin,4.1052,34.0,Skincare,Cleansers,22,2,1,7,4.1,0,0,1,0,0,0,0,0,1,1,0,0,0,0,0,0,0
P467247,Total Cleans'r Makeup-Removing Cleanser with Barbados Cherry,Fenty Skin,4.103,28.0,Skincare,Cleansers,32,5,4,19,2.9,0,0,0,0,0,0,0,0,0,0,0,0,0,0,0,0,0
P482264,Cookies N Clean Whipped Clay Pore Detox Face Mask with Salicylic Acid + Charcoal,Fenty Skin,4.6897,35.0,Skincare,Masks,25,3,3,12,4.4,0,1,2,1,1,0,0,0,2,1,0,1,0,1,0,1,1
P503692,Plush Puddin’ Intensive Recovery Lip Mask With Pomegranate Sterols + Vitamin E,Fenty Skin,4.1144,22.0,Skincare,Lip Balms & Treatments,23,0,0,0,4.9,0,0,0,0,0,0,0,0,0,0,0,0,0,0,0,0,0
P477763,Hydra'Reset Intensive Recovery Glycerin Hand Mask,Fenty Skin,4.2345,25.0,Bath & Body,Body Moisturizers,30,5,5,20,3.1,0,0,0,0,0,0,0,0,0,0,0,0,0,0,0,0,0
P476516,Butta Drop Whipped Oil Hydrating Body Cream Mini,Fenty Skin,4.1552,23.0,Bath & Body,Body Moisturizers,42,1,1,4,4.2,0,0,0,0,0,0,0,0,0,0,0,0,0,0,0,0,0
P474038,Buff Ryder Exfoliating Body Scrub With Superfine Sand + Fruit Enzymes,Fenty Skin,3.625,34.0,Bath & Body,Bath & Shower,27,2,2,8,3.3,0,0,1,0,0,0,0,0,1,1,0,0,0,0,0,0,0
P501581,Cocoa Cleans'r Soothing All-Over Cleansing Bar,Fenty Skin,4.1739,14.0,Skincare,Cleansers,22,4,3,15,3.0,0,0,0,0,0,0,0,0,0,0,0,0,0,0,0,0,0
P500894,Fat Water Hydrating Milky Toner Essence with Hyaluronic Acid + Tamarind,Fenty Skin,4.6554,34.0,Skincare,Moisturizers,43,9,8,35,5.2,1,1,1,1,0,1,0,1,1,1,0,0,0,0,0,0,0
P467251,Fenty Skin Travel Size Start'r Set,Fenty Skin,4.0647,45.0,Skincare,Value & Gift Sets,78,13,11,50,4.5,1,1,2,0,1,1,1,0,2,2,0,0,0,1,0,1,0
P503250,Watch Ya Tone 5% Niacinamide Dark Spot Serum with Vitamin C,Fenty Skin,4.5829,42.0,Skincare,Treatments,26,0,0,0,6.3,0,0,1,0,0,1,0,0,2,1,0,0,0,0,0,0,1
P479319,Pre-Show Glow Instant Retexturizing 10% AHA Treatment + Reusable Applicator,Fenty Skin,4.4348,42.0,Skincare,Treatments,25,5,4,19,4.5,1,2,3,0,2,2,0,0,3,3,0,0,0,2,0,0,2
P467250,Instant Reset Brightening Overnight Recovery Gel-Cream With Niacinamide + Kalahari Melon Oil,Fenty Skin,4.1988,45.0,Skincare,Moisturizers,48,4,4,16,4.4,1,0,1,0,0,0,0,1,2,2,0,0,0,0,0,0,0
P484044,The Body Duo Mini Body Scrub + Moisturizer Essentials,Fenty Skin,4.2,32.0,Bath & Body,Value & Gift Sets,60,7,7,28,3.6,0,0,1,0,0,0,0,0,1,1,0,0,0,0,0,0,0
P504240,Mini Instant Reset Brightening Overnight Recovery Gel-Cream With Niacinamide + Kalahari Melon Oil,Fenty Skin,4.1988,26.0,Skincare,Moisturizers,48,4,4,16,4.4,1,0,1,0,0,0,0,1,2,2,0,0,0,0,0,0,0
P469087,Flash Nap Instant Revival Priming Eye Gel-Cream With Green Tea + Persian Silk Tree,Fenty Skin,3.5143,36.0,Skincare,Eye Care,36,6,6,24,2.2,0,0,0,0,0,0,0,0,0,0,0,0,0,0,0,0,0
P476485,Hydra Vizor Invisible Moisturizer Broad Spectrum SPF 30 Sunscreen with Niacinamide Refill,Fenty Skin,4.4865,35.0,Skincare,Moisturizers,40,9,8,35,5.4,1,1,2,0,1,1,0,0,2,2,0,0,0,0,0,0,0
P504237,Mini Hydra'Reset Intensive Recovery Glycerin Hand Mask,Fenty Skin,4.2345,14.0,Bath & Body,Body Moisturizers,30,5,5,20,3.1,0,0,0,0,0,0,0,0,0,0,0,0,0,0,0,0,0
P472311,Mini Total Cleans'r Makeup Removing Cleanser,Fenty Skin,3.7727,15.0,Skincare,Mini Size,32,5,4,19,2.5,0,0,0,0,0,0,0,0,0,0,0,0,0,0,0,0,0
P476430,Butta Drop Whipped Oil Hydrating Body Cream,Fenty Skin,4.6522,39.0,Bath & Body,Body Moisturizers,42,1,1,4,4.8,0,0,0,0,0,0,0,0,0,0,0,0,0,0,0,0,0
P480166,Mini Hydra Vizor Invisible Moisturizer Broad Spectrum SPF 30 Sunscreen with Niacinamide,Fenty Skin,3.7857,25.0,Skincare,Moisturizers,40,9,8,35,4.5,1,1,2,0,1,1,0,0,2,2,0,0,0,0,0,0,0
P504880,Melt Awf Jelly Oil Makeup-Melting Cleanser,Fenty Skin,4.0909,34.0,Skincare,Cleansers,23,2,2,8,3.3,0,0,0,0,0,0,0,0,0,0,0,0,0,0,0,0,0
P476496,Instant Reset Brightening Overnight Recovery Gel-Cream with Niacinamide Refill,Fenty Skin,5.0,40.0,Skincare,Moisturizers,48,4,4,16,5.4,1,0,1,0,0,0,0,1,2,2,0,0,0,0,0,0,0
P501886,The Glow Around 4-Piece Travel Skincare Essentials Set,Fenty Skin,5.0,59.0,Skincare,Value & Gift Sets,89,15,12,57,5.0,2,3,4,0,3,3,1,0,4,4,0,0,0,3,0,1,2
P503110,Mini Cleansing Bar Duo + Case,Fenty Skin,4.2713,19.0,Skincare,Value & Gift Sets,22,4,3,15,2.2,0,0,0,0,0,0,0,0,0,0,0,0,0,0,0,0,0
P501574,Renew + Recover Face + Eye Hydration Essentials,Fenty Skin,4.2713,45.0,Skincare,Value & Gift Sets,48,4,4,16,3.6,1,0,1,0,0,0,0,1,2,2,0,0,0,0,0,0,0
P248407,Ultra Repair Cream Intense Hydration,First Aid Beauty,4.52,38.0,Skincare,Moisturizers,23,2,1,7,5.4,1,0,0,1,0,1,0,2,1,1,0,0,0,0,0,0,0
P248404,Pure Skin Face Cleanser,First Aid Beauty,4.3738,24.0,Skincare,Cleansers,27,1,1,4,5.6,0,0,1,1,0,1,0,1,1,1,0,0,0,0,0,0,0
P444989,KP Bump Eraser Body Scrub with 10% AHA,First Aid Beauty,4.4216,30.0,Bath & Body,Bath & Shower,31,3,2,11,4.5,2,2,2,1,2,2,0,1,3,3,0,0,0,2,0,0,2
P278317,Facial Radiance Pads,First Aid Beauty,4.2781,36.0,Skincare,Treatments,22,4,2,14,4.3,1,2,3,0,2,2,0,0,3,3,0,0,0,2,0,0,2
P415237,Hello FAB Coconut Skin Smoothie Priming Moisturizer,First Aid Beauty,4.1988,32.0,Skincare,Moisturizers,44,7,5,26,3.4,0,0,1,1,0,0,0,0,0,0,0,0,0,0,0,0,0
P456995,Mini KP Bump Eraser Body Scrub with 10% AHA,First Aid Beauty,3.9462,12.0,Bath & Body,Mini Size,31,3,2,11,3.9,2,2,2,1,2,2,0,1,3,3,0,0,0,2,0,0,2
P479320,Ingrown Hair Pads with BHA & AHA,First Aid Beauty,4.5565,20.0,Bath & Body,Bath & Shower,19,3,3,12,4.5,1,2,3,2,2,1,0,1,4,3,0,1,0,2,0,1,2
P426707,Hello FAB Coconut Water Cream,First Aid Beauty,4.0009,36.0,Skincare,Moisturizers,29,1,1,4,4.4,1,0,0,0,0,1,0,0,0,0,0,0,0,0,0,0,0
P384539,Deep Cleanser with Red Clay,First Aid Beauty,4.2608,24.0,Skincare,Cleansers,23,1,1,4,5.9,1,0,0,2,0,1,0,2,1,1,0,0,0,0,0,0,0
P375534,Ultra Repair Face Moisturizer,First Aid Beauty,4.1964,28.0,Skincare,Moisturizers,25,3,2,11,5.0,2,0,1,1,0,1,0,2,3,3,0,0,0,0,0,0,0
P293008,Ultra Repair Lip Therapy,First Aid Beauty,3.978,12.0,Makeup,Lip,28,3,2,11,4.4,1,1,1,1,1,2,0,2,2,2,0,0,0,1,0,0,1
P393076,Ultra Repair Hydra-Firm Night Cream,First Aid Beauty,4.3114,44.0,Skincare,Moisturizers,38,2,2,8,5.0,1,0,1,1,0,3,0,0,0,1,0,0,0,0,0,0,0
P468821,Ultra Repair Firming Collagen Cream with Peptides and Niacinamide,First Aid Beauty,4.5356,44.0,Skincare,Moisturizers,31,2,1,7,5.4,1,0,0,1,0,1,0,2,1,1,0,0,0,0,0,0,0
P447603,Ultra Repair Wild Oat Hydrating Toner,First Aid Beauty,4.4746,24.0,Skincare,Cleansers,28,2,1,7,5.0,2,0,1,1,1,1,1,2,4,3,0,1,0,2,0,1,1
P434551,Hello FAB Bendy Avocado Concealer,First Aid Beauty,4.2075,22.0,Makeup,Face,38,3,2,11,4.0,1,0,0,2,0,0,0,0,0,1,1,0,0,0,0,0,0
P441220,Ultra Repair Oat & Hemp Seed Dry Oil,First Aid Beauty,4.3545,36.0,Skincare,Moisturizers,28,3,2,11,4.2,1,0,1,0,0,1,0,0,1,1,0,0,0,0,0,0,0
P456994,Eye Duty Niacinamide Brightening Eye Cream,First Aid Beauty,3.6735,36.0,Skincare,Eye Care,48,4,3,15,4.2,4,0,2,1,1,1,0,4,6,5,1,0,0,0,0,0,1
P500756,10% Vitamin C Brightening Serum,First Aid Beauty,4.6781,50.0,Skincare,Treatments,19,3,2,11,5.4,2,0,1,0,0,1,0,1,3,3,0,0,0,0,0,0,1
P455894,Ultra Repair Oil-Control Moisturizer,First Aid Beauty,4.2388,36.0,Skincare,Moisturizers,32,3,3,12,4.5,1,0,1,0,0,0,0,1,2,2,0,0,0,0,0,0,0
P472811,KP Smoothing Body Lotion with 10% AHA,First Aid Beauty,3.5682,28.0,Bath & Body,Body Moisturizers,28,2,1,7,4.5,2,1,1,1,1,2,0,1,2,2,0,0,0,1,0,0,1
P483658,Mineral Sunscreen Zinc Oxide Broad Spectrum SPF 30,First Aid Beauty,4.4878,28.0,Skincare,Sunscreen,18,2,2,8,3.8,0,0,0,0,0,0,0,0,0,0,0,0,0,0,0,0,0
P467115,Facial Radiance Niacinamide Dark Spot Serum,First Aid Beauty,3.6559,42.0,Skincare,Treatments,25,2,2,8,3.4,0,0,0,1,0,1,0,1,0,0,0,0,0,0,0,0,0
P442713,FAB Skin Lab Retinol Eye Cream with Triple Hyaluronic Acid,First Aid Beauty,3.7222,44.0,Skincare,Eye Care,57,5,4,19,3.7,5,1,2,2,1,3,0,6,7,7,1,0,0,1,0,1,2
P416825,FAB Skin Lab Retinol Serum 0.25% Pure Concentrate,First Aid Beauty,3.9811,58.0,Skincare,Treatments,34,2,2,8,4.4,3,1,2,1,1,3,0,4,6,5,0,0,0,1,0,1,2
P500746,Hydrating Serum with Hyaluronic Acid,First Aid Beauty,4.5727,40.0,Skincare,Treatments,21,2,1,7,5.5,1,0,0,1,0,1,0,2,1,1,0,0,0,0,0,0,0
P474829,Sculpting Body Lotion,First Aid Beauty,3.9697,34.0,Bath & Body,Body Moisturizers,30,4,2,14,4.8,1,0,1,3,0,1,0,2,1,1,1,0,0,0,0,0,0
P503809,Bounce-Boosting Serum with Collagen + Peptides,First Aid Beauty,4.7273,44.0,Skincare,Treatments,47,2,2,8,6.1,12,0,0,2,0,7,0,2,0,11,0,0,0,0,0,0,0
P399656,Fab Faves To Go Kit,First Aid Beauty,4.5854,30.0,Skincare,Value & Gift Sets,41,5,2,17,4.7,2,2,2,1,2,3,0,2,3,3,0,0,0,2,0,0,2
P461161,FAB Pharma BHA Acne Spot Treatment Gel 2% Salicylic Acid,First Aid Beauty,4.2857,26.0,Skincare,Treatments,25,3,3,12,4.1,2,2,3,2,2,1,0,1,5,4,0,1,0,2,0,1,2
P480603,2-in-1 Cleansing Oil + Makeup Remover,First Aid Beauty,3.6081,26.0,Skincare,Cleansers,17,3,3,12,2.3,0,0,0,0,0,0,0,0,0,0,0,0,0,0,0,0,0
P479840,Hydrating Eye Cream with Hyaluronic Acid,First Aid Beauty,3.8429,30.0,Skincare,Eye Care,32,5,2,17,3.8,1,0,0,1,0,0,0,1,1,1,1,0,0,0,0,0,0
P461162,FAB Pharma White Clay Acne Treatment Pads 2% Salicylic Acid,First Aid Beauty,4.5692,30.0,Skincare,Treatments,27,3,3,12,3.9,1,0,0,0,0,0,0,0,0,1,0,0,0,0,0,0,0
P472031,FAB Pharma Calamine Pore Purging Mask,First Aid Beauty,4.5366,30.0,Skincare,Masks,31,1,1,4,5.8,0,2,2,2,1,1,0,1,1,0,0,1,0,1,0,1,1
P504890,Anti-Chafe Stick with Shea Butter + Colloidal Oatmeal,First Aid Beauty,4.5614,20.0,Bath & Body,Body Moisturizers,11,2,2,8,4.9,1,0,0,1,0,0,0,1,1,1,0,0,0,0,0,0,0
P468354,Hydrating Ultra Repair Cream Duo,First Aid Beauty,4.6154,46.0,Skincare,Value & Gift Sets,23,2,1,7,5.5,1,0,0,1,0,1,0,2,1,1,0,0,0,0,0,0,0
P480604,FAB Faves Trio,First Aid Beauty,4.0,30.0,Skincare,Value & Gift Sets,55,5,3,18,4.0,3,2,3,2,2,3,0,3,5,5,0,0,0,2,0,0,2
P480445,Smooth + FAB Travel Size Duo,First Aid Beauty,5.0,20.0,Skincare,Value & Gift Sets,44,4,2,14,5.2,3,2,2,2,2,3,0,3,4,4,0,0,0,2,0,0,2
P504882,Bye Bye Bumps - Best of Body Kit,First Aid Beauty,5.0,30.0,Skincare,Value & Gift Sets,53,4,3,15,5.0,3,3,4,3,3,3,0,2,6,5,0,1,0,3,0,1,3
P440981,Age Adapting CBD Serum,Flora + Bast,4.6158,77.0,Skincare,Treatments,3,2,0,6,4.3,0,0,0,0,0,0,0,0,0,0,0,0,0,0,0,0,0
P476860,APHRODISIA Intimate Arousal Cannabis Oil,Flora + Bast,4.4737,77.0,Skincare,Wellness,6,1,0,3,4.8,0,0,0,0,0,0,0,0,0,0,0,0,0,0,0,0,0
P500998,Soothe + Hydrate Barrier Building Hydrosol Mist,Flora + Bast,5.0,44.0,Skincare,Moisturizers,4,0,0,0,6.0,0,0,0,0,0,0,0,0,0,0,0,0,0,0,0,0,0
P477160,Mini Age Adapting CBD Serum,Flora + Bast,4.2713,38.5,Skincare,Mini Size,3,2,0,6,3.0,0,0,0,0,0,0,0,0,0,0,0,0,0,0,0,0,0
P461935,BEAR Facial Toning Device,FOREO,4.4236,329.0,Skincare,High Tech Tools,45,4,1,13,5.3,7,0,1,1,0,2,0,3,3,5,0,0,0,0,0,0,0
P461936,BEAR mini Facial Toning Device,FOREO,4.1228,219.0,Skincare,High Tech Tools,45,4,1,13,4.9,7,0,1,1,0,2,0,3,3,5,0,0,0,0,0,0,0
P433466,Call It A Night Activated Mask,FOREO,4.5909,10.99,Skincare,Masks,20,0,0,0,6.1,1,0,0,0,0,1,0,0,0,1,0,0,0,0,0,0,0
P436346,Youth Junkie Activated Mask,FOREO,4.6316,21.99,Skincare,Masks,32,2,2,8,6.0,1,0,1,3,0,3,0,2,0,0,0,0,0,0,0,0,0
P433465,Make My Day Activated Mask,FOREO,4.1667,10.99,Skincare,Masks,12,0,0,0,5.0,0,0,0,0,0,0,0,0,0,0,0,0,0,0,0,0,0
P461937,Serum Serum Serum,FOREO,1.8462,59.0,Skincare,Treatments,45,4,1,13,2.2,7,0,1,1,0,2,0,3,3,5,0,0,0,0,0,0,0
P436343,H2Overdose Activated Mask,FOREO,3.8182,20.0,Skincare,Masks,33,1,1,4,4.4,0,0,0,1,0,1,0,1,0,0,0,0,0,0,0,0,0
P436347,Glow Addict Activated Mask,FOREO,4.5,21.99,Skincare,Masks,34,1,1,4,5.4,0,0,0,1,0,2,0,1,1,0,0,0,0,0,0,0,1
P468653,Freck The Original Freckle,Freck Beauty,3.9218,28.0,Makeup,Face,12,1,1,4,3.9,0,0,0,0,0,0,0,0,0,0,0,0,0,0,0,0,0
P469819,Cheekslime Blush + Lip Tint with Plant Collagen,Freck Beauty,4.318,26.0,Makeup,Cheek,31,2,2,8,4.2,0,0,1,0,0,0,0,0,1,1,0,0,0,0,0,0,0
P502850,MAKEOUT CLUB Soft Blur Lipstick,Freck Beauty,4.69,24.0,Makeup,Lip,25,7,7,28,3.6,0,0,0,0,0,0,0,0,0,0,0,0,0,0,0,0,0
P469862,Rich Bitch Cactus + Vitamin C Moisturizer,Freck Beauty,4.3784,34.0,Skincare,Moisturizers,31,3,3,12,4.5,2,0,0,0,0,2,0,1,1,1,0,0,0,0,0,0,1
P469818,Cactus Water Cleansing Lactic Acid Toner,Freck Beauty,4.5311,32.0,Skincare,Cleansers,16,2,1,7,5.6,2,1,1,1,1,3,0,1,1,1,0,0,0,1,0,0,1
P504127,Rich Bitch Nourishing Plant and Peptide Lip Balm,Freck Beauty,4.127,20.0,Makeup,Lip,20,0,0,0,5.2,0,0,0,0,0,1,0,0,0,0,0,0,0,0,0,0,0
P474831,SLIMELIGHT Highlighter,Freck Beauty,4.7219,28.0,Makeup,Face,33,3,2,11,4.1,0,1,1,1,0,1,0,0,0,0,0,0,0,0,0,1,1
P481819,LASHROCKET MASCARA with Lash Enhancing Peptides,Freck Beauty,4.2732,26.0,Makeup,Eye,28,1,1,4,4.5,0,0,0,0,0,1,0,0,0,0,0,0,0,0,0,0,0
P502970,Best of Freck Holiday Set,Freck Beauty,3.5,25.0,Makeup,Value & Gift Sets,40,3,3,12,2.4,0,0,0,0,0,1,0,0,0,0,0,0,0,0,0,0,0
P481088,Lashrocket Liquid Liner with Lash Enhancing Peptides,Freck Beauty,4.4556,24.0,Makeup,Eye,17,1,1,4,4.7,0,0,0,0,0,1,0,0,0,0,0,0,0,0,0,0,0
P504894,RICH BITCH Hydrating Face Primer Serum,Freck Beauty,4.7634,38.0,Makeup,Face,31,8,6,30,5.1,2,0,0,0,0,1,0,1,1,2,0,0,0,0,0,0,0
P7880,Soy Hydrating Gentle Face Cleanser,fresh,4.3628,39.0,Skincare,Cleansers,30,2,1,7,4.4,0,0,1,0,0,0,0,0,1,1,0,0,0,0,0,0,0
P302103,Sugar Advanced Lip Balm Intense Hydration Treatment,fresh,4.2837,28.0,Skincare,Lip Balms & Treatments,29,5,5,20,3.1,0,0,0,0,0,1,0,0,0,0,0,0,0,0,0,0,1
P12336,Rose Face Mask,fresh,4.1887,64.0,Skincare,Masks,32,4,3,15,4.0,1,0,1,0,0,1,0,0,1,1,0,0,0,0,0,0,0
P421243,Sugar Hydrating Lip Balm,fresh,4.1991,19.0,Skincare,Lip Balms & Treatments,37,4,4,16,3.0,0,0,0,0,0,1,0,0,0,0,0,0,0,0,0,0,1
P500633,Tea Elixir Niacinamide & Hyaluronic Acid Anti-Aging Serum,fresh,4.7724,80.0,Skincare,Treatments,36,6,5,23,5.7,3,0,1,1,0,2,0,2,1,1,0,0,0,0,0,0,0
P471237,Rose & Hyaluronic Acid Deep Hydration Moisturizer,fresh,4.5877,46.0,Skincare,Moisturizers,46,9,6,33,5.5,3,0,1,0,0,1,0,1,2,3,0,0,0,0,0,0,0
P274001,Sugar Lip Polish Exfoliator,fresh,4.2199,19.0,Makeup,Lip,19,3,3,12,3.7,0,0,1,0,0,0,0,0,1,1,0,0,0,0,0,0,0
P440312,Lotus Anti-Aging Night Moisturizer,fresh,4.4843,56.0,Skincare,Moisturizers,39,8,6,30,3.2,0,0,0,0,0,1,0,0,0,0,0,0,0,0,0,1,1
P503936,Black Tea Anti-Aging Moisturizer with Retinol-Alternative BT Matrix,fresh,4.8434,95.0,Skincare,Moisturizers,27,6,4,22,5.6,2,0,1,1,0,1,0,2,1,1,0,0,0,0,0,0,0
P417936,Rose & Hyaluronic Acid Deep Hydration Toner,fresh,4.1636,46.0,Skincare,Cleansers,20,3,3,12,4.0,1,0,1,0,0,0,0,0,1,2,0,0,0,0,0,0,0
P445827,Sugar Strawberry Exfoliating Face Wash,fresh,4.1597,33.0,Skincare,Cleansers,22,5,5,20,3.0,0,0,0,0,0,0,0,0,0,0,0,0,0,0,0,0,0
P442858,Rose Deep Hydration Sleeping Mask,fresh,4.4586,29.0,Skincare,Masks,46,6,4,22,5.4,6,0,1,0,0,1,0,1,4,6,0,0,0,0,0,0,0
P500777,Sugar Lip Balm Hydrating Treatment,fresh,4.5244,25.0,Skincare,Lip Balms & Treatments,28,6,5,23,3.4,0,0,0,0,0,1,0,0,0,0,0,0,0,0,0,0,1
P479841,Floral Recovery Overnight Mask with Squalane,fresh,4.797,69.0,Skincare,Masks,30,4,3,15,5.0,1,0,0,0,1,1,0,1,2,1,0,0,0,0,0,0,1
P12295,Sugar Face Polish Exfoliator,fresh,4.5196,64.0,Skincare,Cleansers,22,2,2,8,3.8,0,0,0,0,0,0,0,0,0,0,0,0,0,0,0,0,0
P454378,Lotus Anti- Aging Daily Moisturizer,fresh,4.3963,54.0,Skincare,Moisturizers,38,8,6,30,4.3,1,0,1,1,0,1,0,1,0,0,0,0,0,0,0,0,0
P457005,Rose & Squalane Deep Hydration Oil-Infused Serum,fresh,4.5838,60.0,Skincare,Treatments,29,6,4,22,5.3,2,0,1,0,0,0,0,1,2,3,0,0,0,0,0,0,0
P39970,Rose Floral Toner,fresh,4.1067,15.0,Skincare,Cleansers,11,4,3,15,3.3,1,0,0,0,0,0,0,0,0,1,0,0,0,0,0,0,0
P217513,Black Tea Instant Perfecting Mask,fresh,4.2919,96.0,Skincare,Masks,46,4,2,14,5.2,2,0,2,1,0,1,0,1,1,2,0,0,0,0,0,0,0
P7844,Brown Sugar Body Polish Exfoliator,fresh,4.3914,67.0,Bath & Body,Bath & Shower,20,5,3,18,3.3,0,0,0,0,0,0,0,0,0,0,0,0,0,0,0,0,0
P454396,Lotus Youth Preserve Eye Cream,fresh,4.4037,45.0,Skincare,Eye Care,41,10,7,37,5.3,3,0,2,1,0,1,0,2,2,3,0,0,0,0,0,0,0
P466122,Kombucha 2-in-1 No-Rinse Cleanser & Prebiotic Treatment,fresh,4.426,44.0,Skincare,Cleansers,17,3,2,11,4.3,1,0,1,0,0,0,0,0,1,2,0,0,0,0,0,0,0
P457517,Rose Petal-Soft Deep Hydration Lip Balm,fresh,4.3891,25.0,Skincare,Lip Balms & Treatments,30,4,4,16,3.3,0,0,0,0,0,1,0,0,0,0,0,0,0,0,0,0,1
P384778,Black Tea Firming and De-Puffing Eye Cream,fresh,3.8768,68.0,Skincare,Eye Care,52,6,4,22,4.7,5,0,3,2,0,2,0,2,2,4,0,0,0,0,0,0,0
P474832,Sugar Recovery Lip Mask Advanced Therapy,fresh,4.6973,28.0,Skincare,Lip Balms & Treatments,30,4,4,16,3.6,0,0,0,0,0,1,0,0,0,0,0,0,0,0,0,0,1
P442003,Sugar Mint Rush Freshening Lip Treatment,fresh,4.0833,25.0,Skincare,Lip Balms & Treatments,29,4,4,16,2.9,0,0,0,0,0,1,0,0,0,0,0,0,0,0,0,0,1
P426080,Lotus Youth Preserve Rescue Mask,fresh,4.351,69.0,Skincare,Masks,51,6,5,23,3.2,0,0,0,0,1,1,0,0,1,0,0,1,0,1,0,0,1
P391799,Black Tea Firming Overnight Mask,fresh,4.1369,96.0,Skincare,Masks,53,7,6,27,5.0,2,0,2,1,0,1,0,1,1,2,0,0,0,0,0,0,0
P420158,Vitamin C Glow Moisturizer,fresh,4.2411,48.0,Skincare,Moisturizers,45,10,7,37,3.7,0,1,1,1,0,0,0,0,0,0,0,0,0,0,0,0,0
P436353,Mini Rose & Hyaluronic Acid Deep Hydration Toner,fresh,4.125,26.0,Skincare,Mini Size,20,3,3,12,4.0,1,0,1,0,0,0,0,0,1,2,0,0,0,0,0,0,0
P12857,Rice Sake Bath,fresh,4.3054,82.0,Bath & Body,Bath & Shower,26,3,3,12,3.2,0,0,0,0,0,0,0,0,0,0,0,0,0,0,0,0,0
P213013,Sugar Lemon Body Lotion,fresh,4.2964,28.0,Bath & Body,Body Moisturizers,27,7,7,28,3.8,0,0,0,1,1,2,0,1,1,0,0,1,0,1,0,0,1
P7827,Sugar Lychee Body Lotion,fresh,4.0903,28.0,Bath & Body,Body Moisturizers,33,10,10,40,4.1,0,0,1,1,1,2,0,1,2,1,0,1,0,1,0,0,1
P448192,Mini Sugar Strawberry Exfoliating Face Wash,fresh,3.8956,15.0,Skincare,Mini Size,22,5,5,20,2.7,0,0,0,0,0,0,0,0,0,0,0,0,0,0,0,0,0
P500400,Milk Body Cleanser,fresh,4.7306,32.0,Bath & Body,Bath & Shower,29,2,2,8,5.1,1,0,1,0,1,1,0,0,2,2,0,1,0,1,0,0,1
P500398,Milk Body Lotion,fresh,4.7869,42.0,Bath & Body,Body Moisturizers,26,2,0,6,5.3,1,0,0,0,1,1,0,1,2,1,0,1,0,1,0,0,1
P449158,Mini Lotus Anti-Aging Night Moisturizer,fresh,3.9935,22.0,Skincare,Mini Size,39,8,6,30,2.6,0,0,0,0,0,1,0,0,0,0,0,0,0,0,0,1,1
P481703,Black Tea Corset Cream Firming Moisturizer,fresh,4.0065,95.0,Skincare,Moisturizers,49,6,4,22,4.8,3,0,2,1,0,2,0,2,2,2,0,0,0,0,0,0,0
P450211,Mini Vitamin Nectar Glow Juice Antioxidant Face Serum,fresh,3.9926,28.0,Skincare,Mini Size,37,10,7,37,3.4,0,1,1,1,0,0,0,0,0,0,0,0,0,0,0,0,0
P403748,Black Tea Corset Firming Serum,fresh,3.901,75.0,Skincare,Treatments,43,9,6,33,4.3,5,1,2,1,1,4,0,3,3,3,0,0,0,1,0,0,1
P500406,Milk Hydrating Hand Cream,fresh,4.7846,20.0,Bath & Body,Body Moisturizers,39,5,3,18,5.1,2,0,1,0,1,1,0,1,3,3,0,1,0,1,0,0,1
P454395,Mini Lotus Youth Preserve Moisturizer,fresh,3.7733,21.0,Skincare,Mini Size,38,8,6,30,3.5,1,0,1,1,0,1,0,1,0,0,0,0,0,0,0,0,0
P450210,Vitamin Nectar Glow Juice Antioxidant Face Serum,fresh,3.9714,28.0,Skincare,Treatments,37,10,7,37,3.4,0,1,1,1,0,0,0,0,0,0,0,0,0,0,0,0,0
P454817,Hesperides Grapefruit Body Lotion,fresh,4.1667,28.0,Bath & Body,Body Moisturizers,29,7,5,26,3.6,0,0,0,1,1,2,0,1,1,0,0,1,0,1,0,0,1
P439626,Black Tea Firming Eye Serum,fresh,3.7619,72.0,Skincare,Eye Care,42,7,6,27,4.5,3,0,2,1,0,3,0,1,1,2,0,0,0,0,0,0,0
P472466,Mini Rose & Hyaluronic Acid Deep Hydration Moisturizer,fresh,3.9808,18.0,Skincare,Moisturizers,46,9,6,33,4.8,3,0,1,0,0,1,0,1,2,3,0,0,0,0,0,0,0
P388687,Fresh Life Body Lotion,fresh,3.76,28.0,Bath & Body,Body Moisturizers,23,5,5,20,3.1,0,0,0,1,1,2,0,1,1,0,0,1,0,1,0,0,1
P193706,Freesia Oval Soap,fresh,4.5135,15.0,Bath & Body,Bath & Shower,24,10,10,40,3.4,0,0,0,0,0,0,0,0,0,0,0,0,0,0,0,0,0
P432256,Mini Black Tea Instant Perfecting Mask,fresh,4.3571,40.0,Skincare,Mini Size,46,4,2,14,5.2,2,0,2,1,0,1,0,1,1,2,0,0,0,0,0,0,0
P500012,Rose Hydration Pore-Minimizing Mist,fresh,4.4706,24.0,Skincare,Moisturizers,16,4,3,15,4.4,1,0,1,0,0,0,0,0,1,2,0,0,0,0,0,0,0
P193705,Verbena Oval Soap,fresh,4.2,15.0,Bath & Body,Bath & Shower,21,10,10,40,3.0,0,0,0,0,0,0,0,0,0,0,0,0,0,0,0,0,0
P429538,Lotus Youth Preseve Rescue Mask Mini,fresh,4.2667,28.0,Skincare,Shop by Concern,51,6,5,23,3.1,0,0,0,0,1,1,0,0,1,0,0,1,0,1,0,0,1
P435387,Mini Rose Floral Toner,fresh,3.7,15.0,Skincare,Mini Size,11,4,3,15,2.8,1,0,0,0,0,0,0,0,0,1,0,0,0,0,0,0,0
P504272,Hydrating Skincare Gift Set,fresh,3.2857,59.0,Skincare,Value & Gift Sets,74,11,8,41,3.9,4,0,1,0,0,1,0,1,2,4,0,0,0,0,0,0,0
P503226,Sugar Triple-Action Lip Serum Advanced Therapy,fresh,3.8571,36.0,Skincare,Lip Balms & Treatments,44,4,4,16,3.6,1,0,1,1,0,2,0,1,0,0,0,0,0,0,0,0,1
P481704,Umbrian Clay Pore Purifying Face Mask,fresh,4.5,58.0,Skincare,Masks,49,6,4,22,5.4,3,0,2,1,0,2,0,2,2,2,0,0,0,0,0,0,0
P432255,Mini Black Tea Firming Overnight Mask,fresh,4.0,40.0,Skincare,Mini Size,53,7,6,27,4.8,2,0,2,1,0,1,0,1,1,2,0,0,0,0,0,0,0
P504289,Prep & Treat Lip Care Gift Set,fresh,3.5,28.0,Skincare,Value & Gift Sets,55,6,6,24,2.2,0,0,0,0,0,1,0,0,0,0,0,0,0,0,0,0,1
P503915,Mini Floral Recovery Overnight Mask with Squalane,fresh,5.0,28.0,Skincare,Masks,30,4,3,15,5.2,1,0,0,0,1,1,0,1,2,1,0,0,0,0,0,0,1
P505493,Mini Kombucha Antioxidant Facial Treatment Essence,fresh,4.2713,39.0,Skincare,Moisturizers,31,5,5,20,4.2,2,0,2,1,0,1,0,1,1,2,0,0,0,0,0,0,0
P505509,Kombucha Antioxidant Facial Treatment Essence,fresh,4.2713,82.0,Skincare,Moisturizers,31,5,5,20,4.2,2,0,2,1,0,1,0,1,1,2,0,0,0,0,0,0,0
P505233,Honey Infused Lip Oil,Gisou,4.9474,32.0,Skincare,Lip Balms & Treatments,25,5,5,20,3.9,0,0,0,0,0,0,0,0,0,0,0,0,0,0,0,0,0
P390722,Prisme Libre Loose Setting and Finishing Powder,Givenchy,4.502,59.0,Makeup,Face,23,4,2,14,3.4,0,0,0,0,0,0,0,0,0,0,0,0,0,0,0,0,0
P377755,Rouge Interdit Intense Silk Satin Matte Lipstick,Givenchy,4.6199,40.0,Makeup,Lip,32,6,6,24,3.5,0,0,0,0,0,0,0,0,0,0,0,0,0,0,0,0,0
P457245,Rose Perfecto Tinted Liquid Balm,Givenchy,4.3079,38.0,Makeup,Lip,27,2,2,8,3.6,0,0,0,0,0,0,0,0,0,0,0,0,0,0,0,0,0
P405231,Rouge Interdit Vinyl Color Enhancing Lipstick,Givenchy,4.3695,34.0,Makeup,Lip,27,5,5,20,3.2,0,0,0,0,0,0,0,0,0,0,0,0,0,0,0,0,0
P474948,Le Rouge Sheer Velvet Matte Lipstick,Givenchy,4.507,40.0,Makeup,Lip,23,5,5,20,4.2,1,0,0,0,0,0,0,1,1,1,0,0,0,0,0,0,0
P472700,Rose Perfecto Lip Balm 24H Hydration,Givenchy,4.431,38.0,Makeup,Lip,29,3,2,11,4.1,1,0,0,0,0,1,0,1,1,1,0,0,0,0,0,0,1
P448881,Le Rouge Deep Velvet Matte Lipstick,Givenchy,4.5346,40.0,Makeup,Lip,30,6,6,24,3.4,0,0,0,0,0,0,0,0,0,0,0,0,0,0,0,0,0
P469469,Prisme Libre Skin-Caring Glow Foundation,Givenchy,4.4733,52.0,Makeup,Face,32,3,2,11,4.8,1,0,1,0,0,0,0,1,2,2,0,0,0,0,0,0,0
P416205,Mini Prisme Libre Loose Powder,Givenchy,4.125,40.0,Makeup,Face,22,3,2,11,3.0,0,0,0,0,0,0,0,0,0,0,0,0,0,0,0,0,0
P481706,Prisme Libre Skin-Caring Matte Foundation,Givenchy,4.4644,52.0,Makeup,Face,38,3,2,11,4.8,1,0,1,0,0,0,0,1,2,2,0,0,0,0,0,0,0
P183916,Lip Liner,Givenchy,4.4754,30.0,Makeup,Lip,26,0,0,0,5.4,0,0,0,0,0,0,0,0,0,0,0,0,0,0,0,0,0
P471764,Le Rouge Universal 24H Hydration Lip Balm,Givenchy,4.2474,39.0,Makeup,Lip,22,1,0,3,5.3,1,0,0,0,0,1,0,1,1,1,0,0,0,0,0,0,1
P505129,Prisme Libre Skin-Caring 24H Hydrating + Radiant + Correcting Creamy Concealer,Givenchy,4.6288,37.0,Makeup,Face,37,3,2,11,5.0,1,0,1,0,0,0,0,1,2,2,0,0,0,0,0,0,0
P410767,Mister Brow Groom Universal Brow Setter,Givenchy,4.4634,31.0,Makeup,Eye,7,1,1,4,4.6,0,0,0,0,0,0,0,0,0,0,0,0,0,0,0,0,0
P446334,Volume Disturbia Mascara,Givenchy,4.1452,28.0,Makeup,Eye,35,7,7,28,3.8,2,0,0,0,0,1,0,0,0,1,0,0,0,0,0,0,0
P463625,Rouge Interdit Intense Silk Satin Matte Lipstick Refills,Givenchy,4.6,31.0,Makeup,Lip,32,6,6,24,3.5,0,0,0,0,0,0,0,0,0,0,0,0,0,0,0,0,0
P501179,Pink Collection Le Rouge Sheer Velvet Matte Lipstick,Givenchy,4.5132,43.0,Makeup,Lip,21,4,4,16,4.2,1,0,0,0,0,0,0,1,1,1,0,0,0,0,0,0,0
P474949,Le Rouge Sheer Velvet Matte Lipstick Customized Refills,Givenchy,2.5,31.0,Makeup,Lip,23,5,5,20,1.8,1,0,0,0,0,0,0,1,1,1,0,0,0,0,0,0,0
P446827,Liner Disturbia Felt Tip Eyeliner,Givenchy,3.8065,28.0,Makeup,Eye,14,2,2,8,3.0,0,0,0,0,0,0,0,0,0,0,0,0,0,0,0,0,0
P504939,Prisme Libre Skin-Caring Corrector,Givenchy,4.5,37.0,Makeup,Face,34,3,2,11,4.8,1,0,1,0,0,0,0,1,2,2,0,0,0,0,0,0,0
P419605,Rouge Interdit Vinyl Color Enhancing Lipstick - 16 Noir Revelateur,Givenchy,4.2557,34.0,Makeup,Lip,27,5,5,20,3.1,0,0,0,0,0,0,0,0,0,0,0,0,0,0,0,0,0
P500416,Magnetic Half Lashes,Glamnetic,2.75,25.0,Makeup,Eye,1,0,0,0,3.3,0,0,0,0,0,0,0,0,0,0,0,0,0,0,0,0,0
P503068,Brush On Nail Glue,Glamnetic,5.0,7.0,Makeup,Nail,4,0,0,0,6.0,0,0,0,0,0,0,0,0,0,0,0,0,0,0,0,0,0
P500394,Magnetic False Lashes - Brown,Glamnetic,4.2713,30.0,Makeup,Eye,1,0,0,0,4.2,0,0,0,0,0,0,0,0,0,0,0,0,0,0,0,0,0
P505234,Lash Extension Kit,Glamnetic,3.9412,45.0,Makeup,Eye,9,0,0,0,4.7,0,0,0,0,0,0,0,0,0,0,0,0,0,0,0,0,0
P281835,GLO Brilliant White Smile - At Home Teeth Whitening Device,GLO Science,3.9987,159.0,Skincare,Value & Gift Sets,26,5,4,19,2.8,0,0,0,0,0,0,0,0,0,0,0,0,0,0,0,0,0
P404465,GLO Lit Teeth Whitening Vials 3 Pack,GLO Science,4.1409,24.0,Skincare,High Tech Tools,10,4,3,15,3.0,0,0,0,0,0,0,0,0,0,0,0,0,0,0,0,0,0
P395389,GLO Brilliant Teeth Whitening GLO Vials 10 Pack plus Lip Care,GLO Science,4.4211,65.0,Skincare,High Tech Tools,23,4,3,15,3.3,0,0,0,0,0,0,0,0,0,0,0,0,0,0,0,0,0
P399755,GLO Lit Teeth Whitening Vials 7 Pack + Lip Care,GLO Science,4.3917,49.0,Skincare,High Tech Tools,23,4,3,15,3.3,0,0,0,0,0,0,0,0,0,0,0,0,0,0,0,0,0
P472467,GLO to Go Teeth Whitening Pen,GLO Science,4.4889,25.0,Skincare,High Tech Tools,17,2,2,8,3.8,0,0,0,0,0,0,0,0,0,0,0,0,0,0,0,0,0
P504525,Balm Dotcom Lip Balm and Skin Salve,Glossier,2.9385,14.0,Makeup,Lip,22,3,3,12,1.5,0,0,0,0,0,0,0,0,0,0,0,0,0,0,0,0,0
P504521,Cloud Paint Gel Cream Blush,Glossier,4.2067,20.0,Makeup,Cheek,32,4,2,14,3.2,0,0,0,1,0,0,0,0,0,0,0,0,0,0,0,0,0
P504823,Ultralip High Shine Lipstick with Hyaluronic Acid,Glossier,4.3548,18.0,Makeup,Lip,41,1,0,3,6.0,2,1,1,0,1,3,0,1,2,2,0,0,0,1,0,0,2
P504526,Boy Brow Volumizing Eyebrow Gel-Pomade,Glossier,4.3133,17.0,Makeup,Eye,34,2,2,8,5.2,2,0,0,0,0,0,0,2,2,2,0,0,0,0,0,0,0
P504782,Perfecting Skin Tint for Dewy Sheer Coverage,Glossier,4.0541,26.0,Makeup,Face,23,3,1,10,2.9,0,0,0,0,0,0,0,0,0,0,0,0,0,0,0,0,0
P504829,Glassy High-Shine Lip Gloss,Glossier,3.4521,15.0,Makeup,Lip,11,0,0,0,4.1,0,0,0,0,0,0,0,0,0,0,0,0,0,0,0,0,0
P504802,Generation G Sheer Matte Lipstick,Glossier,4.2958,18.0,Makeup,Lip,41,6,3,21,4.0,1,0,0,0,0,0,0,1,1,1,0,0,0,0,0,0,0
P504831,Stretch Concealer for Dewy Buildable Coverage,Glossier,4.28,20.0,Makeup,Face,19,0,0,0,5.9,1,0,0,0,0,0,0,1,1,1,0,0,0,0,0,0,0
P504834,Lash Slick Lift and Lengthening Mascara,Glossier,3.8932,18.0,Makeup,Eye,26,3,3,12,2.7,0,0,0,0,0,0,0,0,0,0,0,0,0,0,0,0,0
P504775,Monochromes Essential Eyeshadow Trio Palette,Glossier,3.7,22.0,Makeup,Eye,41,0,0,0,4.8,1,0,0,0,0,1,0,0,0,0,0,0,0,0,0,0,0
P504814,Haloscope Balm Dewy Highlighter Stick,Glossier,3.2222,22.0,Makeup,Face,13,0,0,0,3.9,0,0,0,0,0,0,0,0,0,0,0,0,0,0,0,0,0
P504803,Lidstar Long-Wearing Shimmer Cream Eyeshadow,Glossier,3.9189,18.0,Makeup,Eye,20,0,0,0,4.7,0,0,0,0,0,0,0,0,0,0,0,0,0,0,0,0,0
P504527,No 1. Pencil Creamy Long-Wearing Eyeliner,Glossier,3.2353,16.0,Makeup,Eye,22,0,0,0,3.9,0,0,0,0,0,0,0,0,0,0,0,0,0,0,0,0,0
P504807,Solar Paint Luminious Gel-Cream Bronzer,Glossier,2.9608,20.0,Makeup,Cheek,32,2,2,8,2.8,1,0,0,0,0,0,0,1,1,1,0,0,0,0,0,0,0
P504789,Brow Flick Microfine Detailing Eyebrow Pen,Glossier,3.5294,18.0,Makeup,Eye,16,5,4,19,3.2,1,0,1,0,0,0,0,0,1,2,0,0,0,0,0,0,0
P504800,Skywash Liquid-to-Powder Sheer Matte Eyeshadow Tint,Glossier,2.9143,18.0,Makeup,Eye,19,0,0,0,3.5,0,0,0,0,0,0,0,0,0,0,0,0,0,0,0,0,0
P504523,Futuredew Facial Oil-Serum Hybrid,Glossier,3.9651,26.0,Skincare,Moisturizers,29,2,1,7,4.2,1,0,0,0,0,0,0,1,1,1,0,0,0,0,0,0,0
P504524,Milky Jelly Gentle Gel Face Cleanser,Glossier,4.0877,19.0,Skincare,Cleansers,25,4,4,16,4.1,0,0,1,1,0,1,0,1,1,1,0,0,0,0,0,0,0
P504788,Pro Tip Long-Wearing Liquid Eyeliner Pen,Glossier,4.7188,18.0,Makeup,Eye,14,5,4,19,4.7,1,0,1,0,0,0,0,0,1,2,0,0,0,0,0,0,0
P504794,After Baume Moisture Barrier Recovery Cream,Glossier,4.1429,28.0,Skincare,Moisturizers,25,1,0,3,6.0,3,1,1,0,1,3,0,0,1,2,0,0,0,1,0,0,1
P504786,Solution Skin-Perfecting Daily Chemical Exfoliator,Glossier,3.7143,26.0,Skincare,Cleansers,25,8,6,30,3.5,3,6,7,1,5,4,0,0,6,5,0,1,0,4,0,1,4
P504773,Priming Moisturizer Rich Face Cream with Ceramides,Glossier,4.05,35.0,Skincare,Moisturizers,35,5,2,17,4.5,2,1,1,0,1,1,0,1,2,2,0,0,0,1,0,0,1
P504774,Super Pure Clarifying Face Serum with Niacinamide + Zinc,Glossier,4.5882,29.0,Skincare,Treatments,13,1,1,4,6.7,0,1,2,2,0,2,0,1,1,1,0,0,0,0,0,0,0
P504795,Super Bounce Hyaluronic Acid + Vitamin B5 Hydrating Face Serum,Glossier,4.7333,29.0,Skincare,Treatments,16,1,1,4,4.9,0,0,0,0,0,0,0,0,0,0,0,0,0,0,0,0,0
P504919,Milky Oil Dual-Phase Waterproof Makeup Remover,Glossier,4.2667,14.0,Skincare,Cleansers,11,1,1,4,4.9,0,0,1,0,0,0,0,0,1,1,0,0,0,0,0,0,0
P504784,Priming Moisturizer Lightweight Buildable Face Cream,Glossier,4.2143,24.0,Skincare,Moisturizers,28,4,2,14,4.5,1,0,1,0,0,0,0,1,2,2,0,0,0,0,0,0,0
P504778,Invisible Shield Water-Gel Transparent Sunscreen SPF 35,Glossier,4.1818,25.0,Skincare,Sunscreen,37,4,3,15,2.6,0,0,0,0,0,1,2,0,0,0,0,0,0,2,0,2,1
P504780,Super Glow Vitamin C Brightening Face Serum,Glossier,2.7778,29.0,Skincare,Treatments,24,2,2,8,2.3,1,0,0,0,0,1,0,0,1,1,0,0,0,0,0,0,1
P504810,Priming Moisturizer Balance Oil-Control Gel-Cream,Glossier,4.6667,25.0,Skincare,Moisturizers,32,3,1,10,4.8,2,0,0,0,0,1,0,1,1,1,0,0,0,0,0,0,0
P504815,Universal Pro-Retinol Overnight Renewing Treatment,Glossier,3.7778,35.0,Skincare,Treatments,31,4,3,15,2.5,0,0,0,0,0,0,0,0,0,0,0,0,0,0,0,0,0
P504790,Cleanser Concentrate AHA Clarifying and Exfoliating Face Wash,Glossier,3.625,21.0,Skincare,Cleansers,27,4,1,13,3.5,3,2,3,0,2,3,0,0,3,5,0,0,0,2,0,0,2
P458219,Watermelon Glow PHA + BHA Pore-Tight Toner,Glow Recipe,4.3728,34.0,Skincare,Cleansers,22,0,0,0,6.6,1,1,1,0,1,1,0,0,1,1,0,0,0,0,0,0,0
P467762,Mini Watermelon Glow PHA + BHA Pore-Tight Toner,Glow Recipe,4.3728,15.0,Skincare,Mini Size,22,0,0,0,6.6,1,1,1,0,1,1,0,0,1,1,0,0,0,0,0,0,0
P466123,Watermelon Glow Niacinamide Dew Drops,Glow Recipe,4.3975,35.0,Skincare,Treatments,23,3,3,12,3.3,0,0,0,0,0,0,0,0,0,0,0,0,0,0,0,0,0
P428819,Watermelon Pink Juice Oil-Free Moisturizer,Glow Recipe,3.9995,39.0,Skincare,Moisturizers,24,2,2,8,4.2,1,0,0,1,0,0,0,1,1,1,0,0,0,0,0,0,0
P462699,Plum Plump Hyaluronic Acid Serum,Glow Recipe,4.4249,45.0,Skincare,Treatments,35,3,2,11,4.7,1,0,1,0,0,0,0,1,2,2,0,0,0,0,0,0,0
P447791,Avocado Fine Line Eye Cream with Retinol,Glow Recipe,4.1087,42.0,Skincare,Eye Care,58,5,3,18,4.3,2,1,2,0,1,2,0,1,3,4,0,0,0,1,0,1,1
P469211,Watermelon Glow AHA Pink Dream Body Cream,Glow Recipe,4.4323,29.0,Bath & Body,Body Moisturizers,46,8,6,30,3.3,0,0,0,0,0,0,0,0,0,0,0,0,0,0,0,0,0
P479327,Plum Plump Hyaluronic Acid Moisturizer,Glow Recipe,4.4624,39.0,Skincare,Moisturizers,64,6,3,21,5.4,4,1,2,0,1,3,0,1,3,4,0,0,0,0,0,0,0
P460516,Papaya Sorbet Smoothing Enzyme Cleansing Balm & Makeup Remover,Glow Recipe,4.1989,32.0,Skincare,Cleansers,21,2,1,7,3.6,0,0,0,0,0,0,0,0,0,0,0,0,0,0,0,0,0
P470529,Avocado Soothing Skin Barrier Serum with Ceramides,Glow Recipe,4.471,45.0,Skincare,Treatments,66,4,4,16,5.2,6,0,0,4,0,3,0,7,5,6,0,0,0,0,0,0,1
P481989,Watermelon Glow Niacinamide Sunscreen SPF 50,Glow Recipe,3.761,35.0,Skincare,Sunscreen,46,5,4,19,4.1,2,2,2,1,1,1,0,0,1,2,0,0,0,1,0,0,1
P436359,Blueberry Bounce Gentle Cleanser,Glow Recipe,3.8103,34.0,Skincare,Cleansers,20,3,2,11,3.8,2,2,2,1,2,2,0,1,3,3,0,0,0,2,0,0,2
P455236,Glow Lip Pop Lip Balm,Glow Recipe,4.5778,22.0,Skincare,Lip Balms & Treatments,42,1,0,3,5.9,0,2,3,0,2,2,0,0,4,2,0,1,0,2,0,0,3
P482535,Strawberry Smooth BHA + AHA Salicylic Acid Serum,Glow Recipe,4.5439,42.0,Skincare,Treatments,36,4,2,14,4.5,2,4,5,4,4,3,0,3,7,5,0,1,0,2,0,1,3
P442744,Watermelon Glow Ultra-Fine Mist,Glow Recipe,4.1552,29.0,Skincare,Moisturizers,24,0,0,0,6.4,1,0,1,2,0,0,0,1,1,1,0,0,0,0,0,0,0
P472468,Watermelon Glow Hyaluronic Clay Pore-Tight Facial Mask,Glow Recipe,4.5912,40.0,Skincare,Masks,39,0,0,0,7.5,1,1,2,0,1,1,0,0,2,2,0,0,0,0,0,0,0
P501760,Guava Vitamin C Bright-Eye Gel Cream,Glow Recipe,4.5109,38.0,Skincare,Eye Care,48,4,4,16,4.4,1,0,2,1,3,7,0,0,6,2,1,0,0,0,0,1,6
P475543,Guava Vitamin C Dark Spot Treatment Serum,Glow Recipe,4.2613,45.0,Skincare,Treatments,47,1,1,4,5.3,2,0,2,0,4,5,0,1,8,3,0,0,0,0,0,0,5
P501254,Watermelon Glow AHA Night Treatment,Glow Recipe,4.6795,40.0,Skincare,Treatments,40,5,4,19,4.8,3,2,3,0,2,2,0,0,3,5,0,0,0,2,0,0,2
P503634,Avocado Ceramide Moisture Barrier Cleanser,Glow Recipe,4.4387,28.0,Skincare,Cleansers,48,5,5,20,4.7,2,0,1,0,0,0,0,1,1,2,0,0,0,0,0,0,0
P504125,Strawberry BHA Pore-Smooth Blur Drops,Glow Recipe,4.686,32.0,Skincare,Treatments,31,4,3,15,4.8,1,1,2,2,1,0,0,1,3,2,0,1,0,1,0,1,1
P435386,Mini Watermelon Pink Juice Oil-Free Moisturizer,Glow Recipe,3.7555,21.0,Skincare,Mini Size,24,2,2,8,3.9,1,0,0,1,0,0,0,1,1,1,0,0,0,0,0,0,0
P441323,Mini Blueberry Bounce Gentle Cleanser,Glow Recipe,3.7057,10.0,Skincare,Mini Size,20,3,2,11,3.6,2,2,2,1,2,2,0,1,3,3,0,0,0,2,0,0,2
P504171,Fruit Babies Bestsellers Kit,Glow Recipe,4.6339,34.0,Skincare,Value & Gift Sets,151,15,11,56,4.6,7,3,4,3,3,5,0,4,6,7,0,1,0,2,0,1,2
P504325,Glowy Skin Prep Besties Set,Glow Recipe,4.875,52.0,Skincare,Value & Gift Sets,65,7,7,28,4.8,1,0,2,1,3,7,0,0,6,2,1,0,0,0,0,1,6
P504849,Plumping Power Duo,Glow Recipe,4.8454,54.0,Skincare,Value & Gift Sets,84,7,4,25,5.8,5,1,2,0,1,3,0,2,4,5,0,0,0,0,0,0,0
P504636,Mini Watermelon Glow Niacinamide Dew Drops,Glow Recipe,4.0,20.0,Skincare,Treatments,23,3,3,12,2.8,0,0,0,0,0,0,0,0,0,0,0,0,0,0,0,0,0
P456213,GOOPGLOW Microderm Instant Glow Exfoliator,goop,4.4821,125.0,Skincare,Cleansers,41,7,4,25,4.4,1,1,2,0,2,2,0,1,4,3,0,1,0,2,0,0,2
P459299,Mini GOOPGLOW Microderm Instant Glow Exfoliator,goop,4.4821,42.0,Skincare,Mini Size,41,7,4,25,4.4,1,1,2,0,2,2,0,1,4,3,0,1,0,2,0,0,2
P456208,GOOPGLOW 15% Glycolic Acid Overnight Glow Peel,goop,4.255,125.0,Skincare,Treatments,28,4,3,15,4.1,0,1,2,0,2,2,0,0,3,2,0,1,0,2,0,0,2
P459301,Mini GOOPGLOW 15% Glycolic Acid Overnight Glow Peel,goop,4.255,45.0,Skincare,Mini Size,28,4,3,15,4.1,0,1,2,0,2,2,0,0,3,2,0,1,0,2,0,0,2
P456211,GOOPGLOW Morning Skin Superpowder,goop,3.991,60.0,Skincare,Wellness,11,0,0,0,6.2,1,0,1,1,1,1,0,1,2,2,0,1,0,1,0,0,1
P459300,Mini GOOPGLOW Morning Skin Superpowder,goop,3.991,12.0,Skincare,Mini Size,11,0,0,0,6.2,1,0,1,1,1,1,0,1,2,2,0,1,0,1,0,0,1
P471029,GOOPGLOW Glow Lotion,goop,4.0638,58.0,Skincare,Moisturizers,53,11,8,41,4.7,2,1,2,1,2,1,0,2,5,3,0,0,0,0,0,0,1
P460578,GOOPGENES All-In-One Nourishing Face Cream,goop,4.2846,98.0,Skincare,Moisturizers,40,4,3,15,5.1,4,0,0,0,0,0,0,3,2,3,0,0,0,0,0,0,0
P461165,GOOPGENES All-In-One Nourishing Eye Cream,goop,4.2026,55.0,Skincare,Eye Care,46,5,4,19,5.0,6,0,1,1,0,0,0,5,5,6,1,0,0,0,0,0,0
P480606,goopglow Cloudberry Exfoliating Jelly Cleanser,goop,4.0194,35.0,Skincare,Cleansers,33,4,1,13,4.6,2,0,1,0,0,0,0,2,2,2,0,0,0,0,0,0,0
P501243,GOOPGLOW Exfoliating Dark Spot Sleep Serum,goop,4.0598,98.0,Skincare,Treatments,40,6,3,21,4.1,4,3,4,0,3,3,0,2,6,6,0,0,0,2,0,0,2
P458966,"""The Martini"" Emotional Detox Bath Soak",goop,3.12,40.0,Bath & Body,Bath & Shower,16,2,2,8,2.3,0,0,0,1,0,0,0,0,0,0,0,0,0,0,0,0,0
P468143,GOOPGENES All-In-One Super Nutrient Face Oil,goop,3.5676,98.0,Skincare,Moisturizers,30,6,5,23,3.3,1,0,0,0,0,1,0,1,1,1,0,0,0,0,0,0,0
P456210,GOOPGLOW 20% Vitamin C and Hyaluronic Glow Serum,goop,3.5357,125.0,Skincare,Treatments,23,3,2,11,3.2,1,0,1,0,1,1,0,0,2,2,0,1,0,1,0,0,1
P478274,GOOPGENES Clean Nourishing Lip Balm Trio,goop,3.5556,48.0,Skincare,Value & Gift Sets,16,0,0,0,4.3,0,0,0,0,0,0,0,0,0,0,0,0,0,0,0,0,0
P505408,GOOPGLOW Vita-C Brightening Eye Cream,goop,4.2308,58.0,Skincare,Eye Care,36,3,1,10,4.9,2,0,1,1,1,2,0,1,3,3,1,0,0,0,0,0,1
P464250,GOOPGENES Nourishing Repair Body Butter,goop,3.8261,65.0,Skincare,Moisturizers,44,10,7,37,3.8,1,0,1,0,0,1,0,1,2,2,0,0,0,0,0,1,1
P455010,Knock Me Out Sleep Chews,goop,3.2381,30.0,Skincare,Wellness,11,0,0,0,4.9,1,0,0,1,0,0,0,1,1,1,0,0,0,0,0,0,0
P458961,G.Tox Malachite and Fruit Acid Pore Purifying Cleanser,goop,4.3889,48.0,Skincare,Cleansers,30,3,2,11,3.9,0,0,1,0,0,0,0,0,1,1,0,0,0,0,0,0,0
P458962,G.Tox Malachite and AHA Pore Refining Tonic,goop,3.9333,75.0,Skincare,Cleansers,32,5,3,18,4.3,2,2,3,2,1,1,0,2,3,3,1,0,0,1,0,0,1
P483058,GOOPGLOW Flower Acids Resurfacing Toner,goop,4.6667,45.0,Skincare,Cleansers,20,2,2,8,6.0,2,1,2,0,1,1,0,0,2,3,0,0,0,0,0,0,0
P458963,G.Tox Detoxifying Superpowder,goop,1.8,12.0,Skincare,Wellness,9,0,0,0,2.2,0,0,0,0,0,0,0,0,0,0,0,0,0,0,0,0,0
P502295,GOOPGLOW Microderm Instant Glow Body Polish,goop,4.0,48.0,Bath & Body,Bath & Shower,40,9,8,35,3.6,1,0,0,0,0,0,0,1,1,1,0,0,0,0,0,0,0
P502388,GOOPGLOW Afterglow Body Oil,goop,3.0,48.0,Bath & Body,Body Moisturizers,39,6,4,22,3.2,2,0,0,0,0,0,0,2,2,2,0,0,0,0,0,0,0
P474323,GOOPGENES All-in-One Nourishing Skincare Kit,goop,4.5,85.0,Skincare,Value & Gift Sets,77,11,10,43,5.4,7,0,1,1,0,1,0,5,5,7,1,0,0,0,0,0,0
P407471,GrandeLIPS Hydrating Lip Plumper Gloss,Grande Cosmetics,3.7782,27.0,Makeup,Lip,27,1,1,4,4.3,0,0,0,1,0,1,0,0,0,0,1,0,0,0,0,0,0
P455557,GrandeREPAIR Leave-in Lash Conditioner,Grande Cosmetics,4.14,25.0,Makeup,Eye,29,4,2,14,3.6,0,0,0,1,0,1,0,1,0,0,0,0,0,0,0,0,0
P420491,GrandeMASCARA Conditioning Peptide Mascara,Grande Cosmetics,4.1182,25.0,Makeup,Eye,22,2,2,8,4.1,1,0,0,0,0,2,0,1,0,1,0,0,0,0,0,0,1
P471548,GrandePOUT Plumping Lip Mask,Grande Cosmetics,3.9367,24.0,Makeup,Lip,73,8,7,31,4.5,1,0,0,2,1,3,0,1,2,1,1,0,0,0,0,0,1
P420492,GrandePRIMER Pre-Mascara Lengthener & Thickener,Grande Cosmetics,4.3645,25.0,Makeup,Eye,20,4,3,15,3.4,0,0,0,0,0,1,0,0,0,0,0,0,0,0,0,0,0
P441882,GrandeDRAMA Intense Thickening Mascara,Grande Cosmetics,3.6458,25.0,Makeup,Eye,21,2,2,8,2.8,0,0,0,0,0,0,0,0,0,0,0,0,0,0,0,0,0
P453273,Velvet Matte Lipstick,Gucci,4.231,45.0,Makeup,Lip,34,4,4,16,3.1,0,0,0,0,0,0,0,0,0,0,0,0,0,0,0,0,0
P452737,Rouge à Lèvres Voile Sheer Lipstick,Gucci,4.4332,45.0,Makeup,Lip,25,0,0,0,5.3,0,0,0,0,0,1,0,0,0,0,0,0,0,0,0,0,1
P459503,Éclat Soleil Luminous Bronzer,Gucci,4.5969,64.0,Makeup,Cheek,30,6,6,24,4.1,0,0,1,0,0,0,0,0,1,1,0,0,0,0,0,0,0
P452736,Long Lasting Satin Lipstick,Gucci,4.4218,45.0,Makeup,Lip,34,5,5,20,3.3,0,0,0,0,0,0,0,0,0,0,0,0,0,0,0,0,0
P471239,Glow & Care Shine Lipstick,Gucci,4.2302,45.0,Makeup,Lip,26,4,4,16,3.7,0,0,1,0,0,0,0,0,1,1,0,0,0,0,0,0,0
P502188,Luminous Matte Beauty Blush,Gucci,4.681,49.0,Makeup,Cheek,30,4,4,16,4.2,0,0,1,0,0,0,0,0,1,1,0,0,0,0,0,0,0
P469858,Matte Beauty Powder,Gucci,3.9779,64.0,Makeup,Face,25,7,7,28,2.8,0,0,0,0,0,0,0,0,0,0,0,0,0,0,0,0,0
P456588,L'Obscur Lengthening Mascara,Gucci,4.1509,36.0,Makeup,Eye,18,1,1,4,4.2,0,0,0,0,0,1,0,0,0,0,0,0,0,0,0,0,1
P467622,Éternité De Beauté 24 Hour Full Coverage Luminous Matte Finish Foundation,Gucci,4.5096,69.0,Makeup,Face,35,7,6,27,4.2,0,0,1,1,0,0,0,0,1,1,0,0,0,0,0,0,0
P500471,Brume de Beauté Beauty Mist,Gucci,4.6652,78.0,Skincare,Moisturizers,26,6,5,23,4.6,1,0,1,0,0,0,0,0,1,2,0,0,0,0,0,0,0
P457649,Luminous Face & Lip Gloss,Gucci,3.8529,34.0,Makeup,Lip,4,0,0,0,4.6,0,0,0,0,0,0,0,0,0,0,0,0,0,0,0,0,0
P483448,Transfer-proof Matte Liquid lipstick,Gucci,4.2819,45.0,Makeup,Lip,37,4,4,16,3.1,0,0,0,0,0,0,0,0,0,0,0,0,0,0,0,0,0
P469821,Long Lasting Bold Lip Liner,Gucci,4.1961,34.0,Makeup,Lip,22,1,1,4,4.2,0,0,0,0,0,1,0,0,0,0,0,0,0,0,0,0,1
P500476,Multipurpose Hydrating and Nourishing Balm,Gucci,3.888,50.0,Makeup,Lip,23,1,1,4,5.7,2,0,1,1,0,1,0,2,3,3,0,0,0,0,0,0,1
P467623,Hydrating Silk Priming Serum,Gucci,4.2423,58.0,Makeup,Face,30,6,5,23,3.9,1,0,0,0,0,0,0,1,1,1,0,0,0,0,0,0,0
P457650,Long Wearing Eyebrow Pencil,Gucci,4.625,33.0,Makeup,Eye,24,2,1,7,5.2,1,0,1,0,0,1,0,0,1,1,0,0,0,0,0,0,0
P501313,Gorgeous Flora Eyeshadow Palette,Gucci,4.2308,152.0,Makeup,Eye,55,2,1,7,4.5,1,0,0,0,0,0,0,1,1,1,0,0,0,0,0,0,0
P480306,Gucci Matte Primer,Gucci,4.4026,60.0,Makeup,Face,30,4,4,16,4.1,0,1,2,1,1,0,0,0,2,1,0,1,0,1,0,1,1
P483447,L'Obscur Long Wearing Eyeliner Pen,Gucci,4.4,39.0,Makeup,Eye,19,4,3,15,3.3,0,0,0,0,0,0,0,0,0,0,0,0,0,0,0,0,0
P501242,Gorgeous Flora Glow & Care Shine Lipstick,Gucci,4.6667,45.0,Makeup,Lip,26,4,4,16,4.2,0,0,1,0,0,0,0,0,1,1,0,0,0,0,0,0,0
P474953,Abeille Royale Advanced Youth Watery Oil,GUERLAIN,4.3465,145.0,Skincare,Moisturizers,36,5,4,19,5.2,2,0,2,1,0,1,0,1,1,2,0,0,0,0,0,0,0
P476513,Mini Abeille Royale Advanced Youth Watery Oil,GUERLAIN,4.3465,55.0,Skincare,Mini Size,36,5,4,19,5.2,2,0,2,1,0,1,0,1,1,2,0,0,0,0,0,0,0
P266308,Météorites Illuminating Powder Pearls,GUERLAIN,4.1803,68.0,Makeup,Face,42,15,13,58,3.0,0,0,0,0,1,1,0,0,1,0,0,1,0,1,0,0,1
P197413,Parure Gold 24K Radiance Primer,GUERLAIN,4.1494,85.0,Makeup,Face,25,2,2,8,3.8,0,0,1,1,0,0,0,0,0,0,0,0,0,0,0,0,0
P461451,Abeille Royale Anti-Aging Fortifying Lotion Toner,GUERLAIN,4.2566,85.0,Skincare,Cleansers,19,1,1,4,5.7,1,0,1,0,0,0,0,1,2,2,0,0,0,0,0,0,0
P284710,Terracotta Sunkissed Natural Bronzer,GUERLAIN,4.5287,59.0,Makeup,Cheek,38,11,10,43,3.4,0,0,0,0,0,0,0,0,0,0,0,0,0,0,0,0,0
P501236,Abeille Royale Anti-Aging Double R Advanced Serum,GUERLAIN,4.6196,240.0,Skincare,Treatments,57,7,4,25,4.7,6,3,6,2,3,5,0,2,5,6,0,0,0,2,0,0,2
P405071,Météorites Primer Perfecting Pearls,GUERLAIN,4.1864,80.0,Makeup,Face,29,6,4,22,3.0,0,0,0,0,0,0,0,0,0,0,0,0,0,0,0,0,0
P430124,Terracotta Light Healthy Glow Bronzer,GUERLAIN,4.2647,59.0,Makeup,Cheek,28,1,0,3,4.5,0,0,0,0,0,0,0,0,0,0,0,0,0,0,0,0,0
P483450,KissKiss Bee Glow Lipstick Balm,GUERLAIN,4.1429,40.0,Makeup,Lip,40,2,2,8,4.8,1,0,1,0,0,1,0,1,2,2,0,0,0,0,0,0,1
P471240,KissKiss Shine Bloom Lipstick Balm,GUERLAIN,4.3125,42.0,Makeup,Lip,34,5,4,19,4.0,1,0,0,0,0,1,0,1,1,1,0,0,0,0,0,0,1
P190247,KissKiss Liplift Lipstick Primer,GUERLAIN,3.9039,40.0,Makeup,Lip,34,7,7,28,2.7,0,0,0,0,0,0,0,0,0,0,0,0,0,0,0,0,0
P456356,Terracotta Matte Bronzer,GUERLAIN,3.9333,59.0,Makeup,Face,38,13,12,51,3.7,1,0,0,1,1,2,0,1,1,1,0,1,0,1,0,0,1
P408678,Midnight Secret Late Night Recovery Treatment Anti-Fatigue Serum,GUERLAIN,4.102,32.0,Skincare,Treatments,44,8,7,31,4.3,5,0,0,0,0,2,0,2,2,5,0,0,0,0,0,1,2
P501172,Ombres G Quad Eyeshadow Palette,GUERLAIN,4.75,85.0,Makeup,Eye,21,1,0,3,5.9,1,0,0,0,0,0,0,1,1,1,0,0,0,0,0,0,0
P469806,Abeille Royale Anti-Aging Eye Lifting Serum,GUERLAIN,3.7333,130.0,Skincare,Eye Care,34,2,2,8,4.3,1,0,1,1,0,0,0,0,1,2,1,0,0,0,0,0,0
P457272,Abeille Royale Anti-Aging Eye Cream,GUERLAIN,3.7857,110.0,Skincare,Eye Care,49,6,4,22,4.3,2,0,1,0,0,0,0,1,2,3,0,0,0,0,0,0,0
P450934,Abeille Royale Day Cream,GUERLAIN,4.2857,170.0,Skincare,Moisturizers,44,4,3,15,4.7,1,0,1,0,1,2,0,0,2,2,0,0,0,0,0,0,1
P459464,Mad Eyes Mascara Long-Wearing & Volumizing,GUERLAIN,2.8667,36.0,Makeup,Eye,43,8,8,32,1.4,0,0,0,0,0,0,0,0,0,0,0,0,0,0,0,0,0
P459466,Mad Eyes Felt Matte Waterproof Eyeliner Pen,GUERLAIN,4.25,36.0,Makeup,Eye,19,1,1,4,4.9,0,0,1,0,0,0,0,0,1,1,0,0,0,0,0,0,0
P501230,Noir G Volumizing & Curling Mascara,GUERLAIN,4.1667,40.0,Makeup,Eye,34,4,3,15,3.0,0,0,0,0,0,0,0,0,0,0,0,0,0,0,0,0,0
P450935,Abeille Royale Night Cream,GUERLAIN,3.6667,200.0,Skincare,Moisturizers,54,7,5,26,4.4,3,0,1,0,0,1,0,1,2,4,0,0,0,0,0,0,0
P504985,Abeille Royale Bestsellers Travel Set,GUERLAIN,2.0,195.0,Skincare,Value & Gift Sets,78,9,6,33,1.6,7,3,6,2,3,5,0,3,6,7,0,0,0,2,0,0,2
P481993,Abeille Royale Intense Repair Youth Oil in Balm,GUERLAIN,3.0,235.0,Skincare,Masks,40,5,4,19,2.6,1,0,1,0,0,0,0,0,1,2,0,0,0,0,0,0,0
P505377,Terracotta Le Teint Healthy Glow Foundation,GUERLAIN,3.8,62.0,Makeup,Face,41,3,3,12,4.4,2,0,1,0,0,0,0,1,2,3,0,0,0,0,0,0,0
P481997,Eye See in Color Clean Multidimensional Eyeshadow Palette,GXVE BY GWEN STEFANI,3.6818,28.0,Makeup,Eye,15,0,0,0,4.4,0,0,0,0,0,0,0,0,0,0,0,0,0,0,0,0,0
P481999,I’m Still Here Longwear Clean Matte Liquid Lipstick,GXVE BY GWEN STEFANI,4.3096,24.0,Makeup,Lip,21,2,2,8,3.6,0,0,0,0,0,0,0,0,0,0,0,0,0,0,0,0,0
P502289,Bubble Pop Electric High-Performance Clean Lip Gloss,GXVE BY GWEN STEFANI,4.3043,20.0,Makeup,Lip,31,0,0,0,5.2,0,0,0,0,0,0,0,0,0,0,0,0,0,0,0,0,0
P504152,Can't Stop Staring Clean Lengthening & Lifting Mascara,GXVE BY GWEN STEFANI,4.3333,20.0,Makeup,Eye,24,3,2,11,3.6,1,0,0,0,0,1,0,0,0,0,0,0,0,0,0,0,0
P482000,Line It Up Clean 24-Hr Gel Pencil Waterproof Eyeliner,GXVE BY GWEN STEFANI,4.2624,20.0,Makeup,Eye,15,0,0,0,5.1,0,0,0,0,0,0,0,0,0,0,0,0,0,0,0,0,0
P503357,Eye See In Sparkle Clean Multi-Dimensional Glitter Eyeshadow,GXVE BY GWEN STEFANI,4.551,24.0,Makeup,Eye,12,0,0,0,5.5,0,0,0,0,0,0,0,0,0,0,0,0,0,0,0,0,0
P481998,Hella On Point Clean Ultra-Fine Brow Pencil,GXVE BY GWEN STEFANI,4.57,24.0,Makeup,Eye,10,0,0,0,5.5,0,0,0,0,0,0,0,0,0,0,0,0,0,0,0,0,0
P482001,Most Def Clean Instant Definition Sculpting Eyebrow Pencil,GXVE BY GWEN STEFANI,4.6073,24.0,Makeup,Eye,11,0,0,0,5.5,0,0,0,0,0,0,0,0,0,0,0,0,0,0,0,0,0
P502461,Pout to Get Real Clean Overlining Lip Liner,GXVE BY GWEN STEFANI,4.1646,22.0,Makeup,Lip,28,0,0,0,5.0,0,0,0,0,0,0,0,0,0,0,0,0,0,0,0,0,0
P481995,All Time Prime Clean Hydrating Prep & Smooth Face Oil,GXVE BY GWEN STEFANI,4.6,48.0,Makeup,Face,21,8,7,31,3.5,0,0,0,0,0,0,0,0,0,0,0,0,0,0,0,0,0
P500491,Xtra Sauce Longwear Vinyl Liquid Lipstick,GXVE BY GWEN STEFANI,4.1811,24.0,Makeup,Lip,27,2,1,7,3.6,0,0,0,0,0,0,0,0,0,0,0,0,0,0,0,0,0
P502436,Anaheim Line Clean Waterproof Lip Liner,GXVE BY GWEN STEFANI,4.7222,20.0,Makeup,Lip,26,0,0,0,5.7,0,0,0,0,0,0,0,0,0,0,0,0,0,0,0,0,0
P503639,Double Dippin' 2-in-1 Lip Color Remover & Hydrating Lip Mask,GXVE BY GWEN STEFANI,4.5769,24.0,Makeup,Lip,16,0,0,0,5.5,0,0,0,0,0,0,0,0,0,0,0,0,0,0,0,0,0
P505462,Paint It Up Clean 24-Hr Cream Eyeshadow,GXVE BY GWEN STEFANI,4.7027,20.0,Makeup,Eye,24,0,0,0,5.6,0,0,0,0,0,0,0,0,0,0,0,0,0,0,0,0,0
P500112,N°41 Facial Sunscreen Mist with SPF 41,HABIT,4.4904,30.0,Skincare,Sunscreen,16,0,0,0,6.4,1,0,0,1,0,0,0,1,1,1,0,0,0,0,0,0,0
P500778,N°39 Facial Sunscreen Mist with SPF 39,HABIT,4.708,30.0,Skincare,Sunscreen,20,3,0,9,4.8,1,0,0,1,0,0,0,1,1,1,0,0,0,0,0,0,0
P500117,N°38 Facial Sunscreen Mist with SPF 38,HABIT,4.3578,30.0,Skincare,Sunscreen,13,0,0,0,6.2,1,0,0,1,0,0,0,1,1,1,0,0,0,0,0,0,0
P483453,Shave Starter Set,Hanni,4.55,68.0,Skincare,Value & Gift Sets,18,0,0,0,5.5,0,0,0,0,0,0,0,0,0,0,0,0,0,0,0,0,0
P483457,Shave Pillow Moisturizing Body Gel,Hanni,4.6954,24.0,Skincare,Moisturizers,18,0,0,0,5.6,0,0,0,0,0,0,0,0,0,0,0,0,0,0,0,0,0
P503899,Water Balm Custom Hydration Body Moisturizer Mist,Hanni,4.7976,34.0,Bath & Body,Body Moisturizers,20,3,1,10,4.8,1,1,1,0,1,1,0,0,1,1,0,0,0,1,0,0,1
P504902,Splash Salve In-Shower Body Moisture Treatment,Hanni,4.9623,34.0,Bath & Body,Body Moisturizers,13,0,0,0,7.4,1,1,1,0,1,1,0,0,1,1,0,0,0,0,0,0,0
P502185,Triclone Skin Tech Medium Coverage Foundation with Fermented Arnica,HAUS LABS BY LADY GAGA,4.2841,45.0,Makeup,Face,48,4,2,14,4.3,1,0,0,1,0,1,0,1,1,1,0,0,0,0,0,0,0
P500283,PhD Hybrid Lip Oil,HAUS LABS BY LADY GAGA,4.3613,24.0,Makeup,Lip,25,4,3,15,4.2,1,0,0,0,0,1,0,1,1,1,0,0,0,0,0,0,0
P500314,Bio-Radiant Gel-Powder Highlighter with Fermented Arnica,HAUS LABS BY LADY GAGA,4.6878,40.0,Makeup,Face,23,2,1,7,5.0,1,0,0,0,0,0,0,1,1,1,0,0,0,0,0,0,0
P500284,Le Monster Lip Crayon Lipstick,HAUS LABS BY LADY GAGA,4.4658,22.0,Makeup,Lip,29,2,1,7,5.2,1,1,1,0,1,2,0,0,1,1,0,0,0,1,0,0,1
P500336,Optic Intensity Eco Gel Eyeliner Pencil,HAUS LABS BY LADY GAGA,3.75,22.0,Makeup,Eye,16,2,2,8,2.9,0,0,0,0,0,0,0,0,0,0,0,0,0,0,0,0,0
P500298,"Hy-Power Eye, Cheek & Lip Pigment Paint",HAUS LABS BY LADY GAGA,4.3771,24.0,Makeup,Eye,25,4,3,15,4.1,1,0,0,0,0,0,0,1,1,1,0,0,0,0,0,0,0
P501271,Atomic Shake Long Lasting Liquid Lipstick,HAUS LABS BY LADY GAGA,3.0187,26.0,Makeup,Lip,22,6,5,23,1.6,0,0,0,0,0,0,0,0,0,0,0,0,0,0,0,0,0
P500301,Power Sculpt Velvet Bronzer with Fermented Arnica,HAUS LABS BY LADY GAGA,4.6685,38.0,Makeup,Cheek,32,2,1,7,5.0,1,0,0,0,0,1,0,1,1,1,0,0,0,0,0,0,1
P504025,Color Fuse Talc-Free Powder Blush with Fermented Arnica,HAUS LABS BY LADY GAGA,4.8667,38.0,Makeup,Cheek,43,7,6,27,4.6,1,0,0,0,0,1,0,1,1,1,0,0,0,0,0,0,1
P502321,Bio-Blurring Talc-Free Loose Setting Powder,HAUS LABS BY LADY GAGA,4.4892,38.0,Makeup,Face,44,0,0,0,5.8,0,0,0,0,0,3,0,0,0,0,0,0,0,0,0,0,1
P500295,The Edge Precision Eyebrow Pencil,HAUS LABS BY LADY GAGA,4.04,22.0,Makeup,Eye,15,1,1,4,4.0,0,0,0,0,0,0,0,0,0,0,0,0,0,0,0,0,0
P400207,Blue Tansy BHA and Enzyme Pore Refining Mask,Herbivore,4.2448,50.0,Skincare,Masks,22,0,0,0,6.5,1,1,1,0,1,1,0,0,1,1,0,0,0,0,0,0,0
P400211,Coco Rose Exfoliating Body Scrub,Herbivore,4.2218,40.0,Bath & Body,Bath & Shower,9,0,0,0,5.1,0,0,0,0,0,0,0,0,0,0,0,0,0,0,0,0,0
P400203,Lapis Blue Tansy Face Oil - For Oily & Acne-Prone Skin,Herbivore,4.2461,74.0,Skincare,Moisturizers,8,1,0,3,5.3,1,0,0,0,0,0,0,1,1,1,0,0,0,0,0,0,0
P479904,Mini Lapis Blue Tansy Face Oil - For Oily & Acne-Prone Skin,Herbivore,4.2461,15.0,Skincare,Moisturizers,8,1,0,3,5.3,1,0,0,0,0,0,0,1,1,1,0,0,0,0,0,0,0
P460747,Pink Cloud Rosewater + Squalane Makeup Removing Face Wash,Herbivore,4.3577,26.0,Skincare,Cleansers,20,1,0,3,6.0,1,0,1,0,0,0,0,1,2,2,0,0,0,0,0,0,0
P442564,Emerald CBD + Adaptogens Deep Moisture Glow Oil,Herbivore,4.3645,60.0,Skincare,Moisturizers,22,4,0,12,4.0,1,0,0,0,0,0,0,1,1,1,0,0,0,0,0,0,0
P437981,Emerald Hemp Seed Deep Moisture Glow Oil,Herbivore,4.3291,50.0,Skincare,Moisturizers,20,2,0,6,4.8,1,0,0,0,0,0,0,1,1,1,0,0,0,0,0,0,0
P400202,Jasmine Glowing Hydration Body Oil,Herbivore,4.4218,44.0,Bath & Body,Body Moisturizers,8,0,0,0,5.3,0,0,0,0,0,0,0,0,0,0,0,0,0,0,0,0,0
P400204,Phoenix Rosehip Anti-Aging Face Oil - For Dry Skin,Herbivore,4.4169,88.0,Skincare,Moisturizers,9,0,0,0,5.3,0,0,0,0,0,0,0,0,0,0,0,0,0,0,0,0,0
P479903,Mini Phoenix Rosehip Anti-Aging Face Oil - For Dry Skin,Herbivore,4.4169,60.0,Skincare,Moisturizers,9,0,0,0,5.3,0,0,0,0,0,0,0,0,0,0,0,0,0,0,0,0,0
P407444,Bamboo Charcoal Detoxifying Soap Bar,Herbivore,4.3012,14.0,Skincare,Cleansers,12,1,1,4,4.4,0,0,0,0,0,0,0,0,0,0,0,0,0,0,0,0,0
P442002,Amethyst Body Scrub with Epsom Salt,Herbivore,4.0274,46.0,Bath & Body,Bath & Shower,23,1,1,4,4.2,0,0,0,1,0,0,0,0,0,0,0,0,0,0,0,0,0
P421600,Jasmine Green Tea Oil Control Toner,Herbivore,4.0833,39.0,Skincare,Cleansers,10,0,0,0,4.9,0,0,0,0,0,0,0,0,0,0,0,0,0,0,0,0,0
P454100,Prism AHA + BHA Exfoliating Glow Facial,Herbivore,4.2616,58.0,Skincare,Treatments,37,2,0,6,5.5,2,1,1,1,1,3,0,2,2,2,0,0,0,1,0,0,1
P481096,Nova 15% Vitamin C + Turmeric Brightening Serum,Herbivore,4.504,65.0,Skincare,Treatments,33,0,0,0,6.4,0,0,1,0,1,1,0,0,2,1,0,0,0,0,0,0,1
P400205,Orchid Antioxidant Beauty Face Oil - For Combination Skin,Herbivore,4.3527,74.0,Skincare,Moisturizers,7,0,0,0,5.2,0,0,0,0,0,0,0,0,0,0,0,0,0,0,0,0,0
P474326,Pink Cloud Soft Moisture Cream,Herbivore,3.786,46.0,Skincare,Moisturizers,32,4,3,15,3.9,1,0,1,0,0,0,0,1,2,2,0,0,0,0,0,0,0
P474325,Aquarius Pore Purifying BHA Cream,Herbivore,4.287,46.0,Skincare,Moisturizers,31,2,1,7,5.7,1,1,2,2,0,1,0,1,1,1,0,0,0,0,0,0,0
P471033,CLOUD JELLY Plumping Hydration Serum,Herbivore,4.3876,50.0,Skincare,Treatments,20,0,0,0,5.9,1,0,0,0,0,1,0,0,0,1,0,0,0,0,0,0,0
P503923,Super Nova 5% THD Vitamin C + Caffeine Brightening Eye Cream,Herbivore,4.6207,48.0,Skincare,Eye Care,41,2,2,8,5.7,0,0,2,2,1,1,0,0,2,1,1,0,0,0,0,0,1
P450583,Prism AHA + BHA Exfoliating Glow Serum,Herbivore,3.9532,54.0,Skincare,Treatments,18,4,2,14,4.1,1,1,1,0,1,1,0,0,1,1,0,0,0,0,0,0,0
P431840,Coconut Milk Bath Soak,Herbivore,3.5497,22.0,Skincare,Wellness,40,1,0,3,3.7,0,0,0,0,0,0,0,0,0,0,0,0,0,0,0,0,0
P500988,Moon Dew 1% Bakuchiol + Peptides Retinol Alternative Eye Cream,Herbivore,4.2297,48.0,Skincare,Eye Care,49,3,1,10,4.7,1,0,1,0,0,1,0,1,2,2,0,0,0,0,0,0,0
P483661,Moon Fruit 1% Bakuchiol + Peptides Retinol Alternative Serum,Herbivore,4.5135,62.0,Skincare,Treatments,40,3,0,9,4.4,0,0,1,0,0,1,0,0,1,1,0,0,0,0,0,0,0
P473313,Coco Rose Soft Glow Body Oil,Herbivore,4.25,38.0,Bath & Body,Body Moisturizers,15,5,4,19,3.9,1,0,0,0,0,0,0,1,1,1,0,0,0,0,0,0,0
P452004,Rose Hibiscus Hydrating Mist,Herbivore,4.0588,36.0,Skincare,Moisturizers,12,0,0,0,4.9,0,0,0,0,0,0,0,0,0,0,0,0,0,0,0,0,0
P432662,Rose Quartz Facial Roller,Herbivore,3.0952,40.0,Skincare,Wellness,63,10,9,39,3.7,2,0,2,1,0,0,0,1,2,3,0,0,0,0,0,0,0
P505316,Aquarius BHA + Blue Tansy Clarity Cleanser,Herbivore,5.0,26.0,Skincare,Cleansers,30,1,1,4,7.0,0,1,3,2,0,1,0,0,1,1,0,0,0,0,0,0,0
P480607,Skin in the Clouds Set,Herbivore,4.1429,32.0,Skincare,Value & Gift Sets,47,4,3,15,5.0,2,0,1,0,0,1,0,1,2,3,0,0,0,0,0,0,0
P481334,Moon Fruit Retinol Alternative Sleep Mask,Herbivore,3.4167,54.0,Skincare,Masks,57,6,1,19,3.7,1,0,1,0,0,1,0,1,2,2,0,0,0,0,0,0,0
P480174,Waves of Clarity Skincare Set,Herbivore,4.5,32.0,Skincare,Value & Gift Sets,51,2,1,7,6.0,2,2,4,2,1,2,0,1,3,3,0,0,0,0,0,0,0
P380627,Terre d’Hermès Deodorant Stick,HERMÈS,4.1111,47.0,Bath & Body,Body Care,17,11,10,43,2.9,0,0,0,0,0,0,0,0,0,0,0,0,0,0,0,0,0
P428686,Twilly d’Hermès Body Shower Cream,HERMÈS,3.0,62.0,Bath & Body,Bath & Shower,23,6,6,24,2.2,0,0,1,0,0,0,0,0,1,1,0,0,0,0,0,0,0
P410532,Vanish Seamless Finish Foundation Stick,Hourglass,4.0118,49.0,Makeup,Face,31,3,2,11,2.8,0,0,0,0,0,0,0,0,0,0,0,0,0,0,0,0,0
P377723,Ambient Lighting Powder,Hourglass,4.3081,54.0,Makeup,Face,25,1,1,4,4.4,0,0,0,0,1,1,0,0,1,0,0,1,0,1,0,0,1
P384963,Ambient Lighting Blush Collection,Hourglass,4.519,45.0,Makeup,Cheek,30,1,1,4,4.6,0,0,0,0,1,1,0,0,1,0,0,1,0,1,0,0,1
P210575,Veil Mineral Primer,Hourglass,4.2905,58.0,Makeup,Face,11,1,0,3,4.5,0,0,0,0,0,0,0,0,0,0,0,0,0,0,0,0,0
P454042,Vanish Airbrush Concealer,Hourglass,4.2742,36.0,Makeup,Face,32,4,2,14,3.9,1,0,0,0,0,0,0,1,1,1,0,0,0,0,0,0,0
P395697,Ambient Lighting Bronzer,Hourglass,4.5295,58.0,Makeup,Cheek,27,1,1,4,4.6,0,0,0,0,1,1,0,0,1,0,0,1,0,1,0,0,1
P483662,Phantom Volumizing Glossy Balm,Hourglass,4.4236,36.0,Makeup,Lip,20,0,0,0,5.3,0,0,0,0,0,0,0,0,0,0,0,0,0,0,0,0,0
P433811,Scattered Light Glitter Eye Shadow,Hourglass,4.5427,30.0,Makeup,Eye,19,1,0,3,4.9,0,0,0,0,0,0,0,0,0,0,0,0,0,0,0,0,0
P430240,Veil Translucent Setting Powder - Talc Free,Hourglass,4.5108,49.0,Makeup,Face,11,0,0,0,5.4,0,0,0,0,1,1,0,0,1,0,0,1,0,1,0,0,1
P467953,Mini Vanish Airbrush Concealer,Hourglass,3.6066,18.0,Makeup,Mini Size,32,4,2,14,3.1,1,0,0,0,0,0,0,1,1,1,0,0,0,0,0,0,0
P301802,Immaculate Liquid Powder Foundation Mattifying Oil Free,Hourglass,3.9696,60.0,Makeup,Face,32,3,2,11,3.0,0,0,0,1,0,0,0,0,0,0,0,0,0,0,0,0,0
P501154,Ambient Soft Glow Foundation,Hourglass,4.3736,58.0,Makeup,Face,32,6,3,21,3.8,1,0,0,1,0,0,0,0,0,1,0,0,0,0,0,0,0
P433809,Caution Extreme Lash Mascara,Hourglass,4.0747,32.0,Makeup,Eye,21,4,4,16,2.9,0,0,0,0,0,0,0,0,0,0,0,0,0,0,0,0,0
P444425,Unreal High Shine Volumizing Lip Gloss,Hourglass,4.3037,32.0,Makeup,Lip,29,2,2,8,3.6,0,0,0,0,0,0,0,0,0,0,0,0,0,0,0,0,0
P404706,Ambient Strobe Lighting Powder,Hourglass,4.0659,45.0,Makeup,Face,28,1,1,4,4.1,0,0,0,0,1,1,0,0,1,0,0,1,0,1,0,0,1
P376457,Arch Brow Sculpting Pencil,Hourglass,4.4352,37.0,Makeup,Eye,13,0,0,0,5.3,0,0,0,0,0,0,0,0,0,0,0,0,0,0,0,0,0
P427527,Vanish Flash Highlighting Stick,Hourglass,4.5407,46.0,Makeup,Face,16,0,0,0,5.4,0,0,0,0,0,0,0,0,0,0,0,0,0,0,0,0,0
P460829,Unlocked Instant Extensions Lengthening Mascara,Hourglass,4.2225,32.0,Makeup,Eye,28,2,2,8,3.5,0,0,0,0,0,0,0,0,0,0,0,0,0,0,0,0,0
P309504,N° 28 Primer Serum,Hourglass,4.3622,65.0,Makeup,Face,48,1,0,3,5.6,3,0,1,0,1,3,0,2,3,3,0,1,1,1,0,1,3
P480609,Vanish Airbrush Primer,Hourglass,4.6392,58.0,Makeup,Face,20,4,3,15,4.2,1,0,0,1,0,0,0,0,0,1,0,0,0,0,0,0,0
P379096,N° 28 Lip Treatment Oil,Hourglass,3.8546,54.0,Makeup,Lip,53,7,7,28,2.6,0,0,0,0,0,3,0,0,0,0,0,0,0,0,0,1,2
P388106,1.5MM Mechanical Gel Eye Liner,Hourglass,3.5435,21.0,Makeup,Eye,12,0,0,0,4.3,0,0,0,0,0,0,0,0,0,0,0,0,0,0,0,0,0
P427516,Arch Brow Volumizing Fiber Gel,Hourglass,4.5323,29.0,Makeup,Eye,17,1,1,4,4.6,0,0,0,0,0,0,0,0,0,0,0,0,0,0,0,0,0
P504297,Unlocked Satin Crème Lipstick,Hourglass,4.5732,38.0,Makeup,Lip,32,1,1,4,4.7,0,0,0,0,0,0,0,0,0,0,0,0,0,0,0,0,0
P457643,Veil Setting Spray,Hourglass,4.3232,49.0,Makeup,Face,26,2,1,7,4.4,0,0,1,0,0,0,0,0,1,1,0,0,0,0,0,0,0
P420410,Confession Ultra Slim High Intensity Lipstick Refill,Hourglass,4.3774,24.0,Makeup,Lip,17,0,0,0,5.3,0,0,0,0,0,0,0,0,0,0,0,0,0,0,0,0,0
P473833,Curator Eyeshadow Singles,Hourglass,3.4301,29.0,Makeup,Eye,18,0,0,0,4.7,0,0,1,0,1,1,0,0,2,1,0,1,0,1,0,0,1
P471550,Vanish Blush Stick,Hourglass,3.6279,46.0,Makeup,Cheek,23,0,0,0,5.2,1,0,0,0,0,0,0,1,1,1,0,0,0,0,0,0,0
P483663,Voyeur Waterproof Gel Eyeliner,Hourglass,4.5069,28.0,Makeup,Eye,13,0,0,0,5.4,0,0,0,0,0,0,0,0,0,0,0,0,0,0,0,0,0
P450905,Confession Refillable Lipstick Duo - Ghost,Hourglass,3.9,36.0,Makeup,Lip,16,0,0,0,4.7,0,0,0,0,0,0,0,0,0,0,0,0,0,0,0,0,0
P430238,Veil Retouching Fluid,Hourglass,3.9386,36.0,Makeup,Face,37,9,7,34,3.7,0,2,2,1,3,2,0,0,3,1,0,2,0,3,0,1,3
P471767,Velvet Story Lip Cream,Hourglass,4.0313,36.0,Makeup,Lip,28,0,0,0,5.6,1,0,0,0,0,0,0,1,1,1,0,0,0,0,0,0,0
P447359,Arch Brow Micro Sculpting Pencil,Hourglass,4.238,29.0,Makeup,Eye,15,1,1,4,4.3,0,0,0,0,0,0,0,0,0,0,0,0,0,0,0,0,0
P457644,Veil Eye Primer,Hourglass,4.0455,30.0,Makeup,Face,23,2,1,7,3.9,0,0,0,0,1,1,0,0,1,0,0,0,0,0,0,0,1
P504637,Equilibrium Resurfacing Retinoid Treatment,Hourglass,4.8898,110.0,Skincare,Treatments,21,3,2,11,5.3,2,1,0,0,1,1,0,2,3,3,0,0,0,1,0,1,1
P502339,Phantom Glossy Lip Balm Duo,Hourglass,4.6,50.0,Makeup,Lip,23,1,1,4,4.7,0,0,0,0,0,0,0,0,0,0,0,0,0,0,0,0,0
P480608,Equilibrium Instant Plumping Eye Mask,Hourglass,4.4719,68.0,Skincare,Eye Care,13,2,1,7,5.6,2,0,0,0,0,0,0,2,2,2,0,0,0,0,0,0,0
P461167,Ambient Lighting Infinity Powder,Hourglass,3.6875,56.0,Makeup,Face,29,1,1,4,3.6,0,0,0,0,1,1,0,0,1,0,0,1,0,1,0,0,1
P469831,Equilibrium Intensive Hydrating Eye Balm,Hourglass,4.5303,82.0,Skincare,Eye Care,24,1,0,3,6.2,2,0,0,0,1,1,0,2,3,2,0,1,0,1,0,0,1
P469832,Equilibrium Rebalancing Cream Cleanser,Hourglass,4.4,52.0,Skincare,Cleansers,19,3,3,12,4.7,1,0,1,0,0,0,0,1,2,2,0,0,0,0,0,0,0
P469833,Equilibrium Restoring Essence,Hourglass,4.7692,65.0,Skincare,Moisturizers,19,2,1,7,6.3,5,1,2,0,1,2,0,2,3,4,0,0,0,0,0,0,0
P454758,N° 28 Lip Treatment Oil – At Night – Lunar New Year Limited Edition,Hourglass,2.3125,49.0,Makeup,Lip,55,6,6,24,1.0,0,0,0,0,0,3,0,0,0,0,0,0,0,0,0,1,2
P415643,Voyeur Waterproof Liquid Liner,Hourglass,3.4302,36.0,Makeup,Eye,17,4,3,15,2.1,0,0,0,0,0,0,0,0,0,0,0,0,0,0,0,0,0
P427605,Arch Brow Shaping Gel,Hourglass,4.3797,29.0,Makeup,Eye,10,1,1,4,4.5,0,0,0,0,0,0,0,0,0,0,0,0,0,0,0,0,0
P469476,Confession Ultra Slim High Intensity Refillable Lipstick - Red 0,Hourglass,4.6667,39.0,Makeup,Lip,15,0,0,0,5.6,0,0,0,0,0,0,0,0,0,0,0,0,0,0,0,0,0
P454745,Mini Arch Brow Micro Sculpting Pencil,Hourglass,2.4,17.0,Makeup,Eye,15,1,1,4,2.1,0,0,0,0,0,0,0,0,0,0,0,0,0,0,0,0,0
P469830,Equilibrium Day Fluid Sunscreen Broad Spectrum SPF 30,Hourglass,4.0625,86.0,Skincare,Sunscreen,21,0,0,0,5.5,0,0,1,0,0,0,0,0,1,1,0,0,0,0,0,0,0
P504339,Unlocked Satin Creme Lipstick- Red 0,Hourglass,5.0,38.0,Makeup,Lip,31,1,1,4,5.2,0,0,0,0,0,0,0,0,0,0,0,0,0,0,0,0,0
P476686,Equilibrium Restorative Hydrating Cream,Hourglass,5.0,94.0,Skincare,Moisturizers,23,4,2,14,6.0,5,0,1,0,0,0,0,4,5,6,0,0,0,0,0,0,0
P504871,Mini Unlocked Instant Extensions Mascara,Hourglass,2.0,15.0,Makeup,Eye,28,2,2,8,1.0,0,0,0,0,0,0,0,0,0,0,0,0,0,0,0,0,0
P469801,Mini Equilibrium Rebalancing Cream Cleanser,Hourglass,5.0,25.0,Skincare,Cleansers,19,3,3,12,5.4,1,0,1,0,0,0,0,1,2,2,0,0,0,0,0,0,0
P469829,Equilibrium Biomimetic Skin Active Serum,Hourglass,5.0,198.0,Skincare,Treatments,25,3,1,10,5.8,2,0,0,0,0,1,0,2,3,2,0,0,0,0,0,0,1
P469850,Mini Equilibrium Biomimetic Skin Active Serum,Hourglass,4.2713,124.0,Skincare,Treatments,25,3,1,10,4.0,2,0,0,0,0,1,0,2,3,2,0,0,0,0,0,0,1
P483686,House of Lashes Iconic False Eyelashes,House of Lashes,4.6457,12.0,Makeup,Eye,2,0,0,0,5.6,0,0,0,0,0,0,0,0,0,0,0,0,0,0,0,0,0
P502508,Iconic False Lashes and Adhesive Set,House of Lashes,4.2713,22.0,Makeup,Eye,5,0,0,0,5.0,1,0,0,1,0,0,0,1,0,1,0,0,0,0,0,0,0
P502324,Stuck on you Lash Adhesive Value Set,House of Lashes,3.25,14.0,Makeup,Eye,5,0,0,0,4.7,1,0,0,1,0,0,0,1,0,1,0,0,0,0,0,0,0
P433402,Easy Bake Loose Baking & Setting Powder,HUDA BEAUTY,4.2632,38.0,Makeup,Face,23,8,7,31,3.1,0,0,0,0,0,0,0,0,0,0,0,0,0,0,0,0,0
P43818047,The New Nude Eyeshadow Palette,HUDA BEAUTY,4.4682,65.0,Makeup,Eye,92,9,7,34,4.0,1,0,0,0,0,1,0,1,1,1,0,0,0,0,0,1,1
P450887,Nude Obsessions Eyeshadow Palette,HUDA BEAUTY,4.0894,32.0,Makeup,Eye,44,1,1,4,4.1,0,0,0,0,0,0,0,0,0,0,0,0,0,0,0,0,0
P441880,Power Bullet Matte Lipstick,HUDA BEAUTY,4.1942,27.0,Makeup,Lip,24,0,0,0,5.0,0,0,0,0,0,0,0,0,0,0,0,0,0,0,0,0,0
P440102,Matte & Metal Melted Double Ended Liquid Eyeshadows,HUDA BEAUTY,4.0065,25.0,Makeup,Eye,40,6,5,23,2.8,0,0,0,0,0,0,0,0,0,0,0,0,0,0,0,0,0
P471242,Mini Easy Bake Loose Baking & Setting Powder,HUDA BEAUTY,3.9007,22.0,Makeup,Mini Size,23,8,7,31,2.7,0,0,0,0,0,0,0,0,0,0,0,0,0,0,0,0,0
P450511,Power Bullet Matte Lipstick - Throwback Collection,HUDA BEAUTY,4.0792,27.0,Makeup,Lip,24,3,3,12,2.9,0,0,0,0,0,0,0,0,0,0,0,0,0,0,0,0,0
P471243,Lip Contour 2.0 Automatic Matte Lip Pencil,HUDA BEAUTY,4.417,21.0,Makeup,Lip,34,0,0,0,6.9,2,0,0,0,0,0,0,2,2,2,0,0,0,0,0,0,0
P500309,#FauxFilter Luminous Matte Buildable Coverage Crease Proof Concealer,HUDA BEAUTY,4.688,31.0,Makeup,Face,31,4,2,14,3.6,0,0,0,0,0,0,0,0,0,0,0,0,0,0,0,0,0
P432059,Rose Gold REMASTERED Eyeshadow Palette,HUDA BEAUTY,3.8943,65.0,Makeup,Eye,53,2,1,7,3.3,0,0,0,0,1,1,0,0,1,0,0,1,0,1,0,0,1
P465324,#FauxFilter Skin Finish Buildable Coverage Foundation Stick,HUDA BEAUTY,4.4724,39.0,Makeup,Face,23,2,1,7,4.0,0,0,0,0,0,0,0,0,0,0,0,0,0,0,0,0,0
P479843,Liquid Matte Ultra-Comfort Transfer-proof Lipstick,HUDA BEAUTY,4.1166,23.0,Makeup,Lip,31,1,0,3,5.7,2,0,0,0,0,2,0,2,2,2,0,0,0,0,0,1,2
P463061,Naughty Nude Eyeshadow Palette,HUDA BEAUTY,4.5266,69.0,Makeup,Eye,75,7,6,27,4.2,1,0,0,0,0,0,0,1,1,1,0,0,0,0,0,0,0
P444605,Tantour Contour & Bronzer Cream,HUDA BEAUTY,4.2211,30.0,Makeup,Face,9,0,0,0,5.1,0,0,0,0,0,0,0,0,0,0,0,0,0,0,0,0,0
P54654321,Demi Matte Cream Liquid Lipstick,HUDA BEAUTY,4.0,20.0,Makeup,Lip,26,5,4,19,4.0,1,1,1,0,1,2,0,0,1,1,0,0,0,1,0,0,1
P489310288,Pastel Obsessions Eyeshadow Palette,HUDA BEAUTY,3.4247,32.0,Makeup,Eye,37,0,0,0,4.1,0,0,0,0,0,0,0,0,0,0,0,0,0,0,0,0,0
P467625,#FauxFilter Luminous Matte Foundation,HUDA BEAUTY,3.6861,42.0,Makeup,Face,43,2,2,8,2.8,0,0,0,0,0,0,0,0,0,0,0,0,0,0,0,0,0
P463062,Haze Obsessions Eyeshadow Palette,HUDA BEAUTY,3.4451,32.0,Makeup,Eye,32,0,0,0,4.1,0,0,0,0,0,0,0,0,0,0,0,0,0,0,0,0,0
P471244,Power Bullet Cream Glow Hydrating Lipstick,HUDA BEAUTY,4.0579,27.0,Makeup,Lip,47,1,0,3,5.5,1,1,1,0,1,2,0,0,1,1,0,0,0,1,0,0,1
P477474,Rose Quartz Eyeshadow Palette,HUDA BEAUTY,4.3853,69.0,Makeup,Eye,84,4,3,15,4.1,1,0,0,0,0,1,0,1,1,1,0,0,0,0,0,0,1
P501327,Empowered Eyeshadow Palette,HUDA BEAUTY,4.7251,69.0,Makeup,Eye,101,3,3,12,3.7,0,0,0,0,0,0,0,0,0,0,0,0,0,0,0,0,0
P472816,GloWish Soft Radiance Vegan Bronzing Powder,HUDA BEAUTY,4.6631,31.0,Makeup,Cheek,31,1,0,3,6.4,1,0,1,0,0,0,0,1,2,2,0,0,0,0,0,0,0
P98466189,LEGIT LASHES Double-Ended Volumizing and Lengthening Mascara,HUDA BEAUTY,3.8657,31.0,Makeup,Eye,43,3,3,12,2.4,0,0,0,0,0,1,0,0,0,0,0,0,0,0,0,1,1
P472815,GloWish Multidew Vegan Skin Tint Foundation,HUDA BEAUTY,4.2813,37.0,Makeup,Face,35,5,2,17,4.5,1,0,1,0,0,0,0,1,2,2,0,0,0,0,0,0,0
P482003,Cheeky Tint Cream Blush Stick,HUDA BEAUTY,4.5291,25.0,Makeup,Cheek,26,0,0,0,5.4,0,0,0,0,0,0,0,0,0,0,0,0,0,0,0,0,0
P444142,N.Y.M.P.H. Not Your Mama’s Panty Hose All Over Body Highlighter,HUDA BEAUTY,2.8625,49.0,Makeup,Face,25,5,3,18,2.2,1,0,0,0,0,0,0,1,1,1,0,0,0,0,0,0,0
P469477,#BombBrows Microshade Brow Pencil,HUDA BEAUTY,3.8759,17.0,Makeup,Eye,18,1,1,4,5.3,1,0,1,0,0,0,0,1,2,2,0,0,0,0,0,0,0
P459256,Silk Balm Hydrating and Nourishing Lip Balm,HUDA BEAUTY,4.1079,21.0,Makeup,Lip,24,0,0,0,5.7,1,0,0,0,0,0,0,1,1,1,0,0,0,0,0,0,0
P444607,Resting Boss Face Waterproof Setting Spray,HUDA BEAUTY,3.1331,33.0,Makeup,Face,21,8,8,32,1.8,0,0,0,0,0,0,0,0,0,0,0,0,0,0,0,0,0
P477988,GloWish Cheeky Vegan Soft Glow Powder Blush,HUDA BEAUTY,4.0533,21.0,Makeup,Cheek,37,1,0,3,5.7,1,0,1,0,0,0,0,1,2,2,0,0,0,0,0,0,0
P477989,GloWish Lightweight Blurring Pressed Powder,HUDA BEAUTY,3.5852,33.0,Makeup,Face,29,2,1,7,3.5,0,0,1,0,0,0,0,0,1,1,0,0,0,0,0,0,0
P502306,Glowish Blur Jam Silicone Free Smoothing Primer,HUDA BEAUTY,4.5054,33.0,Makeup,Face,28,1,1,4,4.6,0,0,0,0,1,1,0,0,1,0,0,1,0,1,0,0,1
P420239,Easy Lash Collection,HUDA BEAUTY,3.7339,18.0,Makeup,Eye,2,0,0,0,4.5,0,0,0,0,0,0,0,0,0,0,0,0,0,0,0,0,0
P465326,Water Jelly Hydrating Face Primer,HUDA BEAUTY,4.2716,33.0,Makeup,Face,15,2,1,7,3.7,0,0,0,0,0,0,0,0,0,0,0,0,0,0,0,0,0
P504610,Bombshell Lip Trio Set,HUDA BEAUTY,4.4211,25.0,Makeup,Lip,69,1,0,3,6.1,3,0,0,0,0,2,0,3,3,3,0,0,0,0,0,1,2
P474836,Quick ’N Easy Precision Liquid Liner,HUDA BEAUTY,3.6888,21.0,Makeup,Eye,14,4,3,15,2.4,0,0,0,0,0,0,0,0,0,0,0,0,0,0,0,0,0
P502092,Lovefest Obsessions Eyeshadow Palette,HUDA BEAUTY,4.2,32.0,Makeup,Eye,48,1,1,4,5.0,1,0,0,0,0,0,0,1,1,1,0,0,0,0,0,0,0
P504885,Matte Obsessions Eyeshadow Palette,HUDA BEAUTY,4.8683,32.0,Makeup,Eye,33,1,1,4,5.0,0,0,0,0,0,0,0,0,0,0,0,0,0,0,0,0,0
P500730,Silk Balm Icy Cryo-Plumping Lip Balm,HUDA BEAUTY,3.4545,25.0,Makeup,Lip,24,0,0,0,5.3,1,0,0,1,0,0,0,1,1,1,1,0,0,0,0,0,0
P9214873437,Glow Coco Hydrating Mist,HUDA BEAUTY,4.2143,35.0,Makeup,Face,30,3,2,11,4.5,1,0,1,0,0,0,0,1,2,2,0,0,0,0,0,0,0
P477168,#BombBrows Full ’n Fluffy Volumizing Fiber Gel,HUDA BEAUTY,3.8649,19.0,Makeup,Eye,29,1,1,4,3.8,0,0,0,0,0,0,0,0,0,0,0,0,0,0,0,0,0
P476690,Silk Balm Honey Kiss Lip Balm,HUDA BEAUTY,3.7143,21.0,Makeup,Lip,27,1,1,4,4.5,1,0,0,0,0,0,0,1,1,1,0,0,0,0,0,0,0
P500854,Waterproof Lash Glue,HUDA BEAUTY,3.5385,15.0,Makeup,Eye,10,2,2,8,2.6,0,0,0,0,0,0,0,0,0,0,0,0,0,0,0,0,0
P500769,Silk Balm Spicy Thermo-Plumping Lip Balm,HUDA BEAUTY,2.2222,25.0,Makeup,Lip,33,1,0,3,3.7,2,0,0,0,0,1,0,2,2,2,0,0,0,0,0,0,1
P504900,Creamy Kohl Longwear Eye Pencil,HUDA BEAUTY,4.8688,21.0,Makeup,Eye,12,0,0,0,5.8,0,0,0,0,0,0,0,0,0,0,0,0,0,0,0,0,0
P443349,Skin Squad Pre + ProbioticSupplement for Acne-Prone Skin,HUM Nutrition,4.1152,40.0,Skincare,Wellness,12,0,0,0,4.9,0,0,0,0,0,0,0,0,0,0,0,0,0,0,0,0,0
P386754,Daily Cleanse Clear Skin and Body Detox Supplement,HUM Nutrition,4.0535,26.0,Skincare,Wellness,14,0,0,0,5.9,0,1,1,2,0,0,0,1,0,0,0,0,0,0,0,0,0
P394826,Flatter Me Digestive Enzyme Supplement,HUM Nutrition,4.2643,26.0,Skincare,Wellness,19,0,0,0,6.1,1,0,0,1,0,0,0,1,1,1,0,0,0,0,0,0,0
P503052,Mini Flatter Me Digestive Enzyme Supplement,HUM Nutrition,4.2643,15.0,Skincare,Wellness,19,0,0,0,6.1,1,0,0,1,0,0,0,1,1,1,0,0,0,0,0,0,0
P457510,Private Party: Supports Vaginal & Urinary Tract Health,HUM Nutrition,4.6727,26.0,Skincare,Wellness,6,0,0,0,5.6,0,0,0,0,0,0,0,0,0,0,0,0,0,0,0,0,0
P453713,Collagen POP + Vitamin C Dissolvable Tablets,HUM Nutrition,4.3455,12.0,Skincare,Wellness,11,0,0,0,6.2,1,0,1,0,1,1,0,1,2,2,0,1,1,1,0,0,1
P407387,Beauty zzZz Sleep Support Supplement with Melatonin,HUM Nutrition,4.1542,10.0,Skincare,Wellness,10,0,0,0,6.0,1,0,0,1,0,0,0,1,1,1,0,0,0,0,0,0,0
P386761,Killer Nails Hair & Nail Strength Supplement with Biotin,HUM Nutrition,4.5079,20.0,Makeup,Nail,5,0,0,0,5.4,0,0,0,0,0,0,0,0,0,0,0,0,0,0,0,0,0
P431847,Glow Sweet Glow - Skin Hydration Vegan Gummies with Hyaluronic Acid & Vitamin C + E,HUM Nutrition,4.107,26.0,Skincare,Wellness,11,1,1,4,5.1,1,0,1,0,0,0,0,0,1,2,0,0,0,0,0,0,0
P504575,PRO ACV Healthy Gut Vegan Gummies with 100% Organic Apple Cider Vinegar and Probiotics,HUM Nutrition,4.6607,26.0,Skincare,Wellness,11,1,1,4,5.4,0,0,1,0,0,0,0,0,1,1,0,0,0,0,0,0,0
P386755,Collagen Love Skin Firming Supplement with Hyaluronic Acid & Vitamin C,HUM Nutrition,4.4074,40.0,Skincare,Wellness,6,0,0,0,5.3,0,0,0,0,1,1,0,0,1,0,0,1,0,1,0,0,1
P468149,Calm Sweet Calm Stress Management Vegan Gummies with Ashwagandha & L-Theanine,HUM Nutrition,4.2056,30.0,Skincare,Wellness,12,0,0,0,5.8,1,1,1,0,0,0,0,1,1,1,0,0,1,0,0,0,1
P451996,"Mighty Night Overnight Renewal Supplement with Ceramides, CoQ10, & Ferulic Acid",HUM Nutrition,4.5285,40.0,Bath & Body,Beauty Supplements,10,0,0,0,5.8,1,0,0,0,0,0,0,1,0,1,0,0,1,0,0,0,0
P474839,Counter Cravings - Helps Reduce Cravings and Boosts Metabolism,HUM Nutrition,4.4,50.0,Skincare,Wellness,6,1,0,3,4.7,0,0,0,0,0,0,0,0,0,0,0,0,0,0,0,0,0
P474838,Boost Sweet Boost - Vegan Gummies for Immune Support,HUM Nutrition,4.8636,26.0,Skincare,Wellness,17,0,0,0,5.8,0,0,0,0,0,0,0,0,0,0,0,0,0,0,0,0,0
P482005,Fan Club - multi-symptom menopause support,HUM Nutrition,4.8171,40.0,Skincare,Wellness,4,0,0,0,5.8,0,0,0,0,0,0,0,0,0,0,0,0,0,0,0,0,0
P386759,Moody Bird PMS Support Supplement,HUM Nutrition,4.2222,26.0,Skincare,Wellness,5,0,0,0,5.1,0,0,0,0,0,0,0,0,0,0,0,0,0,0,0,0,0
P500111,Womb Service - OBGYN Formulated Prenatal Support Supplement,HUM Nutrition,4.8148,45.0,Skincare,Wellness,26,1,0,3,6.2,5,2,2,6,2,2,0,5,5,6,0,1,0,2,0,1,2
P388982,Big ChillAdaptogenStress Management Supplement,HUM Nutrition,4.2609,25.0,Skincare,Wellness,4,0,0,0,5.1,0,0,0,0,0,0,0,0,0,0,0,0,0,0,0,0,0
P386760,OMG! Omega The Great Fish Oil Supplement,HUM Nutrition,4.3077,30.0,Skincare,Wellness,5,0,0,0,6.0,1,0,0,1,0,0,0,1,0,1,0,0,0,0,0,0,0
P386764,Uber Energy Adrenal Fatigue and Adaptogen Supplement,HUM Nutrition,3.5385,26.0,Skincare,Wellness,17,0,0,0,5.6,2,0,0,2,1,1,0,2,3,2,0,1,0,1,0,0,1
P386757,Wing Man Liver Detox and Dark Circle Supplement,HUM Nutrition,3.8254,26.0,Skincare,Wellness,6,0,0,0,5.0,0,0,0,1,0,0,0,1,0,0,0,0,0,0,0,0,0
P386762,Here Comes The Sun Vitamin D Immune System Support Supplement,HUM Nutrition,4.6444,12.0,Skincare,Wellness,5,0,0,0,5.6,0,0,0,0,0,0,0,0,0,0,0,0,0,0,0,0,0
P408271,Turn Back Time Turmeric Supplement for UV Damage,HUM Nutrition,4.0435,40.0,Skincare,Wellness,5,0,0,0,4.9,0,0,0,0,1,1,0,0,1,0,0,1,0,1,0,0,1
P389097,Arctic Repair Fine Lines and Wrinkles Supplement,HUM Nutrition,3.7778,60.0,Skincare,Wellness,10,0,0,0,4.7,0,0,0,1,0,0,0,0,0,0,0,0,0,0,0,0,0
P476428,Brightening Dark Spot Vitamin C Serum,Hyper Skin,4.5664,58.0,Skincare,Treatments,36,2,2,8,4.9,2,1,2,1,2,1,0,1,5,3,0,1,0,1,0,1,2
P500614,Gentle Brightening Gel Cleanser with Mandelic Acid,Hyper Skin,4.701,28.0,Skincare,Cleansers,11,0,0,0,5.8,0,0,0,0,1,0,0,0,1,0,0,0,0,0,0,1,0
P481710,Fade and Glow AHA Mask,Hyper Skin,4.4762,48.0,Skincare,Masks,37,3,3,12,4.4,0,3,3,1,3,2,0,0,3,2,0,1,0,3,0,1,3
P503216,Hyper Even Daily Duo Kit for Hyperpigmentation,Hyper Skin,4.6667,39.0,Skincare,Value & Gift Sets,61,5,4,19,4.6,2,2,3,1,4,2,0,1,7,4,0,1,0,2,0,2,3
P476515,Mini Brightening Dark Spot Vitamin C Serum,Hyper Skin,3.1429,36.0,Skincare,Mini Size,36,2,2,8,3.2,2,1,2,1,2,1,0,1,5,3,0,1,0,1,0,1,2
P461217,Illuminator Liquid Highlight,Iconic London,4.4943,40.0,Makeup,Face,2,0,0,0,5.4,0,0,0,0,0,0,0,0,0,0,0,0,0,0,0,0,0
P461220,Sheer Cream Blush,Iconic London,4.1507,27.0,Makeup,Cheek,29,5,5,20,3.2,0,0,0,1,0,0,0,0,0,0,0,0,0,0,0,0,0
P478279,Glaze Dual Ended Eyeshadow Crayon,Iconic London,4.3038,30.0,Makeup,Eye,30,2,1,7,3.8,0,0,0,0,0,0,0,0,0,0,0,0,0,0,0,0,0
P473171,Radiance Complexion Booster,Iconic London,4.5479,39.0,Makeup,Face,37,2,1,7,5.3,1,0,1,0,0,2,0,1,2,2,0,0,0,0,0,1,2
P461219,Prep Set Glow Hydrating Spray,Iconic London,3.9515,29.0,Makeup,Face,30,0,0,0,6.3,3,0,0,1,0,3,0,1,1,3,1,0,0,0,0,1,1
P502623,Super Smoother Blurring Skin Tint,Iconic London,4.3699,32.0,Makeup,Face,43,4,4,16,3.6,1,0,0,0,0,0,0,0,0,1,0,0,0,0,0,0,0
P502611,Underglow Blurring Primer,Iconic London,4.2143,29.0,Makeup,Face,36,3,2,11,3.3,0,0,0,1,1,1,0,0,1,0,0,1,0,1,0,0,1
P463452,Lustre Lip Oil,Iconic London,4.6364,26.0,Makeup,Lip,14,0,0,0,7.0,1,0,1,0,0,1,0,1,2,2,0,0,0,0,0,0,1
P484045,Mini Prep Set Glow Hydrating Spray,Iconic London,3.9643,15.0,Makeup,Face,30,0,0,0,6.4,3,0,0,1,0,3,0,1,1,3,1,0,0,0,0,1,1
P471035,Sheer Bronze Liquid Bronzer,Iconic London,3.566,27.0,Makeup,Cheek,26,4,4,16,3.1,0,0,1,1,0,0,0,0,1,1,0,0,0,0,0,0,0
P481711,Silk Glow Blush and Highlight Duo,Iconic London,4.2273,39.0,Makeup,Cheek,31,3,3,12,3.1,0,0,0,0,0,0,0,0,0,0,0,0,0,0,0,0,0
P477991,Precision Duo Contour Pot,Iconic London,3.8273,29.0,Makeup,Face,30,1,0,3,4.8,1,0,0,0,0,0,0,1,1,1,0,0,0,0,0,0,0
P461218,Lip Plumping Gloss,Iconic London,3.4615,26.0,Makeup,Lip,29,4,3,15,3.4,1,1,1,0,1,2,0,0,1,1,0,0,0,1,0,0,1
P505240,Rollaway Glow Highlighter,Iconic London,4.4286,29.0,Makeup,Face,11,0,0,0,5.3,0,0,0,0,0,0,0,0,0,0,0,0,0,0,0,0,0
P482679,Liquid Brow Silk Max Hold Gel,Iconic London,4.2439,24.0,Makeup,Eye,27,2,1,7,5.3,2,0,0,0,0,2,0,1,1,2,0,0,0,0,0,0,0
P500445,Prep Set Tan Tanning Mist with Hyaluronic Acid,Iconic London,4.2703,29.0,Skincare,Self Tanners,33,2,2,8,4.5,1,0,0,1,0,1,0,1,1,1,1,0,0,0,0,1,1
P504574,Tint and Texture Brow Gel,Iconic London,4.5806,26.0,Makeup,Eye,23,2,2,8,3.9,0,0,0,0,0,0,0,0,0,0,0,0,0,0,0,0,0
P455418,Super Serum Skin Tint SPF 40 Foundation,ILIA,3.6762,48.0,Makeup,Face,29,3,2,11,4.4,3,0,0,2,0,1,0,4,3,3,0,0,0,0,0,0,0
P431750,Limitless Lash Lengthening Clean Mascara,ILIA,4.2482,28.0,Makeup,Eye,25,1,1,4,5.7,1,0,1,0,0,2,0,0,1,2,0,0,0,0,0,0,0
P411848,Multi-Stick Cream Blush + Highlighter + Lip Tint,ILIA,4.1992,36.0,Makeup,Cheek,18,3,3,12,3.0,0,0,0,0,0,0,0,0,0,0,0,0,0,0,0,0,0
P429548,True Skin Medium Coverage Serum Foundation with Niacinamide,ILIA,4.332,54.0,Makeup,Face,41,3,1,10,5.2,2,1,1,1,1,2,0,2,2,2,0,0,0,0,0,0,0
P472978,Balmy Tint Hydrating Lip Balm,ILIA,4.546,28.0,Makeup,Lip,35,1,1,4,4.7,0,0,0,0,0,0,0,0,0,0,0,0,0,0,0,0,0
P444439,Mini Limitless Lash Lengthening Mascara,ILIA,4.1158,13.0,Makeup,Eye,25,1,1,4,5.5,1,0,1,0,0,2,0,0,1,2,0,0,0,0,0,0,0
P464772,Liquid Powder Eye Shadow Tint,ILIA,4.1354,28.0,Makeup,Eye,19,1,0,3,4.4,0,0,0,0,0,0,0,0,0,0,0,0,0,0,0,0,0
P441873,True Skin Serum Concealer with Vitamin C,ILIA,4.1369,32.0,Makeup,Face,33,3,2,11,4.8,1,1,1,1,2,2,0,0,2,1,0,0,0,0,0,0,1
P461456,Balmy Gloss Tinted Lip Oil,ILIA,4.4623,26.0,Makeup,Lip,33,5,2,17,3.8,0,0,0,0,1,1,0,0,1,0,0,0,0,0,0,0,1
P448845,The Necessary Eyeshadow Palette,ILIA,4.4141,40.0,Makeup,Eye,21,2,2,8,3.7,0,0,0,0,0,0,0,0,0,0,0,0,0,0,0,0,0
P444438,Color Haze Multi-Use Pigment,ILIA,4.0541,32.0,Makeup,Cheek,26,0,0,0,4.9,0,0,0,0,0,0,0,0,0,0,0,0,0,0,0,0,0
P436270,Color Block High Impact Lipstick,ILIA,4.5108,28.0,Makeup,Lip,40,5,5,20,3.4,0,0,0,0,0,0,0,0,0,0,0,0,0,0,0,0,0
P458753,NightLite Bronzer Powder,ILIA,4.2248,34.0,Makeup,Cheek,14,0,0,0,5.1,0,0,0,0,0,0,0,0,0,0,0,0,0,0,0,0,0
P417170,Soft Focus Finishing Powder,ILIA,4.347,36.0,Makeup,Face,12,0,0,0,5.2,0,0,0,0,0,0,0,0,0,0,0,0,0,0,0,0,0
P500245,C Beyond Triple Serum SPF 40 Mineral Sunscreen with Vitamin C 10% + Niacinamide,ILIA,3.6609,64.0,Skincare,Sunscreen,32,1,0,3,5.2,3,0,0,2,1,2,0,4,4,3,0,1,0,1,0,0,1
P475110,Fullest Volumizing Mascara,ILIA,3.6954,28.0,Makeup,Eye,25,3,3,12,3.8,2,0,0,0,0,1,0,1,1,2,0,0,0,0,0,0,0
P467765,Lip Wrap Overnight Treatment,ILIA,4.3316,26.0,Makeup,Lip,30,3,3,12,3.2,0,0,0,0,0,0,0,0,0,0,0,0,0,0,0,0,0
P444919,Liquid Light Serum Highlighter,ILIA,4.1716,42.0,Makeup,Face,20,2,2,8,4.2,1,0,0,0,0,0,0,1,1,1,0,0,0,0,0,0,0
P480308,Lip Wrap Reviving Balm,ILIA,4.3884,24.0,Makeup,Lip,14,2,2,8,4.7,1,0,0,1,0,0,0,1,1,1,0,0,0,0,0,0,0
P504071,Bright Start Retinol Alternative Brightening Eye Cream,ILIA,4.4004,46.0,Skincare,Eye Care,35,4,2,14,5.3,2,0,1,1,0,0,0,1,2,3,1,0,0,0,0,0,0
P441874,True Skin Radiant Priming Serum,ILIA,4.3396,52.0,Makeup,Face,29,2,2,8,5.6,2,1,2,1,1,1,0,1,3,3,0,0,0,0,0,0,0
P407640,Illuminator,ILIA,3.9444,36.0,Makeup,Face,16,0,0,0,4.7,0,0,0,0,0,0,0,0,0,0,0,0,0,0,0,0,0
P475111,Mini Fullest Volumizing Mascara,ILIA,3.3514,13.0,Makeup,Mini Size,25,3,3,12,3.4,2,0,0,0,0,1,0,1,1,2,0,0,0,0,0,0,0
P448847,Clean Line Liquid Eyeliner,ILIA,3.9856,28.0,Makeup,Eye,13,2,1,7,4.0,0,0,1,0,0,0,0,0,1,1,0,0,0,0,0,0,0
P471245,Blue Light Protect + Set Mist,ILIA,4.0498,38.0,Makeup,Face,28,2,1,7,4.1,0,0,1,0,0,0,0,0,1,1,0,0,0,0,0,0,0
P448846,Clean Line Gel Eyeliner,ILIA,3.4744,26.0,Makeup,Eye,17,0,0,0,4.2,0,0,0,0,0,0,0,0,0,0,0,0,0,0,0,0,0
P471246,Mini Blue Light Protect + Set Mist,ILIA,3.3448,18.0,Makeup,Mini Size,28,2,1,7,3.2,0,0,1,0,0,0,0,0,1,1,0,0,0,0,0,0,0
P458754,DayLite Highlighter Powder,ILIA,4.1951,34.0,Makeup,Face,17,0,0,0,5.8,0,1,1,0,1,1,0,0,1,1,0,0,0,1,0,0,1
P439202,Essential Brow Natural Volumizing Brow Gel,ILIA,2.6232,26.0,Makeup,Eye,25,3,3,12,3.1,3,1,1,0,1,1,0,1,2,3,0,0,0,0,0,0,0
P422517,Natural Brightening Eye Primer,ILIA,3.2222,24.0,Makeup,Eye,19,0,0,0,3.9,0,0,0,0,0,0,0,0,0,0,0,0,0,0,0,0,0
P428120,Jelly Shot,INC.redible,2.5202,10.0,Makeup,Lip,12,0,0,0,3.0,0,0,0,0,0,0,0,0,0,0,0,0,0,0,0,0,0
P441815,Roller Baby Lip Gloss,INC.redible,2.9961,10.0,Makeup,Lip,11,0,0,0,3.6,0,0,0,0,0,0,0,0,0,0,0,0,0,0,0,0,0
P429434,You Glow Girl Iridescent Jelly,INC.redible,3.8776,12.0,Makeup,Face,11,0,0,0,4.7,0,0,0,0,0,0,0,0,0,0,0,0,0,0,0,0,0
P455637,Jammy Lips Sheer Lacquer Lip Tint,INC.redible,4.2198,12.0,Makeup,Lip,13,1,1,4,4.3,0,0,0,0,0,0,0,0,0,0,0,0,0,0,0,0,0
P428119,In A Dream World Iridescent Sheer Gloss,INC.redible,4.1429,13.0,Makeup,Lip,21,4,4,16,3.0,0,0,0,0,0,0,0,0,0,0,0,0,0,0,0,0,0
P436258,Cosmic Blur Set,INC.redible,4.1837,15.0,Makeup,Value & Gift Sets,11,0,0,0,5.0,0,0,0,0,0,0,0,0,0,0,0,0,0,0,0,0,0
P449099,Just Kinda Bliss Hemp Hydration Lip Jelly,INC.redible,4.1071,10.0,Makeup,Lip,17,6,5,23,2.9,0,0,0,0,0,0,0,0,0,0,0,0,0,0,0,0,0
P449102,Crystal Ball Roller Gloss,INC.redible,4.3839,12.0,Skincare,Wellness,9,4,4,16,3.3,0,0,0,0,0,0,0,0,0,0,0,0,0,0,0,0,0
P469478,Party Recharge Hydrating Hyaluronic Under Eye Masks,INC.redible,3.6842,20.0,Skincare,Eye Care,29,2,2,8,3.4,0,0,0,1,0,1,0,1,0,0,0,0,0,0,0,0,0
P431104,Listen Hard Girl Neon Lip Paint,INC.redible,3.4848,10.0,Makeup,Lip,26,3,1,10,2.2,0,0,0,0,0,0,0,0,0,0,0,0,0,0,0,0,0
P440660,Jelly Shot Heart Lip Quencher,INC.redible,3.6667,10.0,Makeup,Lip,21,0,0,0,4.4,0,0,0,0,0,0,0,0,0,0,0,0,0,0,0,0,0
P446602,You Glow Girl Body Blur,INC.redible,3.3846,15.0,Bath & Body,Body Moisturizers,24,2,2,8,3.5,1,0,1,0,0,0,0,0,1,2,0,0,0,0,0,0,0
P481712,Party Recharge Cryo Me Crazy Under-eye Masks,INC.redible,4.5556,20.0,Skincare,Eye Care,23,1,1,4,5.3,0,0,0,1,0,1,0,1,0,0,0,0,0,0,0,0,0
P458958,Hydrating Boob and Bum Sheet Mask Duo,INC.redible,4.0833,15.0,Skincare,Masks,29,0,0,0,6.7,2,0,2,2,1,4,0,2,1,1,0,0,0,0,0,0,1
P432231,Hypno Highlight Creamy Shimmer Strobe,INC.redible,2.0,10.0,Makeup,Face,20,3,3,12,1.0,0,0,0,0,0,0,0,0,0,0,0,0,0,0,0,0,0
P500421,Need A Spa Day Set,INC.redible,4.2713,25.0,Bath & Body,Value & Gift Sets,29,5,4,19,2.8,0,0,0,0,1,2,0,0,2,0,0,0,0,0,0,0,2
P471037,Slushy Serum Moisturizer Crush Infused with Bakuchiol,iNNBEAUTY PROJECT,4.6047,30.0,Skincare,Treatments,36,0,0,0,6.5,1,0,0,0,0,1,0,1,1,1,0,0,0,0,0,0,0
P472469,Green Machine Vitamin C + Green Superfoods Jelly Serum,iNNBEAUTY PROJECT,4.4043,34.0,Skincare,Treatments,42,1,0,3,6.5,0,1,2,1,2,1,0,0,3,1,0,0,0,0,0,0,1
P480447,10 + 10 Moisturizer with 10% Vitamin C + 10% Peptide Complex + Ceramides,iNNBEAUTY PROJECT,4.5646,35.0,Skincare,Moisturizers,37,3,2,11,5.1,2,0,1,0,1,4,0,2,5,3,0,0,0,0,0,0,2
P471039,Pimple Paste Overnight Blemish Drying Paste,iNNBEAUTY PROJECT,4.1673,17.0,Skincare,Treatments,33,5,5,20,4.8,3,1,3,2,2,3,0,0,3,3,0,0,0,0,0,0,1
P483127,Retinol Remix 1% Retinol Treatment With Peptide & Tranexamic Acid,iNNBEAUTY PROJECT,4.7545,48.0,Skincare,Treatments,54,2,1,7,5.3,1,3,3,0,5,4,0,1,6,4,0,0,0,3,0,3,4
P471038,Glaze Lip Oil,iNNBEAUTY PROJECT,4.4293,17.0,Skincare,Lip Balms & Treatments,14,0,0,0,5.3,0,0,0,0,0,0,0,0,0,0,0,0,0,0,0,0,0
P474329,Face Glaze Skin Barrier Protect & Glow Moisturizer,iNNBEAUTY PROJECT,4.6237,25.0,Skincare,Moisturizers,51,2,1,7,6.1,4,0,0,0,0,0,0,4,3,4,0,0,0,0,0,0,0
P503865,Bright & Tight Dark Circle Firming Eye Cream with Vitamin C & Peptides,iNNBEAUTY PROJECT,4.4176,34.0,Skincare,Eye Care,68,5,2,17,4.7,4,0,2,4,3,6,0,5,9,5,1,0,0,0,0,0,3
P500687,Keep It Clean Hydrating Gel Cleanser with Ceramides & 10 Amino Acids,iNNBEAUTY PROJECT,4.5226,26.0,Skincare,Cleansers,47,1,1,4,6.6,7,0,1,0,0,3,0,0,1,8,0,0,0,0,0,0,0
P471041,Down to Tone Resurfacing Acid Toner,iNNBEAUTY PROJECT,4.3607,28.0,Skincare,Cleansers,39,5,2,17,4.2,5,5,6,1,4,4,0,1,6,7,0,1,0,3,0,1,3
P471042,Next Level Moisturizer,iNNBEAUTY PROJECT,4.4946,24.0,Skincare,Moisturizers,60,5,2,17,5.4,2,0,2,2,0,2,0,3,2,2,0,0,0,0,0,0,0
P502322,The Healthy Skin Edit Bestsellers Kit,iNNBEAUTY PROJECT,4.7849,36.0,Skincare,Value & Gift Sets,134,5,3,18,5.3,10,1,2,1,2,8,0,3,7,11,0,0,0,0,0,0,2
P471040,Foam Around Clarifying Daily Cleanser Infused with Glycolic Acid,iNNBEAUTY PROJECT,4.3908,22.0,Skincare,Cleansers,50,5,3,18,4.3,4,4,5,2,4,3,0,1,6,6,0,1,0,2,0,1,2
P504892,Refine AHA + BHA Texture & Pore Serum,iNNBEAUTY PROJECT,4.7895,38.0,Skincare,Treatments,59,7,4,25,4.9,5,3,4,0,3,5,0,1,5,7,0,0,0,2,0,0,2
P477413,GREEN MACHINE insta-glo resurfacing acid mask,iNNBEAUTY PROJECT,4.6531,30.0,Skincare,Masks,57,5,2,17,4.6,5,6,7,3,5,4,0,2,9,8,0,1,0,4,0,1,5
P456392,Daily UV Defense Invisible Broad Spectrum SPF 36 Sunscreen,innisfree,4.5393,16.0,Skincare,Sunscreen,38,4,3,15,4.0,0,0,1,0,0,0,0,0,1,1,0,0,0,0,0,0,0
P468658,Volcanic AHA Pore Clearing Clay Mask,innisfree,4.6149,16.0,Skincare,Masks,39,3,2,11,4.9,2,1,1,0,1,1,0,0,1,2,0,0,0,1,0,0,1
P503891,Green Tea Hyaluronic Acid Hydrating Moisturizer,innisfree,4.7299,29.0,Skincare,Moisturizers,49,5,3,18,5.3,5,1,2,2,1,2,0,4,3,5,0,0,0,1,0,0,1
P475951,Green Tea Hyaluronic Acid Hydrating Serum,innisfree,4.5836,30.0,Skincare,Treatments,48,7,5,26,4.9,4,1,3,2,1,3,0,2,4,5,0,0,0,1,0,0,2
P482006,Dewy Glow Moisturizer with Cherry Blossom & Niacinamide,innisfree,4.3745,26.0,Skincare,Moisturizers,15,1,1,4,4.4,0,0,0,0,0,0,0,0,0,0,0,0,0,0,0,0,0
P456395,Volcanic Clusters Pore Clearing Toner,innisfree,4.5664,22.0,Skincare,Cleansers,21,3,3,12,4.5,1,0,1,0,0,0,0,0,1,2,0,0,0,0,0,0,0
P475112,Pore Clearing Matte Moisturizer with Volcanic Clusters,innisfree,4.5392,24.0,Skincare,Moisturizers,35,5,4,19,4.4,2,3,3,1,3,2,0,0,3,2,0,1,0,2,0,1,2
P468672,Clarifying Spot Serum with Bija Seed Oil,innisfree,4.5347,18.0,Skincare,Treatments,30,6,6,24,4.6,1,1,1,2,1,0,0,1,2,1,0,1,0,1,0,1,1
P482007,Dewy Glow Jam Cleanser with Jeju Cherry Blossom,innisfree,4.3095,13.0,Skincare,Cleansers,20,1,1,4,4.4,0,0,0,0,0,0,0,0,0,0,0,0,0,0,0,0,0
P468671,Clarifying Cleansing Foam with Bija Seed Oil,innisfree,4.2162,12.0,Skincare,Cleansers,21,3,3,12,3.1,0,0,0,0,0,0,0,0,0,0,0,0,0,0,0,0,0
P503928,Green Tea Hyaluronic Acid Face Cleanser,innisfree,4.0385,12.0,Skincare,Cleansers,32,3,3,12,3.4,1,0,0,0,0,1,0,0,0,1,0,0,0,0,0,0,0
P503901,Hydration Heroes Green Tea Skincare Routine Set,innisfree,3.7059,39.0,Skincare,Value & Gift Sets,99,13,11,50,3.8,6,1,3,2,1,4,0,3,5,7,0,0,0,1,0,0,2
P503890,Green Tea Hyaluronic Acid Hydrating Toner,innisfree,4.5714,22.0,Skincare,Cleansers,31,5,3,18,5.1,3,1,2,1,1,1,0,1,2,3,0,0,0,1,0,0,1
P503942,Green Tea Hydrating Cleansing Oil,innisfree,4.3077,24.0,Skincare,Cleansers,27,3,2,11,3.2,0,0,0,0,0,0,0,0,0,0,0,0,0,0,0,0,0
P503930,Green Tea Hyaluronic Acid Hydrating Eye Serum,innisfree,3.8,22.0,Skincare,Eye Care,39,6,4,22,4.2,4,1,2,1,1,1,0,2,3,4,0,0,0,1,0,0,1
P503935,Volcanic Pore Clearing Facial Cleanser with AHA + BHA,innisfree,4.4444,14.0,Skincare,Cleansers,34,8,7,31,4.3,1,4,5,2,3,3,0,0,4,3,0,1,0,3,0,1,3
P503894,Green Tea Hyaluronic Acid Hydrating Eye Cream,innisfree,3.5,26.0,Skincare,Eye Care,48,6,4,22,3.8,4,1,2,1,1,1,0,2,3,4,0,0,0,1,0,0,1
P504840,Hydrate + Purify Mini Bestsellers Discovery Skincare Set,innisfree,3.25,18.0,Skincare,Value & Gift Sets,98,11,9,42,3.3,5,1,3,2,1,3,0,3,5,6,0,0,0,1,0,0,2
P431180,Self Tanning Bronzing Face Drops,Isle of Paradise,3.9547,32.0,Skincare,Self Tanners,28,5,4,19,2.7,0,0,0,0,1,1,0,0,1,0,0,1,0,1,0,0,1
P431181,Self-Tanning Water,Isle of Paradise,3.712,32.0,Skincare,Self Tanners,32,8,7,31,2.5,0,0,0,0,1,1,0,0,1,0,0,1,0,1,0,0,1
P469482,Even Skin Tone Self-Tanning Body Butter,Isle of Paradise,3.7379,28.0,Skincare,Self Tanners,42,9,5,32,3.5,1,1,1,0,2,2,0,0,2,1,0,1,0,2,0,0,2
P443829,"Glow Clear, Color Correcting Self-Tanning Mousse",Isle of Paradise,3.4289,32.0,Skincare,Self Tanners,28,5,4,19,2.1,0,0,0,0,1,1,0,0,1,0,0,1,0,1,0,0,1
P482008,Self-Tanning Oil Mist,Isle of Paradise,4.3937,32.0,Skincare,Self Tanners,38,6,4,22,4.1,1,0,0,0,1,1,0,1,2,1,0,1,0,1,0,0,1
P456988,Own Your Glow Kit,Isle of Paradise,3.7714,35.0,Skincare,Value & Gift Sets,38,10,9,39,2.5,0,0,0,0,1,1,0,0,1,0,0,1,0,1,0,0,1
P444614,Express Ultra Dark Mousse,Isle of Paradise,3.7833,32.0,Skincare,Self Tanners,36,9,7,34,2.5,0,0,0,0,1,1,0,0,1,0,0,1,0,1,0,0,1
P504162,Mini Self Tanning Bronzing Face Drops,Isle of Paradise,3.9593,15.0,Bath & Body,Self Tanners,28,5,4,19,2.8,0,0,0,0,1,1,0,0,1,0,0,1,0,1,0,0,1
P476540,Pro Glow Spray Tan Kit,Isle of Paradise,4.0946,30.0,Skincare,Value & Gift Sets,28,5,4,19,2.9,0,0,0,0,1,1,0,0,1,0,0,1,0,1,0,0,1
P474957,Night Glow Self-Tan Face Mist,Isle of Paradise,3.7606,24.0,Skincare,Self Tanners,38,9,8,35,2.5,0,0,0,0,1,1,0,0,1,0,0,1,0,1,0,0,1
P474956,Day Dew Self-Tan Face Mist,Isle of Paradise,4.1887,24.0,Skincare,Self Tanners,36,8,6,30,3.0,0,0,0,0,1,1,0,0,1,0,0,1,0,1,0,0,1
P459140,Self-Tanning Water Refill,Isle of Paradise,3.619,24.0,Skincare,Self Tanners,35,11,10,43,2.3,0,0,0,0,1,1,0,0,1,0,0,1,0,1,0,0,1
P433155,Prep It Self-Tan Priming Spray,Isle of Paradise,4.0313,24.0,Skincare,Self Tanners,27,5,3,18,2.8,0,0,0,0,1,1,0,0,1,0,0,1,0,1,0,0,1
P444990,Blend It Multi-Purpose Self-Tan Blender,Isle of Paradise,2.3846,22.0,Skincare,Self Tanners,21,4,3,15,1.0,0,0,0,0,0,0,0,0,0,0,0,0,0,0,0,0,0
P431419,Over It Magic Self-Tan Eraser,Isle of Paradise,3.04,30.0,Skincare,Moisturizers,23,4,3,15,3.0,1,1,1,0,1,1,0,0,2,2,0,0,0,1,0,0,1
P431418,Disco Tan Instant Wash-Off Body Bronzer,Isle of Paradise,3.5,24.0,Skincare,Self Tanners,28,7,5,26,2.2,0,0,0,0,1,1,0,0,1,0,0,1,0,1,0,0,1
P504903,Self-Tanning Mousse,Isle of Paradise,4.2713,32.0,Bath & Body,Self Tanners,33,8,6,30,2.2,0,0,0,0,1,1,0,0,1,0,0,1,0,1,0,0,1
P505318,Self-Tanning Firming Body Drops,Isle of Paradise,4.6667,38.0,Bath & Body,Self Tanners,28,5,4,19,3.6,0,0,0,0,1,1,0,0,1,0,0,1,0,1,0,0,1
P411403,Confidence in a Cream Anti-Aging Hydrating Moisturizer,IT Cosmetics,4.62,20.0,Skincare,Moisturizers,39,7,5,26,5.5,3,0,2,1,0,3,0,2,2,3,0,0,0,0,0,0,0
P437987,Bye Bye Under Eye Full Coverage Anti-Aging Waterproof Concealer,IT Cosmetics,4.1734,29.0,Makeup,Face,31,3,3,12,4.6,1,0,1,0,0,4,0,0,2,2,0,0,0,0,0,0,2
P411884,CC+ Cream Illumination with SPF 50+,IT Cosmetics,3.7949,44.0,Makeup,Face,61,13,9,48,4.6,2,0,2,2,0,3,0,1,1,2,0,0,0,0,0,0,0
P433435,CC+ Cream Oil-Free Matte with SPF 40,IT Cosmetics,3.846,44.0,Skincare,Moisturizers,53,6,5,23,4.6,2,0,2,1,0,3,0,1,1,2,0,0,0,0,0,0,0
P482010,CC+ Nude Glow Lightweight Foundation + Glow Serum with SPF 40 and Niacinamide,IT Cosmetics,4.4156,44.0,Makeup,Face,41,7,6,27,4.3,2,0,1,1,0,1,3,1,0,1,0,0,0,3,0,3,0
P425876,Mini CC+ Cream Full Coverage Color Correcting Foundation with SPF 50+,IT Cosmetics,3.6905,17.0,Makeup,Face,57,13,9,48,4.4,2,0,2,2,0,3,0,1,1,2,0,0,0,0,0,0,0
P411401,Bye Bye Under Eye Brightening Eye Cream for Dark Circles,IT Cosmetics,4.0049,49.5,Skincare,Eye Care,52,5,4,19,4.8,5,0,1,2,0,5,0,1,0,4,1,0,0,0,0,0,0
P411889,CC+ Airbrush Perfecting Powder Foundation,IT Cosmetics,3.5314,39.0,Makeup,Face,26,1,1,4,4.0,1,0,0,0,0,1,0,0,0,1,0,0,0,0,0,0,0
P446901,Mini Bye Bye Under Eye Full Coverage Anti-Aging Waterproof Concealer,IT Cosmetics,3.8168,13.0,Makeup,Mini Size,30,3,3,12,4.2,1,0,1,0,0,4,0,0,2,2,0,0,0,0,0,0,2
P411886,Bye Bye Pores Translucent Pressed Setting Powder,IT Cosmetics,4.0342,30.0,Makeup,Face,44,1,1,4,4.8,1,0,0,0,0,6,0,0,1,0,0,0,0,0,0,1,3
P411393,Bye Bye Redness Neutralizing Color-Correcting Cream,IT Cosmetics,4.1768,35.0,Skincare,Moisturizers,64,6,4,22,4.0,0,0,1,1,0,5,0,0,1,0,0,0,0,0,0,1,2
P502656,Secret Sauce Moisturizer,IT Cosmetics,4.0935,72.0,Skincare,Moisturizers,37,5,4,19,4.9,2,0,2,1,0,1,0,1,1,2,0,0,0,0,0,0,0
P461600,Your Skin But Better Foundation + Skincare,IT Cosmetics,4.3889,44.0,Makeup,Face,40,4,2,14,3.3,0,0,0,0,0,0,0,0,0,0,0,0,0,0,0,0,0
P411396,Superhero Elastic Stretch Volumizing and Lengthening Mascara,IT Cosmetics,3.7452,26.0,Makeup,Eye,31,4,3,15,3.3,1,0,0,0,0,2,0,0,0,1,0,0,0,0,0,0,0
P411392,Bye Bye Pores Airbrush Loose Setting Powder,IT Cosmetics,3.6687,30.0,Makeup,Face,36,2,2,8,4.0,1,0,1,0,0,6,0,0,2,1,0,0,0,0,0,1,3
P443586,Your Skin But Better Makeup Primer+,IT Cosmetics,4.453,39.5,Makeup,Face,32,5,3,18,4.7,2,0,1,1,0,1,0,1,0,1,0,0,0,0,0,0,0
P439057,Confidence in a Gel Lotion,IT Cosmetics,4.5826,45.0,Skincare,Moisturizers,45,7,4,25,4.9,8,1,3,3,1,4,0,6,6,8,0,0,0,1,0,0,2
P426829,Confidence in a Cleanser Hydrating Facial Cleanser Serum,IT Cosmetics,4.4758,29.0,Skincare,Cleansers,47,9,8,35,4.6,3,1,3,2,1,3,0,2,3,3,0,1,0,1,0,1,1
P454837,Confidence in Your Beauty Sleep Night Cream,IT Cosmetics,4.4599,58.0,Skincare,Moisturizers,41,7,6,27,5.0,2,1,2,1,1,2,0,1,1,1,0,0,0,1,0,0,1
P448147,Lash Blowout Volumizing Mascara,IT Cosmetics,3.9892,26.0,Makeup,Eye,48,3,1,10,2.8,0,0,0,0,0,0,0,0,0,0,0,0,0,0,0,0,0
P482681,Bye Bye Makeup 3-in-1 Makeup Melting Cleansing Balm,IT Cosmetics,4.6741,42.0,Skincare,Cleansers,18,0,0,0,6.2,0,0,1,0,0,1,0,0,1,1,0,0,0,0,0,0,1
P474332,Bye Bye Lines 1.5% Hyaluronic Acid Serum,IT Cosmetics,4.4615,29.0,Skincare,Treatments,13,1,0,3,5.4,0,0,0,0,1,2,0,0,1,0,0,0,0,0,0,0,1
P474330,Bye Bye Dark Spots 4% Niacinamide Serum,IT Cosmetics,4.3284,29.0,Skincare,Treatments,22,6,6,24,4.2,1,1,2,2,1,1,0,0,3,2,1,1,0,1,0,1,2
P474333,Bye Bye Pores 10% Glycolic Acid Serum,IT Cosmetics,4.3532,29.0,Skincare,Treatments,12,2,2,8,5.0,0,1,2,0,2,2,0,0,3,2,0,0,0,1,0,0,2
P479964,Superhero No-Tug Waterproof Eyeshadow Stick,IT Cosmetics,4.5321,24.0,Makeup,Eye,45,2,2,8,5.0,6,0,0,3,1,4,0,5,5,6,1,1,0,1,0,0,2
P466663,Pillow Lips Solid Serum Lip Gloss,IT Cosmetics,4.4149,24.0,Makeup,Lip,48,3,2,11,4.7,1,0,1,0,0,0,0,1,2,2,0,0,0,0,0,0,0
P456940,It's Your Skin But Better Setting Spray,IT Cosmetics,4.5094,28.5,Makeup,Face,32,6,5,23,5.4,2,0,1,0,0,2,0,1,2,3,0,0,0,0,0,0,0
P448934,Bye Bye Pores Leave-On Solution Pore-Refining Toner,IT Cosmetics,4.0481,34.0,Skincare,Cleansers,29,8,6,30,4.1,0,2,3,3,1,1,0,1,2,1,0,1,0,1,0,1,1
P468369,Hello Results Wrinkle-Reducing Daily Retinol Serum-in-Cream,IT Cosmetics,4.4419,69.0,Skincare,Moisturizers,30,2,2,8,4.3,0,1,1,0,1,1,0,0,1,1,0,0,0,1,0,1,1
P450994,Mini CC+ Cream Oil-Free Matte with SPF 40,IT Cosmetics,3.3594,17.0,Makeup,Face,77,5,4,19,4.0,1,0,3,1,0,2,0,1,2,2,0,0,0,0,0,0,0
P456942,Superhero No-Tug Gel Eyeliner,IT Cosmetics,3.9602,24.0,Makeup,Eye,25,0,0,0,4.8,0,0,0,0,0,0,0,0,0,0,0,0,0,0,0,0,0
P455610,Confidence in a Neck Cream,IT Cosmetics,3.5417,54.0,Skincare,Moisturizers,102,5,5,20,4.3,13,0,0,3,0,7,0,4,2,13,0,0,0,0,0,0,0
P427641,Mini Confidence in a Cream Hydrating Moisturizer,IT Cosmetics,3.6809,20.0,Skincare,Moisturizers,39,7,5,26,4.4,3,0,2,1,0,3,0,2,2,3,0,0,0,0,0,0,0
P461457,Brow Power Filler Volumizing Tinted Fiber Eyebrow Gel,IT Cosmetics,4.1744,25.0,Makeup,Eye,42,2,2,8,4.8,2,0,0,0,1,1,0,2,3,2,0,1,0,1,0,0,1
P504805,Bye Bye Dark Spots Concealer + Serum with Niacinamide & Hyaluronic Acid,IT Cosmetics,4.5358,30.0,Makeup,Face,34,2,2,8,5.4,1,0,1,3,0,1,0,1,0,0,1,0,0,0,0,0,0
P430143,Mini Confidence in a Cleanser,IT Cosmetics,4.1667,15.0,Skincare,Mini Size,69,7,4,25,5.0,2,0,1,1,0,4,0,3,3,3,0,0,0,0,0,0,0
P500466,CC+ Foundation Customizable Set,IT Cosmetics,2.6,46.0,Makeup,Face,134,21,14,77,2.3,3,0,2,2,1,5,0,2,3,3,0,1,0,1,0,0,2
P480610,Hello Results Baby-Smooth Glycolic Peel + Caring Oil,IT Cosmetics,4.5,59.0,Skincare,Treatments,31,5,4,19,4.8,1,1,2,0,2,2,0,1,4,3,0,0,0,1,0,0,2
P12573,Intense Therapy Lip Balm SPF 25,Jack Black,4.6818,10.0,Skincare,Lip Balms & Treatments,14,2,0,6,4.4,0,0,0,0,0,0,0,0,0,0,0,0,0,0,0,0,0
P379573,Epic Moisture MP10 Nourishing Oil,Jack Black,4.7071,35.0,Bath & Body,Body Moisturizers,29,5,4,19,3.4,0,0,0,0,0,2,0,0,0,0,0,0,0,0,0,1,2
P12572,Industrial Strength Hand Healer,Jack Black,4.6659,16.0,Bath & Body,Body Moisturizers,21,1,0,3,6.2,1,0,0,1,0,2,0,2,1,1,0,0,0,0,0,1,1
P96811,Pit Boss Antiperspirant & Deodorant,Jack Black,4.2155,22.0,Bath & Body,Body Care,12,3,2,11,4.1,1,0,0,1,0,0,0,1,1,1,0,0,0,0,0,0,0
P431732,Charcoal Body Bar Massaging Soap,Jack Black,4.72,16.0,Bath & Body,Bath & Shower,29,12,11,47,3.7,0,0,0,0,0,0,0,0,0,0,0,0,0,0,0,0,0
P474057,Lip Service - Lip Balm Duo Mint & Shea,Jack Black,4.8947,13.0,Skincare,Lip Balms & Treatments,16,2,0,6,4.5,0,0,0,0,0,0,1,0,0,0,0,0,0,1,0,1,0
P458573,Lip Balm Trio,Jack Black,4.7222,22.0,Skincare,Value & Gift Sets,16,1,0,3,5.1,0,0,0,0,0,0,0,0,0,0,0,0,0,0,0,0,0
P428414,Skin Saviors,Jack Black,4.5,37.0,Skincare,Value & Gift Sets,107,16,13,61,4.4,2,0,1,1,1,3,0,3,3,3,0,1,1,1,0,1,2
P472471,Acne Remedy Overnight Repair Moisturizer,Jack Black,4.1429,40.0,Skincare,Moisturizers,34,6,4,22,4.0,3,7,8,2,5,4,0,2,9,7,0,1,0,5,0,1,6
P432240,Oil-Control Toner,Jack Black,2.0,25.0,Skincare,Cleansers,35,4,3,15,1.4,2,3,4,2,2,3,0,0,3,3,0,1,0,2,0,2,3
P477174,Charcoal Body Buff Exfoliating Cleanser,Jack Black,4.2713,38.0,Bath & Body,Bath & Shower,29,4,4,16,2.8,0,0,1,0,0,0,0,0,1,1,0,0,0,0,0,0,0
P476571,Turbo Body Lotion Energizing Gel Moisturizer with Eucalyptus & Aloe,Jack Black,5.0,38.0,Skincare,Moisturizers,21,4,4,16,4.0,0,0,0,0,0,0,0,0,0,0,0,0,0,0,0,0,0
P500444,Black Reserve Body & Hair Cleanser,Jack Black,5.0,24.0,Bath & Body,Bath & Shower,50,10,9,39,5.0,0,0,1,0,2,4,0,0,3,1,0,2,0,2,0,1,4
P455233,Pit CTRL Aluminum-Free Deodorant,Jack Black,1.8,22.0,Bath & Body,Body Care,23,4,3,15,1.0,0,0,1,0,0,0,0,0,1,1,0,0,0,0,0,0,0
P472470,Acne Remedy Balancing Foam Cleanser,Jack Black,4.2713,25.0,Skincare,Cleansers,16,3,2,11,3.2,2,2,2,2,2,1,0,1,3,2,0,1,0,2,0,1,2
P467126,That Jlo Glow Brightening & Firming Serum with Niacinamide,JLo Beauty,3.9452,79.0,Skincare,Treatments,38,3,1,10,4.3,2,0,1,1,0,1,0,1,1,1,0,0,0,0,0,0,0
P467124,That Blockbuster Cream with Hyaluronic Acid,JLo Beauty,4.1612,59.0,Skincare,Moisturizers,52,5,3,18,4.2,2,1,1,2,1,0,0,2,3,2,0,1,0,1,0,1,1
P467123,That Big Screen Moisturizer with Broad Spectrum SPF 30,JLo Beauty,4.1435,55.0,Skincare,Moisturizers,41,1,1,4,5.8,1,0,1,1,0,2,0,1,2,2,0,0,0,0,0,1,1
P467122,That Fresh Take Eye Cream with Peptides,JLo Beauty,4.1559,49.0,Skincare,Eye Care,42,5,3,18,5.0,2,0,2,3,0,1,0,1,2,2,1,0,0,0,0,0,0
P467120,That Hit Single Gel-Cream Cleanser,JLo Beauty,4.0992,39.0,Skincare,Cleansers,47,5,4,19,4.1,2,1,1,1,1,0,0,2,2,1,0,1,0,1,0,1,1
P467118,That Limitless Glow Sheet Mask,JLo Beauty,4.013,49.0,Skincare,Masks,38,3,1,10,4.4,2,0,1,1,0,1,0,1,1,1,0,0,0,0,0,0,0
P501493,Firm + Flaunt Targeted Booty Balm,JLo Beauty,4.0688,65.0,Bath & Body,Body Moisturizers,62,10,9,39,4.7,1,0,1,1,0,0,0,1,2,2,1,0,0,0,0,0,0
P500002,Brighten. Tighten. Hydrate. 3-Piece Set,JLo Beauty,4.2782,64.0,Skincare,Value & Gift Sets,84,10,5,35,4.3,3,1,3,4,1,1,0,2,4,3,1,1,0,1,0,1,1
P500318,That Overnight Hustle AHA + BHA Resurfacer,JLo Beauty,4.4409,58.0,Skincare,Treatments,36,7,4,25,4.5,1,2,2,0,2,2,0,0,2,2,0,0,0,2,0,0,2
P503897,Smooth + Seduce Contouring Body Cream with Caffeine,JLo Beauty,4.1493,60.0,Bath & Body,Body Moisturizers,67,8,7,31,4.4,6,0,1,2,1,2,0,5,7,7,1,0,0,0,0,1,2
P503902,Tighten + Tease Resurfacing Body Serum with AHAs,JLo Beauty,3.9221,60.0,Bath & Body,Body Moisturizers,57,7,3,24,3.7,5,4,5,2,4,4,0,3,9,8,1,0,0,3,0,0,5
P463462,Vitamin E Lip Conditioner Balm,Jo Malone London,4.0667,38.0,Makeup,Lip,23,3,2,11,3.7,1,0,0,0,0,0,0,1,1,1,0,0,0,0,0,0,0
P417197,English Pear & Freesia Body & Hand Lotion,Jo Malone London,4.0909,65.0,Bath & Body,Body Moisturizers,34,7,6,27,2.9,0,0,0,0,0,0,0,0,0,0,0,0,0,0,0,0,0
P417212,Peony & Blush Suede Body Crème,Jo Malone London,4.4706,90.0,Bath & Body,Body Moisturizers,29,11,11,44,4.8,1,0,0,2,0,0,0,1,1,1,1,0,0,0,0,0,0
P417211,Wood Sage & Sea Salt Body Crème,Jo Malone London,3.6667,90.0,Bath & Body,Body Moisturizers,27,9,9,36,3.8,1,0,0,2,0,0,0,1,1,1,1,0,0,0,0,0,0
P417198,Nectarine Blossom & Honey Body & Hand Lotion,Jo Malone London,4.0714,65.0,Bath & Body,Body Moisturizers,33,6,5,23,2.9,0,0,0,0,0,0,0,0,0,0,0,0,0,0,0,0,0
P417199,Orange Blossom Body & Hand Lotion,Jo Malone London,3.9167,65.0,Bath & Body,Body Moisturizers,28,8,8,32,2.7,0,0,0,0,0,0,0,0,0,0,0,0,0,0,0,0,0
P417215,English Pear & Freesia Body Crème,Jo Malone London,4.3846,90.0,Bath & Body,Body Moisturizers,25,7,6,27,4.7,1,0,0,2,0,0,0,1,1,1,1,0,0,0,0,0,0
P417213,Nectarine Blossom & Honey Body Crème,Jo Malone London,4.5,90.0,Bath & Body,Body Moisturizers,27,7,6,27,4.8,1,0,0,2,0,0,0,1,1,1,1,0,0,0,0,0,0
P417200,Lime Basil & Mandarin Body & Hand Lotion,Jo Malone London,4.1111,65.0,Bath & Body,Body Moisturizers,32,12,11,47,2.9,0,0,0,0,0,0,0,0,0,0,0,0,0,0,0,0,0
P463463,Vitamin E Nourishing Hand Treatment Cream,Jo Malone London,5.0,65.0,Bath & Body,Body Moisturizers,51,9,6,33,5.0,6,3,4,1,2,3,0,3,8,7,0,1,0,2,0,1,4
P417201,Blackberry & Bay Body & Hand Lotion,Jo Malone London,4.125,65.0,Bath & Body,Body Moisturizers,31,5,5,20,3.0,0,0,0,0,0,0,0,0,0,0,0,0,0,0,0,0,0
P417210,Mimosa & Cardamom Body Crème,Jo Malone London,4.4,90.0,Bath & Body,Body Moisturizers,28,7,6,27,4.7,1,0,0,2,0,0,0,1,1,1,1,0,0,0,0,0,0
P417214,Orange Blossom Body Crème,Jo Malone London,4.0909,90.0,Bath & Body,Body Moisturizers,25,7,7,28,4.3,1,0,0,2,0,0,0,1,1,1,1,0,0,0,0,0,0
P425814,Peony & Blush Suede Body & Hand Lotion,Jo Malone London,3.0,65.0,Bath & Body,Body Moisturizers,36,10,10,40,1.6,0,0,0,0,0,0,0,0,0,0,0,0,0,0,0,0,0
P468152,Mini Wood Sage & Sea Salt Body Crème,Jo Malone London,3.6667,38.0,Bath & Body,Body Moisturizers,27,9,9,36,3.8,1,0,0,2,0,0,0,1,1,1,1,0,0,0,0,0,0
P468154,Mini Peony & Blush Suede Body Crème,Jo Malone London,4.4706,38.0,Bath & Body,Body Moisturizers,34,11,11,44,4.8,1,0,0,2,0,0,0,1,1,1,1,0,0,0,0,0,0
P427381,Red Roses Body Crème,Jo Malone London,4.0,90.0,Bath & Body,Body Moisturizers,26,8,8,32,4.2,1,0,0,2,0,0,0,1,1,1,1,0,0,0,0,0,0
P468153,Mini English Pear & Freesia Body Crème,Jo Malone London,3.3333,38.0,Bath & Body,Body Moisturizers,25,7,6,27,3.4,1,0,0,2,0,0,0,1,1,1,1,0,0,0,0,0,0
P417216,Lime Basil & Mandarin Body Crème,Jo Malone London,3.5,90.0,Bath & Body,Body Moisturizers,32,12,11,47,3.6,1,0,0,2,0,0,0,1,1,1,1,0,0,0,0,0,0
P468157,Lime Basil & Madarin Soap,Jo Malone London,4.0,30.0,Bath & Body,Bath & Shower,22,10,10,40,2.8,0,0,0,0,0,0,0,0,0,0,0,0,0,0,0,0,0
P468155,Mini Lime Basil & Mandarin Body Crème,Jo Malone London,5.0,38.0,Bath & Body,Body Moisturizers,37,12,11,47,5.4,1,0,0,2,0,0,0,1,1,1,1,0,0,0,0,0,0
P468156,English Pear & Freesia Soap,Jo Malone London,3.0,30.0,Bath & Body,Bath & Shower,20,10,9,39,1.6,0,0,0,0,0,0,0,0,0,0,0,0,0,0,0,0,0
P218700,100 percent Pure Argan Oil,Josie Maran,4.4998,49.0,Skincare,Moisturizers,1,0,0,0,5.4,0,0,0,0,0,0,0,0,0,0,0,0,0,0,0,0,0
P283501,Argan Cleansing Oil,Josie Maran,4.0524,36.0,Skincare,Moisturizers,10,1,0,3,4.3,0,0,0,0,0,0,0,0,0,0,0,0,0,0,0,0,0
P287700,Whipped Argan Oil Body Butter,Josie Maran,4.5084,38.0,Bath & Body,Body Moisturizers,28,1,0,3,6.2,1,0,0,1,0,1,0,2,1,1,0,0,0,0,0,0,0
P404338,Whipped Argan Oil Face Butter,Josie Maran,4.1421,45.0,Skincare,Moisturizers,35,2,1,7,5.6,1,0,1,1,0,1,0,2,2,2,0,0,0,0,0,0,0
P384780,Pure Argan Milk Intensive Hydrating Treatment,Josie Maran,4.068,56.0,Skincare,Treatments,4,0,0,0,4.9,0,0,0,0,0,0,0,0,0,0,0,0,0,0,0,0,0
P407445,Vibrancy Argan Oil Foundation Fluid,Josie Maran,3.81,45.0,Makeup,Face,34,1,0,3,6.0,3,0,0,1,0,0,0,3,3,3,0,0,0,0,0,0,0
P454084,Argan Beta Retinol Pink Algae Serum,Josie Maran,4.4132,69.0,Skincare,Treatments,34,1,0,3,6.7,3,0,0,0,0,0,0,3,2,3,0,0,0,0,0,0,0
P458900,Pineapple Enzyme Pore Clearing Cleanser,Josie Maran,4.2437,29.0,Skincare,Cleansers,28,2,1,7,5.3,2,1,3,1,1,1,0,0,2,3,0,0,0,1,0,0,1
P471043,Argan Pro-Retinol Eye Cream,Josie Maran,4.4774,42.0,Skincare,Eye Care,54,5,4,19,5.2,4,0,1,1,0,1,0,4,4,5,1,0,0,0,0,0,1
P446641,Argan Bright Skin Vitamin C Serum,Josie Maran,4.3955,66.0,Skincare,Treatments,20,1,0,3,6.5,2,0,0,1,1,1,0,2,3,2,0,0,0,0,0,0,1
P394124,Argan Daily Moisturizer Tinted SPF 47 Protect + Perfect,Josie Maran,4.0123,38.0,Skincare,Sunscreen,38,2,1,7,5.0,1,0,1,1,0,0,0,1,2,2,0,0,0,0,0,0,0
P468161,Whipped Argan Pro-Retinol Body Butter,Josie Maran,4.5763,46.0,Bath & Body,Body Moisturizers,40,2,1,7,6.1,4,1,2,1,1,2,0,4,4,5,0,0,0,0,0,0,0
P434559,Vibrancy Argan Oil Full Coverage Concealer Fluid,Josie Maran,4.2905,28.0,Makeup,Face,35,5,5,20,3.9,1,0,0,1,0,1,0,0,0,1,0,0,0,0,0,0,0
P504044,Pro-Retinol Megamoisture Face Cream,Josie Maran,4.7518,54.0,Skincare,Moisturizers,57,2,1,7,6.3,5,0,2,2,0,1,0,4,4,5,0,0,0,0,0,0,0
P482269,Get Even Sun Milk SPF 33,Josie Maran,4.6917,46.0,Skincare,Sunscreen,49,7,6,27,5.6,4,0,1,1,0,0,0,4,5,5,0,0,0,0,0,0,0
P223416,Bear Naked Wipes,Josie Maran,4.1192,12.0,Makeup,Accessories,19,3,2,11,3.1,1,0,0,0,0,1,0,0,0,1,0,0,0,0,0,1,1
P480175,"Intensive Daily Repair Body Butter for Eczema, Extra Dry, and Sensitive Skin",Josie Maran,4.8418,46.0,Bath & Body,Body Moisturizers,20,1,0,3,7.2,2,0,2,2,0,0,0,2,3,3,0,0,0,0,0,0,0
P444042,Whipped Argan Oil SPF 45 Body Butter,Josie Maran,3.75,42.0,Bath & Body,Body Moisturizers,30,1,1,4,5.3,1,1,1,1,1,1,0,1,2,2,0,0,0,1,0,0,1
P503123,Smooth Like Butter Kit,Josie Maran,4.5,30.0,Skincare,Value & Gift Sets,60,2,1,7,6.0,4,1,3,1,1,2,0,4,5,6,0,0,0,0,0,0,0
P436742,Essential High Coverage Liquid Concealer,Jouer Cosmetics,4.0403,25.0,Makeup,Face,25,2,1,7,4.0,0,0,1,0,0,0,0,0,1,1,0,0,0,0,0,0,0
P434021,Blush Bouquet Duo Blush Palette,Jouer Cosmetics,4.5971,33.0,Makeup,Cheek,23,0,0,0,5.5,0,0,0,0,0,0,0,0,0,0,0,0,0,0,0,0,0
P434015,Essential High Coverage Crème Foundation,Jouer Cosmetics,3.2583,38.0,Makeup,Face,22,1,0,3,3.9,0,0,0,1,0,1,0,1,0,0,0,0,0,0,0,0,0
P434022,Powder Highlighter,Jouer Cosmetics,4.2041,25.0,Makeup,Face,14,0,0,0,5.0,0,0,0,0,0,0,0,0,0,0,0,0,0,0,0,0,0
P454984,Essential High Coverage Concealer Pen,Jouer Cosmetics,3.7568,24.0,Makeup,Face,28,0,0,0,4.7,0,0,0,0,1,0,0,0,1,0,0,0,0,0,0,1,0
P443567,Soft Focus Hydrate + Set Powder,Jouer Cosmetics,3.9898,32.0,Makeup,Face,19,0,0,0,4.8,0,0,0,0,0,0,0,0,0,0,0,0,0,0,0,0,0
P475118,"Bloom, Bronze & Glow Bronzer & Highlighter Duo",Jouer Cosmetics,4.36,32.0,Makeup,Cheek,37,2,1,7,4.6,1,0,0,0,0,0,0,1,1,1,0,0,0,0,0,0,0
P447156,Rose Gold Blush Bouquet Dual Blush Palette Mini,Jouer Cosmetics,4.1667,19.0,Makeup,Cheek,18,0,0,0,5.0,0,0,0,0,0,0,0,0,0,0,0,0,0,0,0,0,0
P463464,Blush & Bloom Cheek + Lip Duo,Jouer Cosmetics,4.2333,32.0,Makeup,Cheek,27,3,2,11,3.9,1,0,0,0,0,0,0,1,1,1,0,0,0,0,0,0,0
P481715,Essential Lip Enhancer,Jouer Cosmetics,4.4,17.0,Makeup,Lip,22,3,2,11,4.5,1,1,1,0,1,2,0,0,1,1,0,0,0,1,0,0,1
P451644,Essential Lip Care Duo,Jouer Cosmetics,4.1212,25.0,Makeup,Lip,44,5,5,20,3.3,0,0,0,0,0,2,0,0,0,0,0,0,0,0,0,0,0
P472817,Blush & Bloom Cheek + Lip Duo- French Riviera,Jouer Cosmetics,4.7692,32.0,Makeup,Cheek,33,3,2,11,4.5,1,0,0,0,0,0,0,1,1,1,0,0,0,0,0,0,0
P480311,Mini Hydrate + Repair Moisture Face Mist with Blue Light Protection,Jouer Cosmetics,2.6667,20.0,Makeup,Face,27,3,3,12,2.8,2,0,0,1,0,1,0,1,1,2,0,0,0,0,0,0,0
P480310,Hydrate + Repair Moisture Face Mist with Blue Light Protection,Jouer Cosmetics,3.3333,35.0,Makeup,Face,27,3,3,12,3.6,2,0,0,1,0,1,0,1,1,2,0,0,0,0,0,0,0
P454539,Not A Hand Cream,Juliette Has a Gun,4.0588,24.0,Bath & Body,Body Moisturizers,17,3,3,12,3.5,0,0,1,0,0,0,0,0,1,1,0,0,0,0,0,0,0
P436148,Eye Bento Bouncy Eyeshadow Trio,Kaja,4.5255,26.0,Makeup,Eye,44,2,2,8,3.8,0,0,0,0,0,0,0,0,0,0,0,0,0,0,0,0,0
P439943,Heart Melter Lip Gloss Stick,Kaja,4.2526,19.0,Makeup,Lip,24,0,0,0,5.1,0,0,0,0,0,0,0,0,0,0,0,0,0,0,0,0,0
P436152,Cheeky Stamp Blendable Blush,Kaja,4.2645,27.0,Makeup,Cheek,23,3,1,10,3.1,0,0,0,0,0,0,0,0,0,0,0,0,0,0,0,0,0
P443514,Moon Crystal Sparkling Eye Pigment,Kaja,4.384,19.0,Makeup,Eye,32,3,3,12,3.9,0,0,1,0,0,0,0,0,1,1,0,0,0,0,0,0,0
P471556,"Face Bento Cream Bronzer, Powder Blush & Highlighter Sculpting Trio",Kaja,4.7352,28.0,Makeup,Face,50,1,1,4,4.9,0,0,0,0,0,0,0,0,0,0,0,0,0,0,0,0,0
P481098,LOVE SWIPE Lightweight Cushiony Lip Mousse,Kaja,4.5305,21.0,Makeup,Lip,30,0,0,0,6.2,1,0,0,0,0,0,0,1,1,1,0,0,0,0,0,0,0
P449090,Wink Stamp Original Waterproof Wing Eyeliner Stamp & Pen,Kaja,4.3292,29.0,Makeup,Eye,24,5,4,19,3.2,0,0,0,0,0,0,0,0,0,0,0,0,0,0,0,0,0
P436155,Mochi Glow Bouncy Highlighter,Kaja,4.0573,21.0,Makeup,Face,13,2,1,7,3.5,0,0,0,0,0,0,0,0,0,0,0,0,0,0,0,0,0
P468163,Gloss Shot Hydrating Lip Gloss,Kaja,4.6307,19.0,Makeup,Lip,30,1,0,3,5.8,1,0,0,0,0,0,0,1,1,1,0,0,0,0,0,0,0
P436156,Mochi Pop Bouncy Blush,Kaja,4.1589,21.0,Makeup,Cheek,18,3,2,11,3.0,0,0,0,0,0,0,0,0,0,0,0,0,0,0,0,0,0
P504365,Jelly Charm Glazed Lip Stain & Blush With Keychain,Kaja,4.3344,25.0,Makeup,Lip,38,4,1,13,4.0,1,0,0,0,0,0,0,1,1,1,0,0,0,0,0,0,0
P482684,Whipped Dream Multi-Eye & Cheek Color,Kaja,4.7165,21.0,Makeup,Eye,27,0,0,0,6.5,1,0,0,0,0,0,0,1,1,1,0,0,0,0,0,0,0
P436154,Don't Settle Concealer,Kaja,4.3421,19.0,Makeup,Face,26,3,1,10,3.4,0,0,0,1,0,0,0,0,0,0,0,0,0,0,0,0,0
P463306,Joystick Brightening Undereye Setting Powder,Kaja,3.1778,20.0,Makeup,Face,19,1,0,3,3.2,0,0,0,0,0,0,0,0,0,0,0,0,0,0,0,0,0
P476697,Wink Lash Trio Mascara,Kaja,4.3805,30.0,Makeup,Eye,41,5,4,19,3.5,0,0,0,0,0,1,0,0,0,0,0,0,0,0,0,0,0
P436151,Cat Nap Under Eye Brightener,Kaja,3.969,21.0,Makeup,Face,27,4,2,14,3.0,0,0,0,1,0,0,0,0,0,0,0,0,0,0,0,0,0
P468164,Lip Bento Balm + Scrub,Kaja,4.1375,19.0,Makeup,Lip,43,3,0,9,4.6,1,0,1,0,0,0,0,1,2,2,0,0,0,0,0,0,0
P501443,Wink Stamp Long Waterproof Wing Eyeliner Stamp & Pen,Kaja,4.5385,29.0,Makeup,Eye,24,5,4,19,3.4,0,0,0,0,0,0,0,0,0,0,0,0,0,0,0,0,0
P462371,Mist Me Hydrating Face Mist,Kaja,4.0,17.0,Makeup,Face,34,2,1,7,3.4,0,0,0,0,0,0,0,0,0,0,0,0,0,0,0,0,0
P504277,Face Stone Nourishing Solid Refillable Facial Oil with Tamanu + Blue Tansy,Kate McLeod,4.6567,68.0,Skincare,Moisturizers,9,0,0,0,5.6,0,0,0,0,0,0,0,0,0,0,0,0,0,0,0,0,0
P500479,Mini Sex Stone Solid Body Moisturizer,Kate McLeod,4.7879,12.0,Bath & Body,Body Care,6,0,0,0,5.7,0,0,0,0,0,0,0,0,0,0,0,0,0,0,0,0,0
P484051,Daily Stone Solid Body Moisturizer,Kate McLeod,4.6748,45.0,Bath & Body,Body Moisturizers,8,0,0,0,5.6,0,0,0,0,0,0,0,0,0,0,0,0,0,0,0,0,0
P484052,Mini Daily Stone Solid Body Moisturizer,Kate McLeod,4.6748,12.0,Bath & Body,Body Moisturizers,8,0,0,0,5.6,0,0,0,0,0,0,0,0,0,0,0,0,0,0,0,0,0
P500486,Sex Stone Solid Body Moisturizer,Kate McLeod,4.7879,45.0,Bath & Body,Body Care,6,0,0,0,5.7,0,0,0,0,0,0,0,0,0,0,0,0,0,0,0,0,0
P500498,Sleep Stone Solid Body Moisturizer,Kate McLeod,4.7826,45.0,Bath & Body,Body Moisturizers,7,0,0,0,5.7,0,0,0,0,0,0,0,0,0,0,0,0,0,0,0,0,0
P503553,Forest Stone Solid Refillable Body Moisturizer,Kate McLeod,5.0,45.0,Bath & Body,Body Moisturizers,7,0,0,0,6.0,0,0,0,0,0,0,0,0,0,0,0,0,0,0,0,0,0
P500468,Grounding Stone Solid Body Moisturizer,Kate McLeod,4.7692,45.0,Bath & Body,Body Moisturizers,7,0,0,0,5.7,0,0,0,0,0,0,0,0,0,0,0,0,0,0,0,0,0
P503917,Mini Forest Stone Solid Body Moisturizer,Kate McLeod,4.3333,12.0,Bath & Body,Body Moisturizers,7,0,0,0,5.2,0,0,0,0,0,0,0,0,0,0,0,0,0,0,0,0,0
P232903,EradiKate Acne Treatment,Kate Somerville,4.2243,28.0,Skincare,Treatments,8,1,1,4,4.7,0,1,2,1,1,0,0,0,1,0,0,1,0,1,0,1,1
P232915,ExfoliKate Intensive Pore Exfoliating Treatment,Kate Somerville,4.4375,98.0,Skincare,Cleansers,38,7,6,27,4.3,2,3,3,1,4,4,0,0,4,2,0,2,0,4,0,2,5
P421276,ExfoliKate Glow Moisturizer,Kate Somerville,4.511,76.0,Skincare,Moisturizers,43,13,9,48,4.6,2,2,3,1,2,2,0,1,3,3,0,0,0,2,0,0,2
P404322,ExfoliKate Cleanser Daily Foaming Wash,Kate Somerville,4.4494,44.0,Skincare,Cleansers,35,11,10,43,4.5,1,2,2,0,2,2,0,0,2,2,0,0,0,2,0,0,2
P232906,Oil Free Moisturizer,Kate Somerville,4.1489,76.0,Skincare,Moisturizers,24,4,3,15,4.8,3,0,1,1,0,3,0,1,0,0,0,0,0,0,0,0,0
P415667,EradiKate Daily Cleanser Acne Treatment,Kate Somerville,4.2392,44.0,Skincare,Treatments,31,4,4,16,3.9,0,0,1,0,0,1,0,0,1,1,0,0,0,0,0,0,0
P232910,Goat Milk Moisturizing Cream,Kate Somerville,4.0449,76.0,Skincare,Moisturizers,33,2,1,7,4.7,2,1,1,0,1,1,0,0,1,1,0,0,0,1,0,0,1
P232907,Anti Bac Acne Clearing Lotion,Kate Somerville,4.4599,56.0,Skincare,Treatments,27,4,4,16,5.4,3,0,0,1,0,0,0,3,2,3,0,0,0,0,0,0,0
P306941,DermalQuench Hyaluronic Acid Hydration Treatment,Kate Somerville,4.1824,110.0,Skincare,Treatments,31,5,3,18,4.0,2,1,3,3,2,4,0,2,4,1,0,2,0,2,0,2,4
P377368,D-Scar Scar Diminishing Serum,Kate Somerville,4.0531,56.0,Skincare,Treatments,37,6,3,21,3.5,0,0,0,1,0,1,0,1,0,0,0,0,0,0,0,0,0
P442867,Kx Active Concentrates Bio-Mimicking Peptides Serum,Kate Somerville,4.4297,98.0,Skincare,Treatments,37,7,2,23,5.3,3,1,3,3,1,5,0,2,2,3,0,0,0,0,0,0,0
P415202,Wrinkle Warrior 2-in-1 Plumping Moisturizer + Serum,Kate Somerville,3.7075,98.0,Skincare,Moisturizers,40,5,5,20,4.4,3,1,3,1,1,2,0,1,2,3,0,0,0,0,0,0,0
P457695,DeliKate Recovery Cream,Kate Somerville,4.4971,76.0,Skincare,Moisturizers,61,2,1,7,6.0,5,0,2,2,0,1,0,5,3,4,0,0,0,0,0,0,0
P439927,Liquid ExfoliKate Triple Acid Resurfacing Treatment,Kate Somerville,4.3723,72.0,Skincare,Treatments,30,6,5,23,4.2,1,5,6,0,3,3,0,0,5,4,0,0,0,3,0,0,4
P232902,Gentle Daily Wash,Kate Somerville,4.1909,44.0,Skincare,Cleansers,21,5,5,20,4.4,0,1,2,1,0,1,0,0,1,1,0,0,0,0,0,0,0
P440305,Goat Milk Moisturizing Cleanser,Kate Somerville,4.5575,44.0,Skincare,Cleansers,38,3,2,11,5.1,3,1,1,1,1,1,0,1,2,2,0,0,0,1,0,0,1
P457697,DeliKate Recovery Serum,Kate Somerville,4.641,98.0,Skincare,Treatments,35,2,1,7,6.2,5,0,1,1,0,2,0,5,2,3,0,0,0,0,0,0,0
P457696,DeliKate Soothing Cleanser,Kate Somerville,4.1875,44.0,Skincare,Cleansers,41,1,1,4,6.2,7,0,1,1,0,0,0,6,5,7,0,0,0,0,0,0,0
P411881,Retinol Firming Eye Cream,Kate Somerville,3.4462,98.0,Skincare,Eye Care,43,2,2,8,3.5,1,2,3,1,2,4,0,1,2,2,0,0,0,2,0,2,2
P470535,"KateCeuticals Resurfacing Overnight Peel with Glycolic Acid, Retinol & Niacinamide",Kate Somerville,4.7377,98.0,Skincare,Treatments,46,7,7,28,4.7,1,2,4,2,2,4,0,1,2,2,0,0,0,2,0,2,3
P436365,+Retinol Vita C Power Serum,Kate Somerville,3.5041,110.0,Skincare,Treatments,37,0,0,0,5.2,1,1,2,1,2,3,0,1,2,1,0,1,0,2,0,1,2
P412117,Dry Skin Saver,Kate Somerville,4.3009,56.0,Skincare,Moisturizers,31,3,1,10,4.8,2,0,0,0,0,0,0,2,2,2,0,0,0,0,0,0,0
P433468,EradiKate Salicylic Acid Acne Treatment,Kate Somerville,4.1143,68.0,Skincare,Treatments,47,5,5,20,4.3,2,1,0,0,1,4,0,0,1,2,0,0,0,1,0,1,1
P469111,KateCeuticals Lifting Eye Cream,Kate Somerville,4.6354,140.0,Skincare,Eye Care,49,5,3,18,5.0,3,1,3,1,2,6,0,2,4,3,0,0,0,1,0,0,2
P471045,Daily Deflector Mineral Sunscreen SPF 40  PA++++,Kate Somerville,4.4149,54.0,Skincare,Sunscreen,38,3,3,12,5.3,4,0,0,0,0,0,0,3,1,3,0,0,0,0,0,0,0
P469112,KateCeuticals Total Repair Cream,Kate Somerville,4.7143,140.0,Skincare,Moisturizers,48,9,5,32,5.1,6,1,2,2,1,5,0,4,3,5,0,0,0,1,0,0,2
P421271,Wrinkle Warrior Eye Gel Visible Dark Circle Eraser,Kate Somerville,3.0667,76.0,Skincare,Eye Care,27,1,1,4,4.9,4,1,3,2,1,3,0,2,2,2,0,0,0,0,0,0,0
P502200,HydraKate Recharging Serum with Hyaluronic Acid,Kate Somerville,4.764,78.0,Skincare,Treatments,34,5,4,19,5.7,2,0,1,0,0,1,0,2,3,3,0,0,0,0,0,0,0
P479701,EradiKate Acne Mark Fading Gel with Salicylic Acid,Kate Somerville,4.7011,68.0,Skincare,Treatments,45,4,3,15,4.8,3,2,5,5,1,2,0,2,2,2,0,1,0,1,0,1,1
P382356,Age Arrest Anti-Wrinkle Cream,Kate Somerville,4.0349,98.0,Skincare,Moisturizers,64,3,3,12,4.0,2,0,2,1,2,5,0,1,3,1,0,1,0,1,0,0,2
P502197,HydraKate Recharging Water Cream Moisturizer,Kate Somerville,4.8256,76.0,Skincare,Moisturizers,32,5,4,19,5.8,3,0,0,0,0,1,0,2,2,3,0,0,0,0,0,0,0
P469110,KateCeuticals Firming Serum with Hyaluronic Acid,Kate Somerville,4.8765,110.0,Skincare,Treatments,46,7,5,26,5.7,1,0,2,1,0,2,0,1,1,1,0,0,0,0,0,0,0
P479703,EradiKate Clarifying Acne Gel Cleanser with Salicylic Acid,Kate Somerville,4.6709,44.0,Skincare,Treatments,44,4,4,16,4.8,2,1,3,2,1,0,0,0,2,3,0,1,0,1,0,1,1
P467028,Glow In A Wink ExfoliKate Bestsellers Set,Kate Somerville,4.9067,72.0,Skincare,Value & Gift Sets,78,17,16,67,4.9,2,7,8,1,6,6,0,0,8,5,0,2,0,6,0,2,8
P404232,DermalQuench +Retinol Advanced Resurfacing Treatment,Kate Somerville,4.0541,110.0,Skincare,Treatments,44,5,3,18,4.3,1,1,3,2,1,3,0,1,2,1,0,0,0,1,0,1,1
P232920,Line Release Under Eye Repair Cream,Kate Somerville,3.9143,140.0,Skincare,Eye Care,48,4,2,14,4.1,9,0,0,1,0,9,0,3,3,8,0,0,0,0,0,1,2
P481355,ExfoliKate  Resurfacing Body Scrub,Kate Somerville,4.672,56.0,Bath & Body,Bath & Shower,43,6,5,23,4.6,1,2,3,2,2,1,0,0,3,2,1,1,0,2,0,1,2
P383308,Age Arrest Eye Cream,Kate Somerville,3.7451,98.0,Skincare,Eye Care,63,3,3,12,3.9,4,0,1,1,1,5,0,1,1,0,0,1,0,1,0,0,1
P460511,Mini Liquid ExfoliKate Triple Acid Resurfacing Treatment,Kate Somerville,4.1176,24.0,Skincare,Mini Size,30,6,5,23,3.9,1,5,6,0,3,3,0,0,5,4,0,0,0,3,0,0,4
P500124,EradiKate Try-Me-Kit,Kate Somerville,4.0,49.0,Skincare,Value & Gift Sets,59,8,7,31,4.0,2,1,4,2,1,3,0,1,2,1,0,1,0,1,0,1,1
P502195,DelIKate Try Me Kit,Kate Somerville,5.0,49.0,Skincare,Value & Gift Sets,91,4,3,15,6.0,10,0,2,2,0,2,0,9,7,9,0,0,0,0,0,0,0
P502186,Retinol Try Me Kit,Kate Somerville,3.0,59.0,Skincare,Value & Gift Sets,94,7,7,28,2.6,1,2,4,1,3,5,0,1,4,3,0,1,0,3,0,2,3
P500155,ExfoliKate All Over Glow Kit,Kate Somerville,5.0,115.0,Skincare,Value & Gift Sets,62,9,8,35,5.0,2,3,4,2,4,4,0,0,5,3,1,2,0,4,0,2,5
P421996,Ultra Facial Moisturizing Cream with Squalane,Kiehl's Since 1851,4.4469,78.0,Skincare,Moisturizers,30,2,1,7,5.1,2,0,0,0,0,1,0,1,1,1,0,0,0,0,0,0,0
P422510,Mini Ultra Facial Moisturizing Cream with Squalane,Kiehl's Since 1851,4.4469,24.0,Skincare,Mini Size,40,1,0,3,5.5,1,0,0,0,0,0,0,1,1,1,0,0,0,0,0,0,0
P422000,Creamy Eye Treatment with Avocado,Kiehl's Since 1851,3.9994,36.0,Skincare,Eye Care,26,1,1,4,4.8,0,0,1,1,0,0,0,0,1,1,0,0,0,0,0,0,0
P421998,Midnight Recovery Concentrate Moisturizing Face Oil,Kiehl's Since 1851,4.2174,56.0,Skincare,Treatments,23,6,5,23,3.9,1,0,0,0,0,0,0,1,1,1,0,0,0,0,0,0,0
P445951,Midnight Recovery Concentrate Moisturizing Face Oil,Kiehl's Since 1851,4.2174,30.0,Skincare,Mini Size,23,6,5,23,3.9,1,0,0,0,0,0,0,1,1,1,0,0,0,0,0,0,0
P454838,Powerful-Strength Dark Circle Reducing Vitamin C Eye Serum,Kiehl's Since 1851,3.8646,55.0,Skincare,Eye Care,26,2,1,7,4.6,2,0,2,1,1,4,0,1,2,2,0,1,0,1,0,0,1
P422022,Clearly Corrective Dark Spot Correcting Serum,Kiehl's Since 1851,3.8478,65.0,Skincare,Treatments,24,4,4,16,3.6,2,1,3,2,1,2,0,1,3,2,0,1,0,1,0,1,2
P455611,Clearly Corrective Dark Spot Solution Duo,Kiehl's Since 1851,3.8478,125.0,Skincare,Value & Gift Sets,24,4,4,16,3.6,2,1,3,2,1,2,0,1,3,2,0,1,0,1,0,1,2
P422007,Ultra Facial Cleanser,Kiehl's Since 1851,4.3712,30.0,Skincare,Cleansers,28,7,5,26,5.0,1,0,1,0,1,1,0,1,3,2,0,0,0,0,0,0,1
P501029,Retinol Fast-Release Wrinkle Reducing Night Serum,Kiehl's Since 1851,4.5163,85.0,Skincare,Treatments,29,2,2,8,5.2,1,1,2,1,1,2,0,1,1,1,0,0,0,1,0,1,1
P474840,Micro-Dose Anti-Aging Retinol Serum with Ceramides and Peptide,Kiehl's Since 1851,4.4916,65.0,Skincare,Treatments,44,5,4,19,4.8,2,1,2,1,1,2,0,2,2,2,0,0,0,1,0,1,1
P457864,Vital Skin-Strengthening Hyaluronic Acid Super Serum,Kiehl's Since 1851,4.2194,60.0,Skincare,Treatments,39,8,8,32,4.3,1,1,3,2,1,1,0,1,2,1,0,1,0,1,0,1,1
P480177,Super Multi-Corrective Anti-Aging Eye Cream,Kiehl's Since 1851,4.5714,60.0,Skincare,Eye Care,40,3,2,11,5.5,3,0,1,2,0,3,0,1,0,2,1,0,0,0,0,0,0
P422002,Rare Earth Deep Pore Minimizing Cleansing Clay Mask,Kiehl's Since 1851,4.542,45.0,Skincare,Masks,19,0,0,0,6.9,1,0,0,1,0,1,0,2,1,1,0,0,0,0,0,0,0
P474060,Mini Rare Earth Deep Pore Minimizing Cleansing Clay Mask,Kiehl's Since 1851,4.542,25.0,Skincare,Mini Size,20,0,0,0,6.9,1,0,0,1,0,1,0,2,1,1,0,0,0,0,0,0,0
P472472,Ferulic Brew Facial Treatment Essence with Lactic Acid,Kiehl's Since 1851,4.5603,60.0,Skincare,Moisturizers,31,10,7,37,4.5,4,2,3,2,3,4,0,2,4,3,0,1,0,2,0,1,3
P421999,Crème de Corps Hydrating Body Lotion with Squalane,Kiehl's Since 1851,4.1787,34.0,Bath & Body,Body Moisturizers,38,1,0,3,6.4,2,0,1,1,0,1,0,3,3,3,0,0,0,0,0,0,0
P422269,Creme de Corps Soy Milk & Honey Whipped Body Butter,Kiehl's Since 1851,4.503,45.0,Bath & Body,Body Moisturizers,28,6,5,23,4.4,2,0,0,0,1,1,0,2,3,2,0,1,1,1,1,0,1
P422640,Ultimate Strength Hand Salve,Kiehl's Since 1851,4.6411,32.0,Bath & Body,Body Moisturizers,38,4,3,15,5.6,1,0,1,1,0,1,0,2,2,2,0,0,0,0,0,0,0
P479329,Ultra Facial Overnight Hydrating Face Mask with 10.5% Squalane,Kiehl's Since 1851,4.5461,45.0,Skincare,Masks,17,3,2,11,4.7,2,1,1,1,1,1,0,1,2,1,0,1,0,1,0,1,1
P427529,Powerful-Strength Vitamin C Serum,Kiehl's Since 1851,3.6684,78.0,Skincare,Treatments,1,0,0,0,4.4,0,0,0,0,0,0,0,0,0,0,0,0,0,0,0,0,0
P446422,Avocado Nourishing Hydration Mask,Kiehl's Since 1851,3.9019,48.0,Skincare,Masks,28,3,2,11,3.7,1,0,0,1,0,0,0,1,1,1,0,0,0,0,0,0,0
P503913,Ultra Facial Advanced Repair Barrier Cream,Kiehl's Since 1851,4.7556,48.0,Skincare,Moisturizers,38,5,4,19,4.7,4,1,2,4,1,4,0,3,2,2,0,1,0,1,0,2,2
P422013,Calendula Deep Clean Foaming Face Wash,Kiehl's Since 1851,4.5033,38.0,Skincare,Cleansers,18,5,5,20,4.0,0,0,1,0,0,0,0,0,1,1,0,0,0,0,0,0,0
P470221,Milk-Peel Gentle Exfoliating Toner,Kiehl's Since 1851,4.682,60.0,Skincare,Cleansers,26,6,4,22,5.2,3,1,2,1,1,2,0,2,2,2,0,0,0,1,0,0,1
P431735,Mini Ultimate Strength Hand Salve,Kiehl's Since 1851,4.6411,22.0,Bath & Body,Mini Size,38,4,3,15,5.6,1,0,1,1,0,1,0,2,2,2,0,0,0,0,0,0,0
P483664,Midnight  Recovery Omega-Rich Cloud Cream,Kiehl's Since 1851,4.5233,60.0,Skincare,Moisturizers,36,7,6,27,4.6,2,2,4,3,1,1,0,2,3,2,0,1,0,1,0,1,1
P440937,Cannabis Sativa Seed Oil Herbal Concentrate (Hemp-Derived),Kiehl's Since 1851,4.1396,55.0,Skincare,Moisturizers,12,6,5,23,3.0,0,0,0,0,0,0,0,0,0,0,0,0,0,0,0,0,0
P449541,Pure Vitality Skin Renewing Cream,Kiehl's Since 1851,4.3301,75.0,Skincare,Moisturizers,37,5,5,20,4.4,2,1,3,2,1,2,0,1,2,2,0,1,0,1,0,1,1
P470040,Ultra Facial Oil-Free Gel Cream,Kiehl's Since 1851,4.4876,38.0,Skincare,Moisturizers,22,3,2,11,4.0,1,1,1,1,1,1,0,0,1,0,0,1,0,1,0,1,1
P421997,Calendula Herbal Extract Alcohol Free Toner,Kiehl's Since 1851,4.2216,47.0,Skincare,Cleansers,12,1,0,3,5.1,0,0,0,1,0,1,0,1,0,0,0,0,0,0,0,0,0
P432239,Buttermask Intense Repair Lip Treatment,Kiehl's Since 1851,4.0419,28.0,Skincare,Lip Balms & Treatments,24,0,0,0,5.5,0,0,1,0,1,1,0,0,2,1,0,1,0,1,0,0,1
P422248,Rare Earth Deep Pore Daily Cleanser,Kiehl's Since 1851,4.2872,28.0,Skincare,Cleansers,19,0,0,0,6.5,1,0,0,1,0,1,0,2,1,1,0,0,0,0,0,0,0
P422011,Ultra Facial Toner,Kiehl's Since 1851,4.2637,24.0,Skincare,Cleansers,16,2,1,7,4.9,1,0,0,0,1,1,0,1,2,1,0,0,0,0,0,0,1
P461948,Super Multi-Corrective Anti-Aging Face and Neck Cream,Kiehl's Since 1851,4.2824,76.0,Skincare,Moisturizers,42,6,5,23,4.7,1,0,2,1,0,1,0,1,1,1,0,0,0,0,0,0,0
P422012,Ultra Facial Cream Sunscreen SPF 30,Kiehl's Since 1851,3.8344,38.0,Skincare,Moisturizers,38,5,4,19,3.6,3,1,1,1,1,1,2,2,2,1,0,1,0,3,0,3,1
P422003,Daily Reviving Concentrate,Kiehl's Since 1851,4.3986,59.0,Skincare,Treatments,18,5,4,19,4.1,1,0,0,0,0,0,0,1,1,1,0,0,0,0,0,0,0
P429522,Super Fluid Daily UV Defense Sunscreen Broad Spectrum SPF 50+,Kiehl's Since 1851,3.6048,68.0,Skincare,Sunscreen,24,3,2,11,2.1,0,0,0,0,0,0,4,0,0,0,0,0,0,4,0,4,0
P422004,Ultra Facial Moisturizer Sunscreen SPF 30,Kiehl's Since 1851,3.7473,38.0,Skincare,Moisturizers,24,2,1,7,4.1,3,0,0,0,0,0,2,1,2,3,0,0,2,2,0,2,0
P422005,Ultra Facial Moisturizer,Kiehl's Since 1851,3.7143,38.0,Skincare,Moisturizers,18,1,1,4,4.3,2,0,0,0,0,0,0,0,1,2,0,0,2,0,0,0,0
P431733,Epidermal Re-Texturizing Micro-Dermabrasion,Kiehl's Since 1851,4.6173,46.0,Skincare,Cleansers,17,0,0,0,5.5,0,0,0,0,0,0,0,0,0,0,0,0,0,0,0,0,0
P461947,Calendula Petal-Infused Calming Mask with Aloe Vera,Kiehl's Since 1851,4.5111,47.0,Skincare,Masks,37,4,2,14,5.2,2,0,0,1,0,0,0,2,2,2,0,0,0,0,0,0,0
P436378,Dermatologist Solutions Centella Sensitive Cica-Cream,Kiehl's Since 1851,4.5152,46.0,Skincare,Moisturizers,29,1,1,4,5.2,0,0,1,0,0,0,0,0,1,1,0,0,0,0,0,0,0
P422253,Rare Earth Pore Refining Tonic,Kiehl's Since 1851,3.5758,25.0,Skincare,Cleansers,16,2,2,8,3.9,0,2,2,3,1,1,0,1,1,0,0,1,0,1,0,1,1
P467628,Mini Clearly Corrective Dark Spot Correcting Serum,Kiehl's Since 1851,3.0455,35.0,Skincare,Mini Size,24,4,4,16,2.7,2,1,3,2,1,2,0,1,3,2,0,1,0,1,0,1,2
P422260,Super Multi-Corrective Cream Sunscreen Broad Spectrum SPF 30,Kiehl's Since 1851,3.6,95.0,Skincare,Moisturizers,36,7,7,28,3.3,1,0,2,1,0,1,3,1,1,1,0,0,0,3,0,3,0
P482021,Ultra Facial Hydrating Concentrated Cleansing Bar,Kiehl's Since 1851,4.3333,20.0,Skincare,Cleansers,14,4,3,15,4.4,2,1,1,1,1,1,0,1,2,1,0,1,0,1,0,1,1
P480176,Mini Calendula Deep Clean Foaming Face Wash,Kiehl's Since 1851,5.0,18.0,Skincare,Cleansers,18,5,5,20,4.6,0,0,1,0,0,0,0,0,1,1,0,0,0,0,0,0,0
P504464,Mask and Moisturize Duo Skincare Gift Set,Kiehl's Since 1851,5.0,30.0,Skincare,Value & Gift Sets,48,4,2,14,5.2,3,1,2,2,1,2,0,3,4,3,0,1,0,1,0,1,1
P477811,Rare Earth Pore Minimizing Lotion,Kiehl's Since 1851,4.2713,33.0,Skincare,Moisturizers,18,1,1,4,4.0,0,0,0,1,0,1,0,1,0,0,0,0,0,0,0,0,0
P505339,Ultra Pure High-Potency 5.0% Niacinamide Serum,Kiehl's Since 1851,4.2713,35.0,Skincare,Treatments,10,1,1,4,3.4,0,0,0,0,0,0,0,0,0,0,0,0,0,0,0,0,0
P505376,Ultra Pure High-Potency 9.8% Glycolic Acid Serum,Kiehl's Since 1851,4.2713,35.0,Skincare,Treatments,7,2,2,8,3.4,0,1,1,0,1,1,0,0,1,1,0,0,0,1,0,0,1
P505614,Ultra Facial Cream Refill Bundle,Kiehl's Since 1851,4.2713,78.0,Skincare,Value & Gift Sets,1,0,0,0,4.2,0,0,0,0,0,0,0,0,0,0,0,0,0,0,0,0,0
P504635,Ultra Pure Hyaluronic Acid 1.5% Serum,Kiehl's Since 1851,4.2713,35.0,Skincare,Treatments,7,0,0,0,4.8,0,0,1,0,0,0,0,0,1,1,0,0,0,0,0,0,0
P505499,Deep Pore Cleansing Kit,Kiehl's Since 1851,4.2713,63.0,Skincare,Value & Gift Sets,44,7,5,26,4.0,2,0,1,1,1,2,0,3,4,3,0,0,0,0,0,0,1
P505615,Ultra Facial Cleanser Home & Away Bundle,Kiehl's Since 1851,4.2713,26.0,Skincare,Value & Gift Sets,28,7,5,26,4.0,1,0,1,0,1,1,0,1,3,2,0,0,0,0,0,0,1
P431509,Aqua Foundation,Koh Gen Do,3.9848,96.0,Makeup,Face,54,7,4,25,4.2,2,0,0,0,0,2,0,1,2,1,0,0,0,0,0,0,1
P480321,Tropical Cocount Melt,Kopari,3.25,29.0,Bath & Body,Body Moisturizers,2,0,0,0,3.9,0,0,0,0,0,0,0,0,0,0,0,0,0,0,0,0,0
P434336,Mini Noni Glow Face Oil,KORA Organics,4.3877,28.0,Skincare,Mini Size,16,2,2,8,3.7,0,0,0,0,0,0,0,0,0,0,0,0,0,0,0,0,0
P418624,Noni Glow Plumping Face Oil,KORA Organics,4.4112,72.0,Skincare,Moisturizers,16,2,2,8,3.7,0,0,0,0,0,0,0,0,0,0,0,0,0,0,0,0,0
P471046,Turmeric Glow Brightening Moisturizer,KORA Organics,4.4985,62.0,Skincare,Moisturizers,56,7,5,26,4.8,3,1,2,2,2,2,0,2,4,3,0,0,0,1,0,0,2
P455241,Noni Night AHA Pore & Resurfacing Serum,KORA Organics,4.3946,74.0,Skincare,Treatments,41,7,6,27,4.5,1,2,3,2,1,1,0,0,2,1,0,1,0,1,0,0,2
P433627,Turmeric BHA Pore & Brightening Treatment Mask,KORA Organics,4.1626,52.0,Skincare,Masks,37,4,3,15,4.0,0,1,2,2,2,2,0,0,2,0,0,2,0,2,0,1,3
P461177,Mini Turmeric BHA Pore & Brightening Treatment Mask,KORA Organics,4.1626,18.0,Skincare,Mini Size,37,4,3,15,4.0,0,1,2,2,2,2,0,0,2,0,0,2,0,2,0,1,3
P468684,Milky Mushroom Gentle Cleansing Oil Makeup Remover,KORA Organics,4.4597,44.0,Skincare,Cleansers,30,5,4,19,5.0,2,1,2,0,1,1,0,0,2,3,0,0,0,1,0,0,1
P476876,Berry Bright Firming Vitamin C Eye Cream,KORA Organics,4.6225,58.0,Skincare,Eye Care,36,1,1,4,5.5,0,0,1,1,1,1,0,0,1,0,0,0,0,0,0,0,1
P428816,Noni Radiant Brightening Eye Oil,KORA Organics,3.7915,42.0,Skincare,Eye Care,19,2,0,6,4.9,2,0,0,0,0,0,0,2,2,2,0,0,0,0,0,0,0
P446419,Noni Bright 12% Vitamin C Serum,KORA Organics,4.2288,73.0,Skincare,Treatments,41,7,5,26,4.3,0,1,3,2,2,3,0,0,3,1,0,1,0,1,0,0,2
P500618,Turmeric Glow Foaming Cleanser,KORA Organics,4.6111,44.0,Skincare,Cleansers,38,4,4,16,4.9,1,0,2,1,0,0,0,0,1,2,0,0,0,0,0,0,0
P418625,Noni Glow Hydrating & Toning Body Oil,KORA Organics,3.84,63.0,Bath & Body,Body Moisturizers,12,2,2,8,3.0,0,0,0,0,0,0,0,0,0,0,0,0,0,0,0,0,0
P500055,Active Algae Lightweight Moisturizer,KORA Organics,4.6763,48.0,Skincare,Moisturizers,37,2,2,8,5.8,1,0,2,1,0,0,0,1,2,2,0,0,0,0,0,0,0
P474068,Minty Mineral Hydration Face Mist with Aloe Vera,KORA Organics,4.5027,44.0,Skincare,Moisturizers,33,5,4,19,5.0,2,1,2,0,1,2,0,0,2,2,0,0,0,1,0,0,1
P440072,Noni Glow Overnight Plumping Hydration Mask,KORA Organics,3.7283,52.0,Skincare,Masks,35,4,4,16,3.1,0,1,1,1,2,1,0,0,2,0,0,2,0,2,0,1,2
P502630,Turmeric Invigorating Body Scrub,KORA Organics,4.6696,60.0,Bath & Body,Bath & Shower,44,5,3,18,5.2,2,1,3,1,1,1,0,0,2,3,0,0,0,1,0,0,1
P502854,Nourishing Hand & Body Lotion,KORA Organics,3.0,55.0,Bath & Body,Body Moisturizers,26,2,2,8,3.0,1,0,1,0,0,1,0,0,1,1,0,0,0,0,0,0,0
P502837,Renewing Hand & Body Wash,KORA Organics,2.5,48.0,Bath & Body,Bath & Shower,29,3,3,12,2.0,1,0,1,0,0,0,0,0,1,2,0,0,0,0,0,0,0
P456412,Greek Yoghurt Foaming Cream Cleanser,KORRES,4.5667,28.0,Skincare,Cleansers,40,4,2,14,5.1,2,1,3,1,1,2,0,0,2,2,0,0,0,1,0,0,1
P480612,Santorini Grape Poreless Skin Cream,KORRES,4.4026,38.5,Skincare,Moisturizers,39,4,3,15,4.3,1,2,3,1,2,2,0,0,3,2,0,1,0,2,0,1,3
P456207,Greek Yoghurt Nourishing Probiotic Gel-Cream,KORRES,4.348,38.5,Skincare,Moisturizers,64,8,5,29,4.2,8,2,3,3,4,5,0,2,7,6,0,3,0,4,0,1,4
P456418,Wild Rose Night-Brightening Sleeping Facial,KORRES,4.3596,50.0,Skincare,Moisturizers,42,3,2,11,4.8,2,1,2,0,1,1,0,1,3,3,0,0,0,1,0,0,1
P456417,Wild Rose Brightening Absolute Oil,KORRES,4.3553,54.0,Skincare,Moisturizers,22,4,3,15,5.0,2,0,0,1,0,0,0,2,2,2,0,0,0,0,0,0,0
P456414,Greek Yoghurt Probiotic Superdose Face Mask,KORRES,4.5049,52.0,Skincare,Masks,63,6,3,21,4.4,9,2,3,3,3,5,0,3,7,7,0,2,0,3,0,1,4
P474340,Santorini Grape Velvet Skin Drink,KORRES,4.5878,50.0,Skincare,Moisturizers,29,2,0,6,5.5,2,1,1,0,1,3,0,1,2,2,0,0,0,1,0,1,2
P456421,Black Pine 3D Eye-Lift Super Serum,KORRES,4.0063,61.0,Skincare,Eye Care,36,4,3,15,3.4,0,0,1,0,0,0,0,0,1,1,0,0,0,0,0,0,0
P456413,Mini Greek Yoghurt Foaming Cream Cleanser,KORRES,4.2471,16.0,Skincare,Mini Size,40,4,2,14,4.7,2,1,3,1,1,2,0,0,2,2,0,0,0,1,0,0,1
P455919,MenoReverse Volumizing Serum-in-Moisturizer,KORRES,4.0517,45.0,Skincare,Moisturizers,47,9,7,34,4.5,2,1,2,0,1,1,0,1,3,3,0,0,0,1,0,0,1
P456151,Revealer Super Creamy + Brightening Concealer and Daytime Eye Cream,Kosas,3.9914,30.0,Makeup,Face,37,2,0,6,5.4,2,0,0,1,0,2,0,2,2,2,1,0,0,0,0,0,1
P468685,Cloud Set Baked Setting & Smoothing Talc-Free Vegan Powder,Kosas,4.1641,35.0,Makeup,Face,29,1,0,3,4.4,0,0,0,0,0,0,0,0,0,0,0,0,0,0,0,0,0
P481396,Revealer Skin-Improving Foundation SPF 25 with Hyaluronic Acid and Niacinamide,Kosas,3.9787,42.0,Makeup,Face,34,3,1,10,4.8,2,0,0,1,0,1,0,2,2,2,1,0,0,0,0,0,0
P451920,Wet Lip Oil Plumping Treatment Gloss,Kosas,4.0,22.0,Makeup,Lip,33,3,2,11,4.0,1,1,1,0,1,2,0,0,1,1,0,0,0,1,0,0,1
P441884,Tinted Face Oil Comfy Skin Tint,Kosas,3.6687,42.0,Makeup,Face,16,0,0,0,4.4,0,0,0,0,0,0,0,0,0,0,0,0,0,0,0,0,0
P471049,Air Brow Tinted Clean Volumizing Eyebrow Gel,Kosas,4.3982,24.0,Makeup,Eye,32,3,2,11,4.3,1,0,1,0,0,0,0,0,1,2,0,0,0,0,0,0,0
P443764,Kosasport LipFuel Hyaluronic Acid Lip Balm,Kosas,4.0215,18.0,Makeup,Lip,42,2,2,8,3.2,0,0,0,0,0,0,0,0,0,0,0,0,0,0,0,0,0
P447744,10-Second Eye Gel Watercolor Eyeshadow,Kosas,3.3796,15.0,Makeup,Eye,21,1,0,3,3.5,0,0,0,0,0,0,0,0,0,0,0,0,0,0,0,0,0
P471048,Air Brow Clear + Clean Lifting Treatment Eyebrow Gel with Lamination Effect,Kosas,3.9931,24.0,Makeup,Eye,14,0,0,0,5.8,1,0,1,0,0,0,0,0,1,2,0,0,0,0,0,0,0
P503996,Mini Revealer Super Creamy + Brightening Concealer and Daytime Eye Cream,Kosas,3.8083,15.0,Makeup,Face,37,2,0,6,5.2,2,0,0,1,0,2,0,2,2,2,1,0,0,0,0,0,1
P474961,Wet Lip Oil Plumping Treatment Gloss - Undressed Collection,Kosas,4.0714,22.0,Makeup,Lip,27,3,2,11,4.1,1,1,1,0,1,2,0,0,1,1,0,0,0,1,0,0,1
P461178,Chemistry AHA Serum Deodorant,Kosas,3.9662,16.0,Bath & Body,Body Care,22,6,4,22,3.8,1,3,4,0,2,3,0,0,4,3,0,0,0,2,0,0,3
P441886,Color & Light: Crème Cream Blush & Highlighter Duo,Kosas,4.1706,34.0,Makeup,Cheek,30,0,0,0,5.0,0,0,0,0,0,0,0,0,0,0,0,0,0,0,0,0,0
P503896,Glow I.V. Vitamin-Infused Skin Illuminating Enhancer,Kosas,3.2473,38.0,Makeup,Face,51,6,1,19,3.9,2,1,2,1,0,0,0,2,2,2,0,0,0,0,0,0,0
P457455,The Sun Show Glowy Warmth Talc-Free Baked Bronzer,Kosas,5.0,35.0,Makeup,Cheek,21,0,0,0,6.0,0,0,0,0,0,1,0,0,0,0,0,0,0,0,0,0,1
P471047,Brow Pop Clean Dual-Action Defining Eyebrow Pencil,Kosas,4.3682,24.0,Makeup,Eye,11,0,0,0,5.2,0,0,0,0,0,0,0,0,0,0,0,0,0,0,0,0,0
P474069,Good Body Skin AHA + Enzyme Exfoliating Body Wash,Kosas,4.1176,22.0,Bath & Body,Bath & Shower,18,2,1,7,4.7,1,2,3,1,2,3,0,1,3,3,0,0,0,2,0,0,2
P462872,The Big Clean Longwear Volumizing + Lash Care Mascara,Kosas,3.4892,26.0,Makeup,Eye,23,3,2,11,3.2,1,0,1,0,0,0,0,0,1,2,0,0,0,0,0,0,0
P500329,Plump + Juicy Lip Booster Buttery Treatment,Kosas,4.2938,25.0,Skincare,Lip Balms & Treatments,29,0,0,0,5.4,0,0,0,0,0,1,0,0,0,0,0,0,0,0,0,0,0
P502288,Revealer Dual-Ended Makeup Blender Sponge,Kosas,3.4286,14.0,Makeup,Brushes & Applicators,1,0,0,0,4.1,0,0,0,0,0,0,0,0,0,0,0,0,0,0,0,0,0
P502745,Plump + Juicy Vegan Collagen + Probiotic Spray-On Serum,Kosas,4.3741,48.0,Skincare,Moisturizers,27,3,2,11,5.2,2,0,2,1,0,3,0,0,1,3,0,0,0,0,0,0,0
P501578,GrowPotion Fluffy Brow + Lash Boosting Serum,Kosas,3.9633,48.0,Makeup,Eye,29,2,1,7,5.4,5,0,1,0,0,2,0,0,1,5,0,0,0,0,0,0,0
P501568,Underlined Kajal Clean Waterproof Long-Wear Eyeliner,Kulfi,4.5611,20.0,Makeup,Eye,18,0,0,0,5.5,0,0,0,0,0,0,0,0,0,0,0,0,0,0,0,0,0
P501589,Main Match Crease-Proof Long-Wear Hydrating Concealer,Kulfi,4.5613,26.0,Makeup,Face,29,1,1,4,4.7,0,0,0,0,0,0,0,0,0,0,0,0,0,0,0,0,0
P504604,Mehndi Moment Long-Lasting Radiant Cream Blush,Kulfi,4.6973,28.0,Makeup,Cheek,39,3,3,12,4.6,1,0,1,0,0,0,0,0,1,2,0,0,0,0,0,0,0
P245205,Tattoo Liner Vegan Waterproof Liquid Eyeliner,KVD Beauty,4.131,25.0,Makeup,Eye,13,2,2,8,3.4,0,0,0,0,0,0,0,0,0,0,0,0,0,0,0,0,0
P311138,Lock-It Full-Coverage Long-Wear Matte Liquid Foundation,KVD Beauty,3.9175,40.5,Makeup,Face,26,2,2,8,3.1,0,0,0,0,0,0,0,0,0,0,0,0,0,0,0,0,0
P413458,Shade + Light Refillable Powder Face Contour Palette,KVD Beauty,4.3784,52.5,Makeup,Makeup Palettes,27,2,1,7,5.1,2,0,0,0,0,0,0,2,1,2,0,0,1,0,0,0,0
P418804,Everlasting Lip Liner,KVD Beauty,4.5511,22.5,Makeup,Lip,16,0,0,0,5.5,0,0,0,0,0,0,0,0,0,0,0,0,0,0,0,0,0
P430718,"Super Pomade Vegan Eyeliner, Shadow & Brow Pigment",KVD Beauty,4.6512,25.0,Makeup,Eye,18,1,1,4,5.6,1,0,0,0,0,0,0,1,1,1,0,0,0,0,0,0,0
P469488,Good Apple Lightweight Full-Coverage Cream Foundation Balm,KVD Beauty,3.8474,42.5,Makeup,Face,52,6,4,22,3.6,10,0,1,1,2,5,0,1,3,11,0,2,0,2,0,0,2
P385908,Ink Liner Waterproof Felt-Tip Liquid Eyeliner,KVD Beauty,4.0435,25.0,Makeup,Eye,13,2,2,8,3.3,0,0,0,0,0,0,0,0,0,0,0,0,0,0,0,0,0
P409988,Lock-It Setting Powder,KVD Beauty,4.2027,35.0,Makeup,Face,16,1,1,4,4.2,0,0,0,0,0,0,0,0,0,0,0,0,0,0,0,0,0
P418800,Lock-It Refillable Mattifying Pressed Finishing Powder,KVD Beauty,4.2173,35.0,Makeup,Face,14,1,1,4,4.3,0,0,0,0,0,0,0,0,0,0,0,0,0,0,0,0,0
P392437,Lock-It Hydrating Primer,KVD Beauty,3.7257,34.0,Makeup,Face,28,3,3,12,3.1,0,0,1,0,0,0,0,0,1,1,0,0,0,0,0,0,0
P483466,Tattoo Pencil Liner Waterproof Long-Wear Gel Eyeliner,KVD Beauty,4.3309,23.0,Makeup,Eye,14,0,0,0,5.2,0,0,0,0,0,0,0,0,0,0,0,0,0,0,0,0,0
P501592,Everlasting Hyperlight Vegan Transfer-Proof Liquid Lipstick,KVD Beauty,4.1029,23.0,Makeup,Lip,23,0,0,0,4.9,0,0,0,0,0,0,0,0,0,0,0,0,0,0,0,0,0
P468169,Mini Tattoo Liner Vegan Waterproof Liquid Eyeliner,KVD Beauty,3.2626,15.0,Makeup,Eye,13,2,2,8,2.3,0,0,0,0,0,0,0,0,0,0,0,0,0,0,0,0,0
P441024,Lock-It Powder Foundation,KVD Beauty,3.9884,37.0,Makeup,Face,18,1,1,4,4.0,0,0,0,0,0,0,0,0,0,0,0,0,0,0,0,0,0
P454732,Everlasting Blush,KVD Beauty,4.7313,29.5,Makeup,Cheek,16,2,2,8,4.1,0,0,0,0,0,0,0,0,0,0,0,0,0,0,0,0,0
P464781,Dazzle Vegan Long-Wear Eyeshadow Stick,KVD Beauty,4.5692,24.0,Makeup,Eye,26,1,1,4,5.3,0,0,1,0,0,0,0,0,1,1,0,0,0,0,0,0,0
P481106,Good Apple Lightweight Full-Coverage Concealer,KVD Beauty,4.2446,30.0,Makeup,Face,33,1,1,4,4.3,0,0,0,0,0,0,0,0,0,0,0,0,0,0,0,0,0
P454032,XO Vinyl Lip Cream Lip Gloss,KVD Beauty,4.4632,20.0,Makeup,Lip,14,0,0,0,5.4,0,0,0,0,0,0,0,0,0,0,0,0,0,0,0,0,0
P475569,ModCon Long-Wear Hydrating Liquid-Gel Contour,KVD Beauty,3.496,29.5,Makeup,Face,21,3,3,12,2.8,0,0,1,0,0,0,0,0,1,1,0,0,0,0,0,0,0
P504366,Good Apple Full-Coverage Transfer-Proof Vegan Serum Foundation,KVD Beauty,4.0375,42.0,Makeup,Face,30,3,3,12,3.6,0,0,1,1,0,0,0,0,1,1,0,0,0,0,0,0,0
P442770,Go Big or Go Home Long-Wear Vegan Volumizing Mascara,KVD Beauty,3.6613,25.0,Makeup,Eye,21,2,2,8,2.8,0,0,0,0,0,0,0,0,0,0,0,0,0,0,0,0,0
P463638,Kitten Mini: Glamrok Shade + Light Eyeshadow Quad,KVD Beauty,3.7,19.0,Makeup,Mini Size,38,2,1,7,4.4,2,0,0,0,0,0,0,1,2,2,0,0,0,0,0,0,0
P418801,Lock-It Finishing Powder Refill,KVD Beauty,4.4667,22.0,Makeup,Face,14,1,1,4,4.6,0,0,0,0,0,0,0,0,0,0,0,0,0,0,0,0,0
P454733,Kitten Mini: Purrfect Cat Eyes Mini Mascara & Eyeliner Set,KVD Beauty,2.8421,20.0,Makeup,Eye,32,4,4,16,1.4,0,0,0,0,0,0,0,0,0,0,0,0,0,0,0,0,0
P460562,Shake Primer High-Impact Invisible Eyeshadow Primer,KVD Beauty,3.1809,22.0,Makeup,Eye,10,0,0,0,3.8,0,0,0,0,0,0,0,0,0,0,0,0,0,0,0,0,0
P447557,Lock-It Powder Foundation Refills,KVD Beauty,4.24,24.0,Makeup,Face,18,1,1,4,4.3,0,0,0,0,0,0,0,0,0,0,0,0,0,0,0,0,0
P472980,ModCon Liquid-Gel Blush,KVD Beauty,2.9375,29.5,Makeup,Cheek,20,1,0,3,2.9,0,0,0,0,0,0,0,0,0,0,0,0,0,0,0,0,0
P462706,Epic Curl Vegan Lash Primer,KVD Beauty,2.9355,24.0,Makeup,Eye,28,2,2,8,1.9,0,0,0,0,0,0,0,0,0,0,0,0,0,0,0,0,0
P504596,Lock-It Vegan Pore-Refining Hydrating Primer with Rice Water,KVD Beauty,4.2206,34.0,Makeup,Face,19,1,1,4,4.7,1,0,0,0,0,1,0,0,0,0,0,0,0,0,0,0,0
P504620,Mini Everlasting Hyperlight Vegan Transfer-Proof Liquid Lipstick,KVD Beauty,3.0,13.0,Makeup,Lip,23,0,0,0,3.6,0,0,0,0,0,0,0,0,0,0,0,0,0,0,0,0,0
P307907,Hand Cream,L'Occitane,4.5149,30.0,Bath & Body,Body Moisturizers,37,12,10,46,3.4,0,0,0,0,0,0,0,0,0,0,0,0,0,0,0,0,0
P107319,Cleansing And Softening Refillable Shower Oil With Almond Oil,L'Occitane,4.3501,29.0,Bath & Body,Bath & Shower,35,10,8,38,3.2,0,0,0,0,0,0,0,0,0,0,0,0,0,0,0,0,0
P162554,Almond Smoothing and Beautifying Supple Skin Oil,L'Occitane,4.6064,50.0,Bath & Body,Body Moisturizers,12,4,4,16,3.5,0,0,0,0,0,0,0,0,0,0,0,0,0,0,0,0,0
P66703,Almond Milk Concentrate,L'Occitane,4.5764,55.0,Bath & Body,Body Moisturizers,34,6,6,24,4.5,1,0,1,0,1,1,0,0,2,2,0,1,0,1,0,0,1
P387512,Shea Nail And Cuticle Oil,L'Occitane,4.3833,20.0,Makeup,Nail,19,9,9,36,3.3,0,0,0,0,0,0,0,0,0,0,0,0,0,0,0,0,0
P238001,Shea Butter Ultra Rich Body Cream,L'Occitane,4.5822,49.0,Bath & Body,Body Moisturizers,43,10,10,40,3.5,0,0,0,0,0,0,0,0,0,0,0,0,0,0,0,0,0
P39678,Shea Butter Rich Body Lotion,L'Occitane,4.5246,35.0,Bath & Body,Body Moisturizers,35,10,8,38,3.4,0,0,0,0,0,0,0,0,0,0,0,0,0,0,0,0,0
P39950,Lavender Harvest Foaming Bath,L'Occitane,4.3028,39.0,Bath & Body,Bath & Shower,12,3,3,12,3.8,0,0,1,0,0,0,0,0,1,1,0,0,0,0,0,0,0
P392873,Almond Exfoliating And Smoothing Delicious Paste,L'Occitane,4.2143,49.0,Bath & Body,Bath & Shower,22,3,3,12,3.1,0,0,0,0,0,0,0,0,0,0,0,0,0,0,0,0,0
P39675,100 percent Pure Shea Butter,L'Occitane,4.673,40.0,Bath & Body,Body Moisturizers,1,0,0,0,5.6,0,0,0,0,0,0,0,0,0,0,0,0,0,0,0,0,0
P387511,Immortelle Divine Cream,L'Occitane,3.8805,115.0,Skincare,Moisturizers,51,9,9,36,3.9,1,1,1,1,1,2,0,0,1,1,0,0,0,0,0,1,2
P392869,Moisturizing And Smoothing Milk Veil,L'Occitane,4.4091,45.0,Bath & Body,Body Moisturizers,38,5,5,20,3.3,0,0,0,0,1,1,0,0,1,0,0,1,0,1,0,0,1
P449167,Shea Butter Intensive Hand Balm,L'Occitane,4.6111,38.0,Bath & Body,Body Moisturizers,23,1,0,3,6.5,1,0,1,1,0,0,0,1,2,2,0,0,0,0,0,0,0
P442735,Almond Delightful Body Balm,L'Occitane,4.6429,40.0,Bath & Body,Body Moisturizers,25,4,4,16,3.4,0,0,0,0,0,1,0,0,0,0,0,0,0,0,0,1,1
P428817,Shea Shower Oil,L'Occitane,3.9677,29.0,Bath & Body,Bath & Shower,21,9,9,36,2.8,0,0,0,0,0,0,0,0,0,0,0,0,0,0,0,0,0
P451282,Shea Butter Foot Cream,L'Occitane,4.5143,30.0,Bath & Body,Body Moisturizers,29,4,4,16,4.0,0,0,1,0,0,0,0,0,1,1,0,0,0,0,0,0,0
P39890,Verbena Shower Gel,L'Occitane,4.2963,22.0,Bath & Body,Bath & Shower,18,9,8,35,3.8,0,0,1,0,0,0,0,0,1,1,0,0,0,0,0,0,0
P442734,Immortelle Reset Overnight Reset Oil-In Serum,L'Occitane,4.5333,65.0,Skincare,Treatments,24,2,1,7,5.0,1,0,1,1,0,1,0,1,0,0,0,0,0,0,0,0,0
P457273,Immortelle Overnight Reset Eye Serum,L'Occitane,3.6,60.0,Skincare,Eye Care,39,4,3,15,4.1,2,0,1,2,0,1,0,1,0,1,1,0,0,0,0,0,0
P457274,Hand Cream Trio,L'Occitane,4.1429,29.0,Skincare,Value & Gift Sets,61,14,12,54,3.6,0,0,1,0,0,0,0,0,1,1,0,0,0,0,0,0,0
P416341,Crème de la Mer Moisturizer,La Mer,4.0566,380.0,Skincare,Moisturizers,42,11,9,42,4.7,1,1,2,2,0,1,0,0,1,1,0,0,0,0,0,0,0
P426501,Mini Crème de la Mer Moisturizer,La Mer,4.0566,100.0,Skincare,Mini Size,43,11,9,42,4.7,1,1,2,2,0,1,0,0,1,1,0,0,0,0,0,0,0
P461949,The Concentrate Serum,La Mer,4.5187,425.0,Skincare,Treatments,49,9,5,32,5.4,7,1,1,1,0,4,0,2,1,3,0,0,0,0,0,0,0
P480613,The Treatment Lotion,La Mer,4.6439,180.0,Skincare,Moisturizers,70,12,10,46,5.0,5,1,2,3,1,3,0,1,3,3,1,1,0,1,0,0,1
P482024,Mini The Treatment Lotion,La Mer,4.6439,125.0,Skincare,Moisturizers,70,12,10,46,5.0,5,1,2,3,1,3,0,1,3,3,1,1,0,1,0,0,1
P475124,The Hydrating Infused Emulsion,La Mer,4.6222,125.0,Skincare,Moisturizers,60,10,8,38,5.3,4,1,2,3,1,3,0,1,2,2,1,0,0,0,0,0,1
P455924,The Eye Concentrate Cream,La Mer,4.0535,260.0,Skincare,Eye Care,88,5,4,19,4.9,6,1,1,3,1,6,0,2,1,3,1,0,0,0,0,0,0
P417241,The Renewal Oil,La Mer,4.4256,270.0,Skincare,Moisturizers,70,12,11,47,5.1,4,1,1,3,2,5,0,0,1,1,1,0,0,0,0,0,1
P417242,The Lip Balm,La Mer,3.9323,75.0,Skincare,Lip Balms & Treatments,49,5,4,19,4.7,5,1,1,1,0,1,0,3,2,4,0,0,0,0,0,0,0
P450290,The Regenerating Serum,La Mer,4.375,410.0,Skincare,Treatments,91,11,8,41,5.0,5,2,3,4,1,4,0,2,3,3,1,0,0,0,0,0,1
P429637,The Moisturizing Cool Gel Cream,La Mer,3.6788,200.0,Skincare,Moisturizers,55,11,7,40,4.4,3,1,1,2,0,2,0,1,1,2,1,0,0,0,0,0,0
P416344,The Cleansing Foam,La Mer,4.0,95.0,Skincare,Cleansers,54,5,5,20,4.8,3,1,1,2,0,1,0,0,1,2,1,0,0,0,0,0,0
P505160,The Moisturizing Soft Cream Moisturizer,La Mer,4.5146,380.0,Skincare,Moisturizers,86,15,11,56,4.6,7,1,1,2,2,6,0,2,4,4,1,1,0,1,0,0,2
P417107,The Moisturizing Soft Lotion,La Mer,4.0704,320.0,Skincare,Moisturizers,76,15,11,56,4.7,7,1,1,2,1,4,0,2,3,4,1,0,0,0,0,0,1
P417118,The Broad Spectrum SPF 50 UV Protecting Fluid,La Mer,4.2537,105.0,Skincare,Sunscreen,56,9,9,36,5.1,2,1,2,2,0,2,0,0,1,1,1,0,0,0,0,0,0
P421249,The Moisturizing Matte Lotion,La Mer,4.2258,320.0,Skincare,Moisturizers,74,14,12,54,4.9,7,1,1,2,1,6,0,2,3,2,1,0,0,0,0,0,1
P444964,The Lip Volumizer,La Mer,3.5536,85.0,Skincare,Lip Balms & Treatments,89,7,6,27,4.1,4,1,1,2,2,3,0,3,3,4,0,0,0,0,0,0,1
P480450,The Lip Polish,La Mer,4.9091,75.0,Makeup,Lip,73,6,5,23,5.9,7,1,1,1,0,3,0,3,2,4,0,0,0,0,0,0,0
P417111,The Eye Balm Intense,La Mer,3.5818,260.0,Skincare,Eye Care,76,6,5,23,4.1,6,1,1,2,0,3,0,4,4,4,1,0,0,0,0,0,1
P448182,The Hydrating Illuminator,La Mer,4.619,90.0,Makeup,Face,79,14,13,55,5.3,7,1,2,4,1,6,0,1,2,4,1,0,0,0,0,0,1
P431416,The Replenishing Oil Exfoliator,La Mer,4.6596,135.0,Skincare,Cleansers,53,4,4,16,5.4,3,1,1,2,2,4,0,0,1,1,0,0,0,0,0,0,1
P417243,The Tonic,La Mer,4.1333,95.0,Skincare,Cleansers,35,3,3,12,5.0,2,1,2,2,0,1,0,0,1,2,1,0,0,0,0,0,0
P417114,The Cleansing Micellar Water,La Mer,4.2,95.0,Skincare,Cleansers,40,7,7,28,5.0,3,1,2,2,0,2,0,0,1,2,1,0,0,0,0,0,0
P417116,The Body Crème,La Mer,4.125,300.0,Bath & Body,Body Moisturizers,87,15,14,59,4.8,6,1,2,4,2,5,0,2,2,3,1,0,0,0,0,0,1
P416538,The Lifting and Firming Mask,La Mer,4.2857,300.0,Skincare,Masks,102,11,7,40,5.1,7,1,2,4,1,5,0,3,3,4,1,0,0,0,0,0,0
P417115,The Intensive Revitalizing Mask,La Mer,4.4571,200.0,Skincare,Masks,80,8,6,30,5.1,8,1,1,3,2,5,0,2,3,5,1,0,0,0,0,0,1
P416725,The Revitalizing Hydrating Serum,La Mer,4.0,255.0,Skincare,Treatments,94,14,10,52,4.6,14,1,1,4,1,7,0,6,7,9,1,0,0,0,0,0,1
P433962,Treatment Lotion Hydrating Mask,La Mer,4.2609,190.0,Skincare,Masks,72,11,9,42,5.1,5,1,1,2,0,2,0,1,2,3,1,0,0,0,0,0,0
P428636,Mini The Cleansing Foam,La Mer,3.6087,25.0,Skincare,Cleansers,54,5,5,20,4.3,3,1,1,2,0,1,0,0,1,2,1,0,0,0,0,0,0
P428637,Mini The Lifting and Firming Mask,La Mer,4.3636,95.0,Skincare,Mini Size,102,11,7,40,5.2,7,1,2,4,1,5,0,3,3,4,1,0,0,0,0,0,0
P461950,Mini The Concentrate Serum,La Mer,4.4444,220.0,Skincare,Mini Size,49,9,5,32,5.3,7,1,1,1,0,4,0,2,1,3,0,0,0,0,0,0,0
P417110,The Lifting Eye Serum,La Mer,3.3333,300.0,Skincare,Eye Care,56,2,1,7,4.6,7,1,1,2,0,5,0,0,0,2,1,0,0,0,0,0,0
P475961,Crème de La Mer Duet,La Mer,4.4615,380.0,Skincare,Value & Gift Sets,43,11,9,42,5.2,1,1,2,2,0,1,0,0,1,1,0,0,0,0,0,0,0
P428639,Mini The Renewal Oil,La Mer,4.3077,145.0,Skincare,Mini Size,70,12,11,47,5.0,4,1,1,3,2,5,0,0,1,1,1,0,0,0,0,0,1
P454083,The Renewal Body Oil Balm,La Mer,4.2,210.0,Bath & Body,Body Moisturizers,55,10,9,39,4.0,1,1,1,1,0,1,0,0,0,0,0,0,0,0,0,0,0
P430405,Mini The Moisturizing Cool Gel Cream,La Mer,4.3,100.0,Skincare,Mini Size,55,11,7,40,5.2,3,1,1,2,0,2,0,1,1,2,1,0,0,0,0,0,0
P459501,The Perfecting Primer,La Mer,3.3333,95.0,Makeup,Face,80,13,11,50,3.8,6,1,2,3,2,4,0,3,4,5,1,0,0,0,0,0,1
P501264,The Hydrating Treatment Lotion & Crème Set,La Mer,3.0,200.0,Skincare,Value & Gift Sets,82,14,10,52,3.6,5,1,2,3,0,2,0,1,3,4,1,0,0,0,0,0,0
P308201,Teint Idole Ultra 24H Long Wear Matte Foundation,Lancôme,4.3796,57.0,Makeup,Face,27,5,3,18,3.3,0,0,0,0,0,0,0,0,0,0,0,0,0,0,0,0,0
P128706,Cils Booster XL Super-Enhancing Mascara Primer,Lancôme,4.4446,30.0,Makeup,Eye,21,3,3,12,3.3,0,0,0,0,0,0,0,0,0,0,0,0,0,0,0,0,0
P467208,Lash Idôle Lash-Lifting & Volumizing Mascara,Lancôme,4.5243,30.0,Makeup,Eye,32,3,3,12,3.4,0,0,0,0,0,0,0,0,0,0,0,0,0,0,0,0,0
P379510,Advanced Génifique Radiance Boosting Face Serum,Lancôme,4.4032,132.0,Skincare,Treatments,24,3,3,12,5.1,1,0,2,2,1,2,0,1,1,0,0,0,0,0,0,0,1
P54509,Tonique Confort Re-Hydrating Comforting Toner with Acacia Honey,Lancôme,4.5585,39.0,Skincare,Cleansers,23,4,3,15,3.5,0,0,0,0,0,0,0,0,0,0,0,0,0,0,0,0,0
P453825,Hydra Zen Glow Liquid Lightweight Moisturizer with Hyaluronic Acid,Lancôme,4.413,54.0,Skincare,Moisturizers,46,2,0,6,6.1,11,0,1,1,0,4,0,2,2,12,0,0,0,0,0,0,0
P473717,Teint Idole Ultra Wear All Over Full Coverage Concealer,Lancôme,4.5854,29.0,Makeup,Face,31,3,2,11,4.3,0,0,1,1,0,0,0,0,1,1,0,0,0,0,0,0,0
P419848,Monsieur Big Volumizing Mascara,Lancôme,4.0716,30.0,Makeup,Eye,41,1,1,4,4.1,0,0,0,0,0,0,0,0,0,0,0,0,0,0,0,0,0
P54477,Bi-Facil Double-Action Eye Makeup Remover,Lancôme,4.6511,38.0,Makeup,Accessories,14,7,5,26,3.6,0,0,0,0,0,0,0,0,0,0,0,0,0,0,0,0,0
P431511,L'Absolu Lacquer Long-Lasting Liquid Lipstick,Lancôme,4.2708,32.0,Makeup,Lip,35,6,6,24,3.3,0,0,0,1,0,0,0,0,0,0,0,0,0,0,0,0,0
P422430,Hydra Zen Gel-Cream Oil-Free Moisturizer with Salicylic Acid,Lancôme,4.5629,48.0,Skincare,Moisturizers,32,8,6,30,4.3,0,1,2,1,1,0,0,0,2,1,0,1,0,1,0,1,1
P399503,DRAMA LIQUI-PENCIL Longwear Eyeliner,Lancôme,4.66,23.0,Makeup,Eye,13,0,0,0,5.6,0,0,0,0,0,0,0,0,0,0,0,0,0,0,0,0,0
P54450,Dèfinicils High Definition Lengthening Mascara,Lancôme,4.3106,33.0,Makeup,Eye,27,2,2,8,3.6,0,0,0,0,0,0,0,0,0,0,0,0,0,0,0,0,0
P457812,Juicy Tubes Original Lip Gloss,Lancôme,4.569,24.0,Makeup,Lip,17,1,0,3,4.9,0,0,0,0,0,0,0,0,0,0,0,0,0,0,0,0,0
P470041,"UV Expert Aquagel Defense Sunscreen, Primer & Moisturizer SPF 50 Duo",Lancôme,4.2383,65.0,Skincare,Value & Gift Sets,34,3,1,10,3.3,0,0,1,0,0,0,3,0,1,1,0,0,0,3,0,3,0
P375841,Advanced Génifique Yeux Light-Pearl Eye Serum,Lancôme,4.0968,80.0,Skincare,Eye Care,27,1,1,4,6.1,2,0,2,3,0,2,0,1,0,0,1,0,0,0,0,0,0
P244911,L'Absolu Rouge Cream Lipstick,Lancôme,4.5505,35.0,Makeup,Lip,43,7,7,28,3.5,0,0,0,0,0,0,0,0,0,0,0,0,0,0,0,0,0
P428823,SKIN FEELS GOOD Tinted Moisturizer with SPF 23,Lancôme,4.2722,37.0,Makeup,Face,27,3,2,11,4.1,1,0,1,0,0,0,0,0,1,2,0,0,0,0,0,0,0
P470536,Clarifique Exfoliating & Hydrating Face Essence with Glycolic Acid,Lancôme,4.643,95.0,Skincare,Moisturizers,28,4,3,15,4.6,1,2,3,1,4,4,0,0,5,3,0,2,0,3,0,1,4
P54419,DUAL FINISH – Multi-tasking Longwear Powder Foundation,Lancôme,4.3308,50.0,Makeup,Face,30,18,15,69,4.6,2,0,0,0,0,0,0,2,1,2,0,0,0,0,0,0,0
P244006,HYPNÔSE DRAMA Instant Full Body Volume Mascara,Lancôme,3.8518,33.0,Makeup,Eye,20,1,1,4,3.8,0,0,0,0,0,0,0,0,0,0,0,0,0,0,0,0,0
P472981,Advanced Génifique Wrinkle & Dark Circle Eye Cream,Lancôme,4.6133,79.0,Skincare,Eye Care,55,9,6,33,4.5,5,2,5,3,3,5,0,1,3,3,0,0,0,2,0,0,3
P479971,Rénergie H.C.F. Triple Serum: For Plumping & Anti-Aging,Lancôme,4.4419,140.0,Skincare,Treatments,53,8,7,31,4.3,1,0,2,2,0,2,2,1,2,1,1,0,0,2,0,2,1
P500706,Teint Idole Ultra Wear Care & Glow Foundation​ with Hyaluronic Acid,Lancôme,4.5373,57.0,Makeup,Face,51,8,8,32,5.0,0,1,3,1,1,1,0,0,2,2,0,0,0,1,0,0,1
P54443,ARTLINER Precision Felt-Tip Liquid Eyeliner,Lancôme,4.4306,31.0,Makeup,Eye,26,3,3,12,3.3,0,0,0,0,0,0,0,0,0,0,0,0,0,0,0,0,0
P468688,Teint Idole Ultra Wear 5-In-1 Foundation Stick,Lancôme,4.481,49.0,Makeup,Face,18,4,2,14,3.4,0,0,0,0,0,0,0,0,0,0,0,0,0,0,0,0,0
P502761,Advanced Génifique Night Cream with Triple Ceramide Complex,Lancôme,4.7127,95.0,Skincare,Moisturizers,46,8,6,30,4.7,3,2,5,3,3,4,0,1,3,2,0,0,0,2,0,0,3
P65300,Hypnôse Volumizing Mascara,Lancôme,4.3747,33.0,Makeup,Eye,30,3,3,12,3.2,0,0,0,0,0,0,0,0,0,0,0,0,0,0,0,0,0
P437230,L'Absolu Rouge Drama Matte Lipstick,Lancôme,4.7168,35.0,Makeup,Lip,50,7,7,28,3.9,0,0,0,1,0,0,0,0,0,0,0,0,0,0,0,0,0
P429440,Monsieur Big Waterproof Mascara,Lancôme,4.1268,30.0,Makeup,Eye,37,1,1,4,4.2,0,0,0,0,0,0,0,0,0,0,0,0,0,0,0,0,0
P219008,La Base Pro Perfecting and Smoothing Makeup Primer,Lancôme,4.3243,42.0,Makeup,Face,2,1,0,3,4.6,0,0,0,0,0,0,0,0,0,0,0,0,0,0,0,0,0
P217932,Crème Radiance Gentle Cleansing Creamy-Foam Cleanser,Lancôme,4.4416,34.0,Skincare,Cleansers,24,6,5,23,3.3,0,0,0,0,0,0,0,0,0,0,0,0,0,0,0,0,0
P54433,Le Lip Liner,Lancôme,4.5944,28.0,Makeup,Lip,25,5,4,19,3.5,0,0,0,0,0,1,0,0,0,0,0,0,0,0,0,0,1
P453826,Rénergie Lift Multi-Action Ultra Dark Spot Correcting Cream SPF 30,Lancôme,4.6909,135.0,Skincare,Moisturizers,52,7,6,27,4.8,1,0,2,1,0,1,2,1,1,1,0,0,0,2,0,2,0
P467630,Rénergie Lift Multi-Action Ultra Dark Circle Correcting Eye Cream,Lancôme,4.6376,82.0,Skincare,Eye Care,43,6,5,23,5.2,1,0,1,2,0,2,0,1,0,0,1,0,0,0,0,0,0
P262303,Hypnôse Drama Instant Full Body Volume Waterproof Mascara,Lancôme,3.8914,33.0,Makeup,Eye,20,1,1,4,3.9,0,0,0,0,0,0,0,0,0,0,0,0,0,0,0,0,0
P54444,LE STYLO WATERPROOF - Long Lasting Eyeliner,Lancôme,4.7253,28.0,Makeup,Eye,14,0,0,0,5.7,0,0,0,0,0,0,0,0,0,0,0,0,0,0,0,0,0
P54417,DÉFINICILS WATERPROOF - High Definition Mascara,Lancôme,4.1222,33.0,Makeup,Eye,29,4,4,16,2.9,0,0,0,0,0,0,0,0,0,0,0,0,0,0,0,0,0
P293302,HYPNÔSE DOLL LASHES Mascara,Lancôme,3.4726,33.0,Makeup,Eye,29,4,3,15,2.2,0,0,0,0,0,0,0,0,0,0,0,0,0,0,0,0,0
P481824,Idôle Ultra-Precise Felt Tip Liquid Eyeliner,Lancôme,4.4938,23.0,Makeup,Eye,19,2,2,8,3.8,0,0,0,0,0,0,0,0,0,0,0,0,0,0,0,0,0
P217931,Tonique Radiance Clarifying Refining Toner,Lancôme,4.103,31.0,Skincare,Cleansers,14,5,4,19,2.9,0,0,0,0,0,0,0,0,0,0,0,0,0,0,0,0,0
P433569,Fix It Forget It Setting Spray,Lancôme,4.3771,34.0,Makeup,Face,17,2,1,7,5.7,2,0,1,0,0,0,0,1,2,3,0,0,0,0,0,0,0
P474843,Absolue Soft Cream Revitalizing & Brightening Moisturizer,Lancôme,4.6763,150.0,Skincare,Moisturizers,55,6,6,24,5.2,1,0,2,1,0,2,0,1,1,1,0,0,0,0,0,0,1
P474844,Absolue Revitalizing Eye Cream,Lancôme,4.6094,135.0,Skincare,Eye Care,54,5,4,19,5.1,1,0,2,1,0,2,0,1,1,1,0,0,0,0,0,0,1
P482025,Absolue Rich Cream Moisturizer,Lancôme,4.8031,270.0,Skincare,Moisturizers,52,11,8,41,5.6,2,0,1,1,0,1,0,2,1,1,0,0,0,0,0,0,0
P430813,Advanced Génifique Hydrogel Melting Mask,Lancôme,4.0833,15.0,Skincare,Masks,39,8,7,31,4.9,2,0,3,4,0,3,0,2,0,1,0,0,0,0,0,0,0
P102813,HYPNOSE WATERPROOF - Custom Volume Mascara,Lancôme,3.949,33.0,Makeup,Eye,25,1,1,4,3.9,0,0,0,0,0,0,0,0,0,0,0,0,0,0,0,0,0
P481112,Lash Idôle Lash-Lifting & Volumizing Waterproof Mascara,Lancôme,3.5385,30.0,Makeup,Eye,21,1,1,4,3.4,0,0,0,0,0,0,0,0,0,0,0,0,0,0,0,0,0
P422428,Hydra Zen Anti-Stress Moisturizing Face Cream,Lancôme,4.2692,57.0,Skincare,Moisturizers,40,8,8,32,3.5,1,0,0,0,0,1,0,0,0,0,0,0,0,0,0,0,0
P500503,Le 8 Hypnôse Serum-Infused Volumizing Mascara,Lancôme,4.158,33.0,Makeup,Eye,45,1,1,4,6.2,5,0,1,0,0,2,0,0,1,6,0,0,0,0,0,0,0
P376135,Rénergie Lift Multi-Action Night Cream,Lancôme,4.3571,160.0,Skincare,Moisturizers,41,9,7,34,4.4,1,0,1,1,0,2,0,1,0,0,0,0,0,0,0,0,0
P398675,La Vie Est Belle Body Lotion,Lancôme,4.6667,52.0,Bath & Body,Body Moisturizers,41,15,14,59,4.0,1,0,0,0,0,0,0,1,1,1,0,0,1,0,1,0,0
P433461,Rose Sugar Scrub,Lancôme,3.8049,34.0,Skincare,Cleansers,19,2,2,8,4.2,1,1,2,1,1,1,0,0,2,2,0,1,0,1,0,1,1
P379009,Rénergie Lift Multi-Action Day Cream with SPF 15 - All Skin Types,Lancôme,3.8108,135.0,Skincare,Moisturizers,45,7,6,27,3.6,1,0,1,1,0,1,0,1,0,0,0,0,0,0,0,0,0
P403701,Mini HYPNÔSE DRAMA Mascara,Lancôme,3.8627,16.0,Makeup,Eye,19,3,3,12,2.6,0,0,0,0,0,0,0,0,0,0,0,0,0,0,0,0,0
P447607,Rose Milk Re-Hydrating Mist,Lancôme,3.5517,30.0,Skincare,Moisturizers,33,7,7,28,3.3,3,1,2,1,1,1,0,0,2,4,0,1,1,1,0,1,1
P447608,Rose Sorbet Cryo-Mask,Lancôme,3.5185,45.0,Skincare,Masks,21,1,1,4,4.4,3,1,2,1,1,1,0,1,2,4,0,1,2,1,0,1,1
P454029,Rènergie Lift Multi-Action Ultra Double-Wrapping Cream Face Mask,Lancôme,4.7222,68.0,Skincare,Masks,56,10,9,39,5.5,2,0,2,1,0,2,0,1,2,2,0,0,0,0,0,0,1
P502196,Priming Serum 24 Hour Hydrating Solid Smoothing Primer,Lancôme,4.6124,46.0,Makeup,Face,38,7,6,27,4.7,0,0,1,1,0,1,0,1,1,1,0,0,0,0,0,0,0
P438362,Tonique Confort Hydrating & Toning Duo,Lancôme,4.6667,49.0,Skincare,Value & Gift Sets,23,4,3,15,3.6,0,0,0,0,0,0,0,0,0,0,0,0,0,0,0,0,0
P451737,Advanced Génifique Face & Eye Serum Set,Lancôme,3.875,130.0,Skincare,Value & Gift Sets,41,4,4,16,4.4,2,0,2,3,1,3,0,1,1,0,1,0,0,0,0,0,1
P505452,Clarifique Pro-Solution Brightening & Dark Spot Reducing Serum,Lancôme,4.4,85.0,Skincare,Treatments,24,4,3,15,4.3,1,4,4,1,4,3,0,0,4,2,0,2,0,3,0,1,3
P502823,Absolue The Serum,Lancôme,3.5,270.0,Skincare,Treatments,41,7,6,27,3.4,3,2,5,2,2,3,0,1,3,3,0,0,0,2,0,0,2
P504465,Genifique Routine Set,Lancôme,4.2713,165.0,Skincare,Value & Gift Sets,87,11,8,41,3.2,5,2,5,3,3,5,0,1,3,3,0,0,0,2,0,0,3
P501751,Absolue Rose 80 Brightening Toner with Salicylic Acid,Lancôme,4.2713,120.0,Skincare,Cleansers,21,5,5,20,3.4,1,1,2,1,1,1,0,0,2,2,0,1,0,1,0,1,1
P505457,Eyes to Idolize Set,Lancôme,4.2713,32.0,Makeup,Eye,45,5,5,20,2.2,0,0,0,0,0,0,0,0,0,0,0,0,0,0,0,0,0
P505455,Glam Lashes on the Go Set,Lancôme,4.2713,32.0,Makeup,Eye,48,6,6,24,2.2,0,0,0,0,0,0,0,0,0,0,0,0,0,0,0,0,0
P481823,ash Idôle Waterproof Mascara,Lancôme,4.4611,30.0,Makeup,Eye,21,1,1,4,4.6,0,0,0,0,0,0,0,0,0,0,0,0,0,0,0,0,0
P420652,Lip Sleeping Mask Intense Hydration with Vitamin C,LANEIGE,4.3508,24.0,Skincare,Lip Balms & Treatments,34,0,0,0,5.2,0,0,0,0,1,1,0,0,1,0,0,1,0,1,0,0,1
P443563,Lip Glowy Balm,LANEIGE,4.3923,18.0,Skincare,Lip Balms & Treatments,36,0,0,0,5.3,0,0,0,0,0,0,0,0,0,0,0,0,0,0,0,0,0
P457508,Glowy Makeup Serum,LANEIGE,4.3589,32.0,Makeup,Face,53,1,1,4,6.4,4,0,1,2,0,2,0,0,0,4,0,0,0,0,0,0,0
P446930,Cream Skin Toner & Moisturizer,LANEIGE,4.4481,33.0,Skincare,Moisturizers,15,0,0,0,5.3,0,0,0,0,0,0,0,0,0,0,0,0,0,0,0,0,0
P454313,Cica Sleeping Mask,LANEIGE,4.6375,34.0,Skincare,Masks,28,1,0,3,5.8,1,0,0,0,0,0,0,1,1,1,0,0,0,0,0,0,0
P469490,Lip Treatment Balm,LANEIGE,4.2128,25.0,Skincare,Lip Balms & Treatments,32,1,0,3,6.1,3,1,2,1,1,3,0,2,2,2,0,0,0,1,0,0,1
P482693,Water Bank Blue Hyaluronic Cream Moisturizer,LANEIGE,3.9928,40.0,Skincare,Moisturizers,39,3,2,11,4.8,2,0,1,3,0,1,0,3,2,2,0,0,0,0,0,0,0
P466134,Radian-C Cream with Vitamin C,LANEIGE,4.4913,35.0,Skincare,Moisturizers,29,5,5,20,4.6,1,0,1,0,0,1,0,0,2,2,0,0,0,0,0,0,1
P479330,Water Sleeping Mask with Squalane,LANEIGE,4.3623,32.0,Skincare,Masks,33,5,4,19,5.2,3,0,1,2,1,0,0,2,3,3,0,0,0,0,0,0,0
P482692,Water Bank Blue Hyaluronic Serum,LANEIGE,4.7355,45.0,Skincare,Treatments,30,4,3,15,5.7,2,0,1,2,0,0,0,2,2,2,0,0,0,0,0,0,0
P460514,Cream Skin Milk Oil Cleanser,LANEIGE,4.3729,34.0,Skincare,Cleansers,29,1,1,4,5.0,0,0,1,0,0,0,0,0,1,1,0,0,0,0,0,0,0
P460513,Cream Skin Mist,LANEIGE,4.5739,27.0,Skincare,Moisturizers,15,0,0,0,5.5,0,0,0,0,0,0,0,0,0,0,0,0,0,0,0,0,0
P503867,Retinol Firming Cream Treatment with Peptides + Hyaluronic Acid,LANEIGE,4.5728,39.0,Skincare,Treatments,54,3,3,12,4.5,1,1,1,1,3,5,0,1,4,2,0,1,0,2,0,1,3
P501030,Radian-C Brightening Treatment Essence,LANEIGE,4.6995,39.0,Skincare,Moisturizers,18,1,1,4,5.4,0,0,0,1,0,1,0,0,1,0,1,0,0,0,0,0,1
P504212,Berries n' Choco Kisses Set,LANEIGE,4.5954,26.0,Skincare,Value & Gift Sets,53,1,1,4,4.7,0,0,0,0,1,1,0,0,1,0,0,1,0,1,0,0,1
P482695,Water Bank Blue Hyaluronic Gel Moisturizer,LANEIGE,4.0473,40.0,Skincare,Moisturizers,24,2,2,8,3.3,0,0,0,0,0,0,0,0,0,0,0,0,0,0,0,0,0
P481825,Hydro UV Defense Sunscreen Broad Spectrum SPF 50+,LANEIGE,4.2583,30.0,Skincare,Sunscreen,58,14,12,54,4.3,0,0,1,1,1,1,0,0,2,1,0,0,0,0,0,0,1
P482696,Water Bank Blue Hyaluronic Eye Cream,LANEIGE,4.5385,43.0,Skincare,Eye Care,53,3,3,12,4.8,1,0,0,2,0,0,0,1,1,1,1,0,0,0,0,0,0
P484055,Water Bank Blue Hyaluronic Hydration Set,LANEIGE,4.0192,45.0,Skincare,Value & Gift Sets,82,8,7,31,4.8,2,0,1,4,0,1,0,3,2,2,1,0,0,0,0,0,0
P459116,Mini Cream Skin Toner & Moisturizer,LANEIGE,4.3077,15.0,Skincare,Mini Size,15,0,0,0,5.2,0,0,0,0,0,0,0,0,0,0,0,0,0,0,0,0,0
P504208,Midnight to Morning Hydration Set,LANEIGE,4.2632,21.0,Skincare,Value & Gift Sets,76,5,4,19,4.5,3,0,1,2,2,1,0,2,4,3,0,1,0,1,0,0,1
P482694,Mini Water Bank Blue Hyaluronic Cream Moisturizer,LANEIGE,3.5135,23.0,Skincare,Moisturizers,39,3,2,11,4.2,2,0,1,3,0,1,0,3,2,2,0,0,0,0,0,0,0
P500982,Water Bank Cleansing Foam,LANEIGE,3.9286,25.0,Skincare,Cleansers,42,5,4,19,3.7,1,1,1,0,1,1,0,0,1,1,0,0,0,1,0,0,1
P503868,BTS |  Amorepacific Lip Sleeping Mask Lip & Pop Edition Set,LANEIGE,4.3636,35.0,Skincare,Value & Gift Sets,63,4,4,16,4.4,1,0,1,2,2,2,0,1,4,2,0,1,0,1,0,0,2
P482698,Water Bank Blue Hyaluronic Exfoliating Toner,LANEIGE,4.4118,31.0,Skincare,Cleansers,21,0,0,0,7.1,2,1,1,0,1,1,0,0,1,2,0,0,0,0,0,0,0
P482697,Water Bank Blue Hyaluronic Revitalizing Toner,LANEIGE,4.0,31.0,Skincare,Cleansers,22,2,2,8,4.6,1,0,1,2,0,0,0,1,1,1,0,0,0,0,0,0,0
P503934,Besties Set,LANEIGE,3.6667,35.0,Skincare,Value & Gift Sets,122,12,10,46,3.4,4,1,2,3,3,3,0,3,5,4,0,1,0,2,0,0,2
P109908,Translucent Loose Setting Powder,Laura Mercier,4.5029,43.0,Makeup,Face,17,1,1,4,4.6,0,0,0,0,0,1,0,0,0,0,0,0,0,0,0,0,1
P293605,Caviar Stick Eye Shadow,Laura Mercier,4.4293,32.0,Makeup,Eye,24,1,0,3,6.1,1,0,1,0,0,1,0,1,2,2,0,0,0,0,0,0,1
P109936,Tinted Moisturizer Natural Skin Perfector Broad Spectrum SPF 30,Laura Mercier,4.0333,53.0,Makeup,Face,39,5,4,19,4.2,2,0,1,0,0,0,0,0,1,3,0,0,0,0,0,0,0
P140906,Tinted Moisturizer Oil Free Natural Skin Perfector Broad Spectrum SPF 20,Laura Mercier,4.3113,53.0,Makeup,Face,27,2,0,6,4.6,1,0,0,0,0,0,1,1,1,1,0,0,0,1,0,1,0
P379031,Matte Radiance Baked Powder Compact,Laura Mercier,4.5837,48.0,Makeup,Face,29,2,2,8,3.9,0,0,0,0,0,0,0,0,0,0,0,0,0,0,0,0,0
P433131,Blush Color Infusion,Laura Mercier,4.6951,36.0,Makeup,Cheek,14,1,1,4,4.8,0,0,0,0,0,0,0,0,0,0,0,0,0,0,0,0,0
P109911,Secret Brightening Powder for Under Eyes,Laura Mercier,4.2645,33.0,Makeup,Face,23,1,1,4,4.3,0,0,0,0,1,1,0,0,1,0,0,1,0,1,0,0,1
P429050,Flawless Fusion Ultra Longwear Concealer,Laura Mercier,4.4189,33.0,Makeup,Face,33,5,2,17,4.7,1,0,0,1,1,1,0,1,2,1,0,0,0,0,0,0,1
P500622,Ultra-Blur Talc-Free Translucent Loose Setting Powder,Laura Mercier,4.5471,48.0,Makeup,Face,17,1,0,3,4.9,0,0,0,0,0,0,0,0,0,0,0,0,0,0,0,0,0
P440268,Flawless Lumière Radiance-Perfecting Foundation,Laura Mercier,4.212,49.0,Makeup,Face,44,5,4,19,4.1,0,0,0,1,2,2,0,0,2,0,0,0,0,0,0,0,2
P109931,Secret Camouflage Concealer,Laura Mercier,4.1251,38.0,Makeup,Face,28,1,1,4,4.0,0,0,0,0,0,2,0,0,0,0,0,0,0,0,0,1,2
P109906,Lip Glacé Lip Gloss,Laura Mercier,4.552,29.0,Makeup,Lip,36,0,0,0,5.5,0,0,0,0,0,0,0,0,0,0,0,0,0,0,0,0,0
P473319,Caviar Stick Eye Shadow - Roseglow Collection,Laura Mercier,4.5185,32.0,Makeup,Eye,20,1,0,3,6.2,1,0,1,0,0,1,0,1,2,2,0,0,0,0,0,0,1
P109927,Eye Basics Primer,Laura Mercier,4.3261,28.0,Makeup,Eye,28,1,1,4,4.2,0,0,0,0,0,2,0,0,0,0,0,0,0,0,0,1,2
P414034,Candleglow Sheer Perfecting Powder,Laura Mercier,4.0993,39.0,Makeup,Face,19,1,1,4,4.1,0,0,0,0,1,1,0,0,1,0,0,1,0,1,0,0,1
P427041,Velour Extreme Matte Lipstick,Laura Mercier,4.4915,32.0,Makeup,Lip,16,0,0,0,5.4,0,0,0,0,0,0,0,0,0,0,0,0,0,0,0,0,0
P381714,Smooth Finish Foundation Powder,Laura Mercier,4.2029,52.0,Makeup,Face,24,1,1,4,4.2,0,0,0,0,0,1,0,0,0,0,0,0,0,0,0,0,1
P482286,Tinted Moisturizer Blush,Laura Mercier,4.369,30.0,Makeup,Cheek,40,2,1,7,5.0,1,0,0,0,1,1,0,1,2,1,0,0,0,0,0,0,1
P467957,Secret Camouflage Correct and Brighten Concealer Duo Stick,Laura Mercier,4.2718,36.0,Makeup,Face,41,1,0,3,6.5,3,0,0,0,0,0,0,3,3,3,0,0,0,0,0,0,0
P443744,Rouge Essentiel Silky Cream Lipstick,Laura Mercier,4.2411,38.0,Makeup,Lip,27,1,1,4,4.7,1,0,0,0,0,1,0,0,0,0,0,0,0,0,0,0,0
P454942,Pure Canvas Primer - Hydrating,Laura Mercier,4.4964,47.0,Makeup,Face,28,6,4,22,5.2,2,0,1,0,0,0,0,1,2,3,0,0,0,0,0,0,0
P480180,Jumbo Translucent Loose Setting Powder & Velour Puff,Laura Mercier,4.3571,49.0,Makeup,Face,19,1,1,4,4.4,0,0,0,0,0,1,0,0,0,0,0,0,0,0,0,0,1
P285323,Tightline Cake Eye Liner,Laura Mercier,4.2701,28.0,Makeup,Eye,21,1,1,4,4.3,0,0,0,0,0,1,0,0,0,0,0,0,0,0,0,0,1
P433852,Translucent Loose Setting Powder - Glow Finish,Laura Mercier,4.4055,24.0,Makeup,Face,17,1,1,4,4.5,0,0,0,0,0,0,0,0,0,0,0,0,0,0,0,0,0
P380667,Almond Coconut Soufflé Body Crème,Laura Mercier,3.8969,72.0,Bath & Body,Body Moisturizers,46,4,3,15,3.3,1,0,0,0,0,2,0,1,1,1,0,0,0,0,0,1,2
P433850,Translucent Pressed Setting Powder,Laura Mercier,4.2237,42.0,Makeup,Face,11,1,1,4,4.3,0,0,0,0,0,0,0,0,0,0,0,0,0,0,0,0,0
P501817,Mini RoseGlow Caviar Stick Eyeshadow Trio,Laura Mercier,4.2667,29.0,Makeup,Eye,20,1,0,3,5.9,1,0,1,0,0,1,0,1,2,2,0,0,0,0,0,0,1
P454941,Pure Canvas Primer - Blurring,Laura Mercier,4.1382,47.0,Makeup,Face,20,2,1,7,4.8,2,0,0,0,0,1,0,1,1,1,0,0,0,0,0,0,0
P453906,Mini Pure Canvas Primer - Hydrating,Laura Mercier,4.3521,25.0,Makeup,Face,28,6,4,22,5.0,2,0,1,0,0,0,0,1,2,3,0,0,0,0,0,0,0
P501504,Petal Soft Lipstick Crayon,Laura Mercier,4.3614,32.0,Makeup,Lip,29,1,1,4,4.8,0,0,0,0,1,1,0,0,1,0,0,0,0,0,0,0,1
P500437,RoseGlow Blush Color Infusion,Laura Mercier,4.625,36.0,Makeup,Cheek,18,1,1,4,4.8,0,0,0,0,0,0,0,0,0,0,0,0,0,0,0,0,0
P454943,Pure Canvas Primer - Illuminating,Laura Mercier,3.7105,47.0,Makeup,Face,29,2,1,7,4.3,2,0,0,0,0,2,0,1,1,1,0,0,0,0,0,0,1
P255110,Smooth Focus Pressed Setting Powder - Shine Control,Laura Mercier,3.9908,39.0,Makeup,Face,21,0,0,0,4.8,0,0,0,0,0,1,0,0,0,0,0,0,0,0,0,0,1
P109941,Kohl Eye Pencil,Laura Mercier,4.3006,28.0,Makeup,Eye,16,0,0,0,6.0,1,0,0,0,0,1,0,1,1,1,0,0,0,0,0,0,1
P443743,Longwear Lip Liner,Laura Mercier,2.9143,28.0,Makeup,Lip,13,1,1,4,2.7,0,0,0,0,0,0,0,0,0,0,0,0,0,0,0,0,0
P454946,Mini Pure Canvas Primer - Blurring,Laura Mercier,3.0505,25.0,Makeup,Face,20,2,1,7,3.5,2,0,0,0,0,1,0,1,1,1,0,0,0,0,0,0,0
P380664,Crème Brûlée Soufflé Body Crème,Laura Mercier,3.5152,72.0,Bath & Body,Body Moisturizers,67,8,5,29,3.8,4,0,0,2,0,2,0,5,3,4,1,0,0,0,0,1,1
P479972,Tinted Moisturizer Light Revealer Natural Skin Illuminator Broad Spectrum SPF 25,Laura Mercier,4.2297,53.0,Makeup,Face,34,2,2,8,4.5,2,0,1,0,1,2,2,0,2,2,0,0,0,2,0,2,1
P504012,Real Flawless Weightless Perfecting Foundation,Laura Mercier,4.1,48.0,Makeup,Face,20,0,0,0,4.9,0,0,0,0,0,0,0,0,0,0,0,0,0,0,0,0,0
P109943,Eyebrow Pencil,Laura Mercier,4.2556,28.0,Makeup,Eye,17,0,0,0,6.5,1,0,1,0,0,1,0,1,2,2,0,0,0,0,0,0,1
P502987,Translucent Loose Setting Powder – Pink Tone-Up for Brightening,Laura Mercier,4.8889,43.0,Makeup,Face,18,1,1,4,5.1,0,0,0,0,0,1,0,0,0,0,0,0,0,0,0,0,1
P467956,Mini Pure Canvas Primer Illuminating,Laura Mercier,3.6429,25.0,Makeup,Face,30,2,1,7,4.2,2,0,0,0,0,2,0,1,1,1,0,0,0,0,0,0,1
P504190,Tinted Moisturizer Bronzer,Laura Mercier,2.7692,30.0,Makeup,Cheek,33,2,1,7,3.7,1,0,1,0,1,1,0,1,3,2,0,0,0,0,0,0,1
P500414,RoseGlow Highlighting Powder,Laura Mercier,4.0,36.0,Makeup,Face,14,1,1,4,4.0,0,0,0,0,0,0,0,0,0,0,0,0,0,0,0,0,0
P483668,Translucent Pure Setting Spray 16HR,Laura Mercier,3.4408,40.0,Makeup,Face,12,1,1,4,3.3,0,0,0,0,0,0,0,0,0,0,0,0,0,0,0,0,0
P483669,Mini Translucent Pure Setting Spray 16HR,Laura Mercier,1.7727,21.0,Makeup,Face,12,1,1,4,1.3,0,0,0,0,0,0,0,0,0,0,0,0,0,0,0,0,0
P468175,Forget The Filler Lip Plumper Line Smoothing Gloss,LAWLESS,4.0823,26.0,Makeup,Lip,30,0,0,0,5.1,0,0,0,0,0,1,0,0,0,0,0,0,0,0,0,0,0
P480326,Forget The Filler Overnight Lip Plumping Mask,LAWLESS,4.4308,22.0,Makeup,Lip,49,2,1,7,5.5,1,1,2,0,1,2,0,0,2,2,0,0,0,1,0,0,1
P504609,Forget the Filler Lip-Plumping Line-Smoothing Tinted Lip Balm,LAWLESS,4.3879,26.0,Makeup,Lip,37,2,0,6,5.3,1,1,1,0,1,2,0,0,1,1,0,0,0,1,0,0,1
P450514,Mini The Little One Talc-Free Eyeshadow Palette,LAWLESS,4.166,27.0,Makeup,Eye,44,1,1,4,4.2,0,0,0,0,0,0,0,0,0,0,0,0,0,0,0,0,0
P460814,Make Me Blush Talc-Free Velvet Blush,LAWLESS,4.745,29.0,Makeup,Cheek,16,1,0,3,5.9,1,0,0,0,0,0,0,1,1,1,0,0,0,0,0,0,0
P439204,The One Talc-Free Eyeshadow Palette,LAWLESS,3.8482,64.0,Makeup,Eye,61,1,1,4,3.8,0,0,0,0,0,0,0,0,0,0,0,0,0,0,0,0,0
P454981,Satin Luxe Classic Cream Lipstick,LAWLESS,3.7042,28.0,Makeup,Lip,18,0,0,0,4.4,0,0,0,0,0,0,0,0,0,0,0,0,0,0,0,0,0
P482699,Conseal The Deal Lightweight Full Coverage Concealer with Caffeine,LAWLESS,4.5812,26.0,Makeup,Face,36,2,2,8,5.7,2,0,1,3,0,1,0,2,3,3,1,0,0,0,0,0,1
P475128,Conseal The Deal Long-Wear Full-Coverage Foundation,LAWLESS,4.2183,39.0,Makeup,Face,29,3,2,11,4.3,1,0,0,2,0,0,0,1,1,1,0,0,0,0,0,0,0
P468455,Forget The Filler Definer Lip Liner,LAWLESS,4.5049,21.0,Makeup,Lip,20,0,0,0,6.2,1,0,0,0,0,1,0,1,1,1,0,0,0,0,0,0,1
P435713,Seal The Deal Talc-Free Loose Setting Powder,LAWLESS,4.0977,36.0,Makeup,Face,6,0,0,0,4.9,0,0,0,0,0,0,0,0,0,0,0,0,0,0,0,0,0
P458546,Set The Stage Hydrating Primer Serum,LAWLESS,4.5976,32.0,Skincare,Treatments,28,0,0,0,6.5,1,0,0,0,0,1,0,1,1,1,0,0,0,0,0,0,0
P449098,Summer Skin Talc-Free Velvet Matte Bronzer,LAWLESS,4.45,38.0,Makeup,Cheek,8,0,0,0,5.3,0,0,0,0,0,0,0,0,0,0,0,0,0,0,0,0,0
P502170,Hold Up Soft Set Creamy Eyebrow Wax,LAWLESS,4.7289,21.0,Makeup,Eye,27,1,1,4,5.5,1,0,0,0,0,1,0,0,0,1,0,0,0,0,0,0,0
P475127,Glam Guard Long-Wear Setting Spray,LAWLESS,4.3257,20.0,Makeup,Face,16,4,4,16,3.2,0,0,0,0,0,0,0,0,0,0,0,0,0,0,0,0,0
P472317,The One & Done Volumizing Mascara,LAWLESS,4.1337,25.0,Makeup,Eye,20,2,2,8,3.4,0,0,0,0,0,0,0,0,0,0,0,0,0,0,0,0,0
P502178,Shape Up Soft Fill Eyebrow Pencil,LAWLESS,4.6968,21.0,Makeup,Eye,13,0,0,0,5.6,0,0,0,0,0,0,0,0,0,0,0,0,0,0,0,0,0
P464265,Satin Luxe Classic Cream Lipstick - Baby,LAWLESS,5.0,28.0,Makeup,Lip,18,0,0,0,6.0,0,0,0,0,0,0,0,0,0,0,0,0,0,0,0,0,0
P505251,The Lavender One Talc-Free Eyeshadow Palette,LAWLESS,4.2713,27.0,Makeup,Eye,27,0,0,0,4.2,0,0,0,0,0,0,0,0,0,0,0,0,0,0,0,0,0
P450886,Mini Lovingly Lip Tinted Lip Oil Duo,lilah b.,4.0556,22.0,Makeup,Lip,25,0,0,0,4.9,0,0,0,0,0,0,0,0,0,0,0,0,0,0,0,0,0
P421444,Divine Duo Lip & Cheek Blush,lilah b.,3.9048,46.0,Makeup,Lip,31,1,1,4,3.9,0,0,0,0,0,0,0,0,0,0,0,0,0,0,0,0,0
P472318,Lovingly Lip Hyaluronic Treatment Oil,lilah b.,4.4242,30.0,Makeup,Lip,14,0,0,0,5.3,0,0,0,0,0,0,0,0,0,0,0,0,0,0,0,0,0
P421441,Aglow Hydrating + Setting Face Mist,lilah b.,4.1987,48.0,Makeup,Face,22,1,1,4,4.8,0,0,1,0,0,0,0,0,1,1,0,0,0,0,0,0,0
P427722,Glisten + Glow Highlighting Skin Illuminator,lilah b.,4.4722,32.0,Makeup,Face,31,0,0,0,5.8,1,0,0,0,0,1,0,0,0,0,0,0,0,0,0,0,0
P421448,Virtuous Veil Concealer + Skin Perfector,lilah b.,3.9464,38.0,Makeup,Face,27,1,1,4,3.9,0,0,0,0,0,0,0,0,0,0,0,0,0,0,0,0,0
P421445,Flawless Finish Pressed Setting Powder,lilah b.,3.8667,48.0,Makeup,Face,22,1,1,4,3.8,0,0,0,0,0,0,0,0,0,0,0,0,0,0,0,0,0
P434534,Marvelous Matte Crème Foundation,lilah b.,3.975,54.0,Makeup,Face,24,0,0,0,4.8,0,0,0,0,0,0,0,0,0,0,0,0,0,0,0,0,0
P454770,Aglow Priming Oil Serum,lilah b.,4.1316,68.0,Makeup,Face,23,3,3,12,3.6,0,0,1,0,0,0,0,0,1,1,0,0,0,0,0,0,0
P476419,Aglow Golden Priming Oil,lilah b.,4.6207,68.0,Makeup,Face,28,3,2,11,4.1,0,0,1,0,0,0,0,0,1,1,0,0,0,0,0,0,0
P451888,Glisten & Glow Skin Illuminator- Mini,lilah b.,3.8846,32.0,Makeup,Face,31,0,0,0,5.1,1,0,0,0,0,1,0,0,0,0,0,0,0,0,0,0,0
P471255,Lilly Lashes 3D Faux Mink Lashes,Lilly Lashes,4.5734,28.0,Makeup,Eye,2,0,0,0,5.5,0,0,0,0,0,0,0,0,0,0,0,0,0,0,0,0,0
P465812,Power Liner - Eyeliner and Lash Adhesive Hybrid,Lilly Lashes,4.0803,20.0,Makeup,Eye,10,1,1,4,4.1,0,0,0,0,0,0,0,0,0,0,0,0,0,0,0,0,0
P479331,Click Magnetic Faux Mink Eyelashes,Lilly Lashes,2.8889,30.0,Makeup,Eye,1,0,0,0,3.5,0,0,0,0,0,0,0,0,0,0,0,0,0,0,0,0,0
P501299,Click Magnetic Faux Mink False Lash Collection,Lilly Lashes,4.3157,30.0,Makeup,Eye,1,0,0,0,5.2,0,0,0,0,0,0,0,0,0,0,0,0,0,0,0,0,0
P504914,3D Faux Mink Butterfl'eye Half Eyelashes,Lilly Lashes,4.0,20.0,Makeup,Eye,1,0,0,0,4.8,0,0,0,0,0,0,0,0,0,0,0,0,0,0,0,0,0
P502057,Click Magnetic Collection Starter Kit—Bestie,Lilly Lashes,1.875,35.0,Makeup,Eye,10,1,1,4,1.4,0,0,0,0,0,0,0,0,0,0,0,0,0,0,0,0,0
P481826,Click Magnetic Value Set,Lilly Lashes,4.3333,35.0,Makeup,Value & Gift Sets,1,0,0,0,5.2,0,0,0,0,0,0,0,0,0,0,0,0,0,0,0,0,0
P502413,Level Up Lash Serum Value Set,Lilly Lashes,4.2713,48.0,Makeup,Eye,49,3,3,12,3.8,12,1,1,1,2,7,0,1,3,12,0,0,0,0,0,1,1
P501302,Lilly Lashes Click Magnetic Felt Tip Eyeliner,Lilly Lashes,4.3699,26.0,Makeup,Eye,9,1,1,4,4.4,0,0,0,0,0,0,0,0,0,0,0,0,0,0,0,0,0
P479332,Click Magnetic Liquid Eyeliner,Lilly Lashes,2.5,34.0,Makeup,Eye,9,1,1,4,2.2,0,0,0,0,0,0,0,0,0,0,0,0,0,0,0,0,0
P501247,Level Up Lash Conditioning Serum,Lilly Lashes,3.9502,48.0,Makeup,Eye,49,3,3,12,4.3,12,1,1,1,2,7,0,1,3,12,0,0,0,0,0,1,1
P468384,Higher Standard Satin Matte Cream Blush,LYS Beauty,4.7471,18.0,Makeup,Cheek,28,0,0,0,6.5,1,0,0,0,0,0,0,1,1,1,0,0,0,0,0,0,0
P468380,Triple Fix Serum Foundation,LYS Beauty,4.3079,24.0,Makeup,Face,28,1,1,4,4.4,0,0,0,0,0,0,0,0,0,0,0,0,0,0,0,0,0
P500123,No Limits Cream Bronzer and Contour Stick,LYS Beauty,4.5256,20.0,Makeup,Cheek,20,0,0,0,5.4,0,0,0,0,0,0,0,0,0,0,0,0,0,0,0,0,0
P480618,Triple Fix Brightening Concealer,LYS Beauty,4.3865,19.0,Makeup,Face,35,3,1,10,4.9,2,0,0,0,0,0,0,2,2,2,0,0,0,0,0,0,0
P468383,No Limits Matte Bronzer,LYS Beauty,4.5248,19.0,Makeup,Cheek,18,0,0,0,5.4,0,0,0,0,0,0,0,0,0,0,0,0,0,0,0,0,0
P468382,Triple Fix Setting Powder,LYS Beauty,4.2093,19.0,Makeup,Face,16,0,0,0,5.1,0,0,0,0,0,0,0,0,0,0,0,0,0,0,0,0,0
P468385,Speak Love Glossy Lip Treatment Oil,LYS Beauty,4.5556,12.0,Makeup,Lip,25,0,0,0,5.5,0,0,0,0,0,0,0,0,0,0,0,0,0,0,0,0,0
P503938,Speak Love Moisture Matte Lipstick,LYS Beauty,4.6825,20.0,Makeup,Lip,29,0,0,0,5.8,0,0,0,0,0,1,0,0,0,0,0,0,0,0,0,0,0
P477199,Aim High Pressed Highlighter Powder,LYS Beauty,4.4348,19.0,Makeup,Face,16,0,0,0,5.3,0,0,0,0,0,0,0,0,0,0,0,0,0,0,0,0,0
P468381,Secure Skin Gripping Serum Primer,LYS Beauty,3.6842,20.0,Makeup,Face,16,4,1,13,2.4,0,0,0,0,0,0,0,0,0,0,0,0,0,0,0,0,0
P503895,Speak Love Lip Liner Pencil,LYS Beauty,4.8857,15.0,Makeup,Lip,15,0,0,0,5.9,0,0,0,0,0,0,0,0,0,0,0,0,0,0,0,0,0
P476884,Aim High Multi-Use Liquid Highlighter,LYS Beauty,4.5278,19.0,Makeup,Face,14,1,1,4,4.6,0,0,0,0,0,0,0,0,0,0,0,0,0,0,0,0,0
P505047,High Performance Face Serum with Vitamin C and Hyaluronic Acid,MACRENE actives,4.9268,195.0,Skincare,Treatments,61,3,2,11,5.7,12,0,1,3,1,5,0,3,4,13,1,0,0,0,0,0,1
P505140,Plumping High Performance Lip Filler with Hyaluronic Acid,MACRENE actives,4.7692,95.0,Skincare,Lip Balms & Treatments,29,2,0,6,5.3,1,0,0,0,0,0,0,1,1,1,0,0,0,0,0,0,0
P505142,High Performance Eye Cream for Dark Circles with Hyaluronic Acid,MACRENE actives,4.8947,135.0,Skincare,Eye Care,47,4,3,15,5.9,13,1,1,3,1,5,0,3,3,13,1,0,0,0,0,0,0
P505131,Moisturizing High Performance Face Cream with Peptides,MACRENE actives,4.9333,225.0,Skincare,Moisturizers,61,2,1,7,6.3,15,0,1,4,2,7,0,4,5,15,1,0,0,0,0,0,1
P505133,High Performance Face Cleanser for Clear Skin with Niacinamide,MACRENE actives,4.9231,85.0,Skincare,Cleansers,29,2,2,8,5.3,1,0,1,0,0,0,0,0,1,2,0,0,0,0,0,0,0
P464785,No.04 Bois de Balincourt Deodorant,Maison Louis Marie,3.9649,20.0,Bath & Body,Body Care,19,2,1,7,4.4,1,1,1,0,1,1,0,0,1,1,0,0,0,1,0,0,1
P473847,No.09 Vallée de Farney Perfume Oil Rollerball,Maison Louis Marie,4.125,16.0,Bath & Body,Body Moisturizers,14,10,10,40,3.0,0,0,0,0,0,0,0,0,0,0,0,0,0,0,0,0,0
P431164,No.02 Le Long Fond Perfume Oil,Maison Louis Marie,4.45,65.0,Bath & Body,Body Moisturizers,9,5,5,20,3.3,0,0,0,0,0,0,0,0,0,0,0,0,0,0,0,0,0
P431165,No.05 Kandilli Candle,Maison Louis Marie,4.2143,38.0,Bath & Body,Candles & Home Scents,2,0,0,0,5.1,0,0,0,0,0,0,0,0,0,0,0,0,0,0,0,0,0
P431167,No.09 Vallée de Farney Perfume Oil,Maison Louis Marie,4.1111,65.0,Bath & Body,Body Moisturizers,14,10,10,40,2.9,0,0,0,0,0,0,0,0,0,0,0,0,0,0,0,0,0
P473845,No.02 Le Long Fond Perfume Oil Rollerball,Maison Louis Marie,3.2727,16.0,Bath & Body,Body Moisturizers,9,5,5,20,1.9,0,0,0,0,0,0,0,0,0,0,0,0,0,0,0,0,0
P447753,No.03 L'Etang Noir Perfume Oil,Maison Louis Marie,4.1724,65.0,Bath & Body,Body Moisturizers,82,12,11,47,5.0,5,0,2,1,0,2,0,2,3,4,0,0,0,0,0,0,0
P431166,No.05 Kandilli Perfume Oil,Maison Louis Marie,3.5455,65.0,Bath & Body,Body Moisturizers,16,12,12,48,2.3,0,0,0,0,0,0,0,0,0,0,0,0,0,0,0,0,0
P431158,Antidris Cassis Perfume Oil,Maison Louis Marie,3.8824,65.0,Bath & Body,Body Moisturizers,23,0,0,0,4.7,0,0,0,0,0,0,0,0,0,0,0,0,0,0,0,0,0
P467032,No.04 Bois de Balincourt Body and Hand Wash,Maison Louis Marie,3.6,29.0,Bath & Body,Bath & Shower,40,8,7,31,2.9,0,0,1,0,0,0,0,0,1,1,0,0,0,0,0,0,0
P467256,No.12 Bousval Perfume Oil,Maison Louis Marie,4.2727,65.0,Bath & Body,Body Moisturizers,41,1,0,3,5.7,2,1,1,0,1,2,0,1,2,2,0,0,0,1,0,1,2
P430969,"Artist Color Pencil Brow, Eye & Lip Liner",MAKE UP FOR EVER,4.2698,22.0,Makeup,Eye,24,3,3,12,3.1,0,0,0,0,0,1,0,0,0,0,0,0,0,0,0,0,1
P427647,Artist Color Eye Shadow,MAKE UP FOR EVER,4.2577,19.0,Makeup,Eye,25,2,2,8,3.5,0,0,0,0,0,0,0,0,0,0,0,0,0,0,0,0,0
P479712,HD Skin Undetectable Longwear Foundation,MAKE UP FOR EVER,4.0891,45.0,Makeup,Face,35,3,3,12,3.9,1,0,1,0,0,0,0,0,1,2,0,0,0,0,0,0,0
P398775,Ultra HD Invisible Cover Stick Foundation,MAKE UP FOR EVER,4.033,43.0,Makeup,Face,32,2,2,8,3.8,0,0,1,0,0,0,0,0,1,1,0,0,0,0,0,0,0
P183919,Aqua Lip Waterproof Lipliner Pencil,MAKE UP FOR EVER,4.4419,22.0,Makeup,Lip,17,2,1,7,3.9,0,0,0,0,0,1,0,0,0,0,0,0,0,0,0,0,1
P421281,"Artist Face Color Highlight, Sculpt and Blush Powder",MAKE UP FOR EVER,4.5547,25.0,Makeup,Face,24,5,4,19,3.5,0,0,0,0,0,0,0,0,0,0,0,0,0,0,0,0,0
P439652,Ultra HD Self-Setting Medium Coverage Concealer,MAKE UP FOR EVER,4.2324,30.0,Makeup,Face,45,3,3,12,4.1,1,0,1,0,0,1,0,0,1,1,0,0,0,0,0,0,0
P415958,Star Lit Powder,MAKE UP FOR EVER,4.5889,21.0,Makeup,Face,14,2,2,8,3.9,0,0,0,0,0,0,0,0,0,0,0,0,0,0,0,0,0
P454035,Reboot Active Care Revitalizing Foundation,MAKE UP FOR EVER,4.1626,42.0,Makeup,Face,50,11,9,42,3.6,1,0,0,1,0,1,0,0,0,0,0,0,0,0,0,0,0
P434023,Matte Velvet Skin Full Coverage Foundation,MAKE UP FOR EVER,3.8216,40.0,Makeup,Face,40,8,6,30,2.8,0,0,0,1,0,0,0,0,0,0,0,0,0,0,0,0,0
P462883,Rouge Artist Lipstick,MAKE UP FOR EVER,4.4403,25.0,Makeup,Lip,33,6,4,22,4.9,4,1,2,0,1,2,0,2,4,4,0,0,0,1,0,0,1
P437364,Star Lit Diamond Powder,MAKE UP FOR EVER,4.4359,26.0,Makeup,Eye,5,0,0,0,5.3,0,0,0,0,0,0,0,0,0,0,0,0,0,0,0,0,0
P460730,Aqua Resist Color Pencil Eyeliner,MAKE UP FOR EVER,4.1205,24.0,Makeup,Eye,25,1,1,4,4.1,0,0,0,0,0,0,0,0,0,0,0,0,0,0,0,0,0
P417171,Ultra HD Microfinishing Pressed Powder,MAKE UP FOR EVER,3.9823,39.0,Makeup,Face,15,1,1,4,4.0,0,0,0,0,0,0,0,0,0,0,0,0,0,0,0,0,0
P379925,Smoky Extravagant Mascara,MAKE UP FOR EVER,4.0931,25.0,Makeup,Eye,23,1,1,4,4.9,2,0,0,0,0,1,0,0,0,1,0,0,0,0,0,0,0
P460729,Matte Velvet Skin High Coverage Multi-Use Concealer,MAKE UP FOR EVER,4.3733,30.0,Makeup,Face,30,4,4,16,3.2,0,0,0,0,0,0,0,0,0,0,0,0,0,0,0,0,0
P417172,Ultra HD Microfinishing Loose Powder,MAKE UP FOR EVER,3.7262,39.0,Makeup,Face,3,0,0,0,4.5,0,0,0,0,0,0,0,0,0,0,0,0,0,0,0,0,0
P500323,Mini HD Skin Undetectable Longwear Foundation,MAKE UP FOR EVER,3.8684,22.0,Makeup,Face,35,3,3,12,3.6,1,0,1,0,0,0,0,0,1,2,0,0,0,0,0,0,0
P504432,HD Skin Matte Velvet Undetectable Longwear Blurring Powder Foundation,MAKE UP FOR EVER,4.3464,43.0,Makeup,Face,20,1,1,4,4.4,0,0,0,0,0,0,0,0,0,0,0,0,0,0,0,0,0
P171101,Sens’Eyes - Waterproof Sensitive Eye Cleanser,MAKE UP FOR EVER,4.3658,25.0,Makeup,Accessories,27,5,4,19,5.2,5,0,0,0,0,0,0,0,1,5,0,0,0,0,0,0,0
P460731,Aqua Resist Smoky Eyeshadow Stick,MAKE UP FOR EVER,3.9661,27.0,Makeup,Eye,21,0,0,0,4.8,0,0,0,0,0,0,0,0,0,0,0,0,0,0,0,0,0
P404776,Pro Sculpting Face Palette,MAKE UP FOR EVER,4.497,45.0,Makeup,Cheek,35,4,4,16,4.0,0,0,1,0,0,0,0,0,1,1,0,0,0,0,0,0,0
P169812,Aqua Seal,MAKE UP FOR EVER,4.1444,21.0,Makeup,Eye,5,0,0,0,5.0,0,0,0,0,0,0,0,0,0,0,0,0,0,0,0,0,0
P476574,Ultra HD Matte Setting Powder,MAKE UP FOR EVER,4.4434,39.0,Makeup,Face,45,5,4,19,3.3,0,0,0,0,0,0,0,0,0,0,0,0,0,0,0,0,0
P428677,Ultra HD Underpainting Color Correction Palette,MAKE UP FOR EVER,4.1087,42.0,Makeup,Face,37,4,4,16,3.5,0,0,1,0,0,0,0,0,1,1,0,0,0,0,0,0,0
P440956,Ultra HD Invisible Cover Cream Foundation Palette,MAKE UP FOR EVER,4.186,110.0,Makeup,Face,35,4,4,16,3.6,0,0,1,0,0,0,0,0,1,1,0,0,0,0,0,0,0
P468185,Step 1 Primer Color Corrector - Redness Corrector,MAKE UP FOR EVER,4.295,39.0,Makeup,Face,30,2,2,8,4.6,1,0,1,0,0,0,0,0,1,2,0,0,0,0,0,0,0
P500992,Rouge Artist For Ever Matte 24HR Longwear Liquid Lipstick,MAKE UP FOR EVER,4.1005,25.0,Makeup,Lip,29,4,4,16,2.9,0,0,0,0,0,0,0,0,0,0,0,0,0,0,0,0,0
P483474,Aqua Resist Color Ink 24HR Waterproof  Liquid Eyeliner,MAKE UP FOR EVER,3.7487,26.0,Makeup,Eye,9,0,0,0,4.5,0,0,0,0,0,0,0,0,0,0,0,0,0,0,0,0,0
P468191,Mini Step 1 Primer Pore Minimizer,MAKE UP FOR EVER,4.4144,20.0,Makeup,Mini Size,22,2,1,7,3.9,0,0,0,0,0,0,0,0,0,0,0,0,0,0,0,0,0
P468186,Color Correcting Step 1 Primers,MAKE UP FOR EVER,4.2937,39.0,Makeup,Face,31,2,2,8,4.6,1,0,1,0,0,0,0,0,1,2,0,0,0,0,0,0,0
P417174,Ultra HD Skin Booster,MAKE UP FOR EVER,4.0452,41.0,Makeup,Face,24,3,2,11,3.1,0,0,0,0,0,1,0,0,0,0,0,0,0,0,0,0,0
P468182,Step 1 Primer Pore Minimizer,MAKE UP FOR EVER,4.4844,39.0,Makeup,Face,22,2,1,7,4.0,0,0,0,0,0,0,0,0,0,0,0,0,0,0,0,0,0
P476549,Rouge Artist Shine On Lipstick,MAKE UP FOR EVER,4.0909,25.0,Makeup,Lip,61,8,6,30,2.9,0,0,0,0,0,0,0,0,0,0,0,0,0,0,0,0,0
P468193,Mini Step 1 Primer Hydra Booster,MAKE UP FOR EVER,4.467,20.0,Makeup,Mini Size,29,3,3,12,5.2,2,0,1,0,0,0,0,1,2,3,0,0,0,0,0,0,0
P428676,Ultra HD Soft Light Liquid Highlighter,MAKE UP FOR EVER,4.3239,29.0,Makeup,Face,24,4,3,15,3.2,0,0,0,0,0,0,0,0,0,0,0,0,0,0,0,0,0
P454728,Mini Light Velvet Air Shine-Control Refreshing Spray,MAKE UP FOR EVER,4.0323,15.0,Makeup,Face,29,6,5,23,3.2,0,0,1,0,0,1,0,0,1,1,0,0,0,0,0,1,1
P468192,Mini Step 1 Primer Shine Control,MAKE UP FOR EVER,3.9444,20.0,Makeup,Mini Size,9,2,0,6,4.5,1,1,1,0,1,1,0,0,1,1,0,0,0,1,0,0,1
P468184,Step 1 Primer Hydra Booster,MAKE UP FOR EVER,4.4902,39.0,Makeup,Face,29,3,3,12,5.2,2,0,1,0,0,0,0,1,2,3,0,0,0,0,0,0,0
P502974,Supreme Nude Lips Rouge Artist Lipstick Duo,MAKE UP FOR EVER,4.5714,29.0,Makeup,Lip,37,7,5,26,5.1,4,1,2,0,1,2,0,2,4,4,0,0,0,1,0,0,1
P386652,Aqua Smoky Extravagant Waterproof Mascara,MAKE UP FOR EVER,2.8291,25.0,Makeup,Eye,22,0,0,0,3.4,0,0,0,0,0,0,0,0,0,0,0,0,0,0,0,0,0
P454727,Light Velvet Air Shine-Control Refreshing Spray,MAKE UP FOR EVER,4.0566,29.0,Makeup,Face,29,6,5,23,3.3,0,0,1,0,0,1,0,0,1,1,0,0,0,0,0,1,1
P468183,Step 1 Primer Shine Control,MAKE UP FOR EVER,4.1196,39.0,Makeup,Face,9,2,0,6,4.7,1,1,1,0,1,1,0,0,1,1,0,0,0,1,0,0,1
P483473,Aqua Resist Graphic Pen 24HR Waterproof Intense Eyeliner,MAKE UP FOR EVER,4.3165,24.0,Makeup,Eye,14,5,4,19,4.2,1,0,1,0,0,0,0,0,1,2,0,0,0,0,0,0,0
P472989,Aqua Resist Waterproof Tinted Eyebrow Gel,MAKE UP FOR EVER,4.3548,25.0,Makeup,Eye,22,1,1,4,4.4,0,0,0,0,0,0,0,0,0,0,0,0,0,0,0,0,0
P501505,The Professionall 24HR Double-Ended Lifting & Volumizing Mascara,MAKE UP FOR EVER,4.1111,28.0,Makeup,Eye,43,5,4,19,2.9,0,0,0,0,0,0,0,0,0,0,0,0,0,0,0,0,0
P472988,Aqua Resist Waterproof Eyebrow Definer Pencil,MAKE UP FOR EVER,4.4511,25.0,Makeup,Eye,19,0,0,0,5.3,0,0,0,0,0,1,0,0,0,0,0,0,0,0,0,0,1
P472990,Aqua Resist Waterproof Eyebrow Filler Pencil,MAKE UP FOR EVER,4.3957,25.0,Makeup,Eye,19,0,0,0,5.3,0,0,0,0,0,1,0,0,0,0,0,0,0,0,0,0,1
P504860,Mist & Fix 24HR Hydrating Setting Spray,MAKE UP FOR EVER,4.0,33.0,Makeup,Face,22,3,2,11,4.8,2,1,2,0,1,1,0,0,2,3,0,0,0,0,0,0,0
P504863,Mini Mist & Fix 24HR Hydrating Setting Spray,MAKE UP FOR EVER,4.2713,15.0,Makeup,Mini Size,22,3,2,11,4.2,2,1,2,0,1,1,0,0,2,3,0,0,0,0,0,0,0
P504859,Mini Gentle Eye Gel Waterproof Eye & Lip Makeup Remover,MAKE UP FOR EVER,4.2713,15.0,Makeup,Mini Size,17,3,2,11,2.2,0,0,0,0,0,0,0,0,0,0,0,0,0,0,0,0,0
P504861,Gentle Eye Gel Waterproof Eye & Lip Makeup Remover,MAKE UP FOR EVER,4.2713,29.0,Skincare,Cleansers,17,3,2,11,2.2,0,0,0,0,0,0,0,0,0,0,0,0,0,0,0,0,0
P481114,MoistureGlow Plumping Lip Serum,MAKEUP BY MARIO,3.7357,24.0,Makeup,Lip,29,0,0,0,4.5,0,0,0,0,0,0,0,0,0,0,0,0,0,0,0,0,0
P472327,SoftSculpt Shaping Stick,MAKEUP BY MARIO,3.9188,30.0,Makeup,Face,16,0,0,0,4.7,0,0,0,0,0,0,0,0,0,0,0,0,0,0,0,0,0
P503679,SurrealSkin Liquid Foundation,MAKEUP BY MARIO,3.5156,42.0,Makeup,Face,26,2,1,7,3.6,1,0,0,0,0,0,0,1,1,1,0,0,0,0,0,0,0
P98364786,Master Mattes Eyeshadow Palette,MAKEUP BY MARIO,3.8672,50.0,Makeup,Eye,34,1,1,4,3.8,0,0,0,0,0,0,0,0,0,0,0,0,0,0,0,0,0
P477838,Ultra Suede Sculpting Lip Pencil,MAKEUP BY MARIO,4.717,24.0,Makeup,Lip,14,0,0,0,5.7,0,0,0,0,0,0,0,0,0,0,0,0,0,0,0,0,0
P472324,Soft Pop Blush Stick,MAKEUP BY MARIO,4.4064,30.0,Makeup,Cheek,14,0,0,0,5.3,0,0,0,0,0,0,0,0,0,0,0,0,0,0,0,0,0
P500452,SoftSculpt Transforming Skin Enhancer,MAKEUP BY MARIO,4.4878,30.0,Makeup,Face,20,1,0,3,4.8,0,0,0,0,0,0,0,0,0,0,0,0,0,0,0,0,0
P477837,Ultra Suede Lipstick,MAKEUP BY MARIO,4.2609,26.0,Makeup,Lip,29,0,0,0,5.1,0,0,0,0,0,0,0,0,0,0,0,0,0,0,0,0,0
P501527,Ethereal Eyes Eyeshadow Palette,MAKEUP BY MARIO,4.0391,68.0,Makeup,Eye,51,2,2,8,3.2,0,0,0,0,1,1,0,0,1,0,0,1,0,1,0,0,1
P472325,Soft Pop Powder Blush,MAKEUP BY MARIO,4.5283,26.0,Makeup,Cheek,17,2,1,7,4.8,1,0,0,0,0,0,0,1,1,1,0,0,0,0,0,0,0
P472326,SoftSculpt Bronzer,MAKEUP BY MARIO,4.193,30.0,Makeup,Cheek,25,2,2,8,3.6,0,1,1,1,1,0,0,0,1,0,0,1,0,1,0,1,1
P39853698,Master Pigment Pro Eyeliner Pencil,MAKEUP BY MARIO,3.6923,24.0,Makeup,Eye,26,0,0,0,5.8,1,0,1,0,0,1,0,1,2,2,0,0,0,0,0,0,1
P33257988,Master Crystal Reflector,MAKEUP BY MARIO,3.7719,26.0,Makeup,Eye,13,0,0,0,4.5,0,0,0,0,0,0,0,0,0,0,0,0,0,0,0,0,0
P500403,SoftSculpt Transforming Skin Perfector,MAKEUP BY MARIO,3.8906,34.0,Makeup,Cheek,36,2,2,8,3.1,0,0,0,0,0,0,0,0,0,0,0,0,0,0,0,0,0
P481720,Ultra Suede️ Cozy Lip Creme,MAKEUP BY MARIO,3.7717,26.0,Makeup,Lip,23,0,0,0,4.5,0,0,0,0,0,0,0,0,0,0,0,0,0,0,0,0,0
P472328,Soft Glow Highlighter,MAKEUP BY MARIO,4.2429,30.0,Makeup,Face,17,1,1,4,4.3,0,0,0,0,0,0,0,0,0,0,0,0,0,0,0,0,0
P04456664,Master Eye Prep & Set,MAKEUP BY MARIO,3.5946,30.0,Makeup,Eye,34,3,2,11,3.1,1,0,0,0,0,1,0,1,1,1,0,0,0,0,0,0,1
P13211222,Master Secret Glow Highlighter,MAKEUP BY MARIO,2.9794,24.0,Makeup,Face,10,0,0,0,3.6,0,0,0,0,0,0,0,0,0,0,0,0,0,0,0,0,0
P64197382,Master Metals Eyeshadow Palette,MAKEUP BY MARIO,4.4203,50.0,Makeup,Eye,9,0,0,0,5.3,0,0,0,0,0,0,0,0,0,0,0,0,0,0,0,0,0
P02318798,Master Metallics Eyeshadow Palette,MAKEUP BY MARIO,3.4063,50.0,Makeup,Eye,48,1,1,4,3.3,0,0,0,0,0,0,0,0,0,0,0,0,0,0,0,0,0
P465781,Pro Volume Lip Gloss,MAKEUP BY MARIO,3.95,22.0,Makeup,Lip,29,1,0,3,5.3,1,1,1,0,1,2,0,0,1,1,0,0,0,1,0,0,1
P475575,Master Hold Brow Gel,MAKEUP BY MARIO,3.9151,22.0,Makeup,Eye,12,2,2,8,3.1,0,0,0,0,0,0,0,0,0,0,0,0,0,0,0,0,0
P01018539,Master Mattes Liquid Eyeliner,MAKEUP BY MARIO,3.8428,24.0,Makeup,Eye,19,1,1,4,4.4,0,0,1,0,0,0,0,0,1,1,0,0,0,0,0,0,0
P475576,Master Blade Brow Pencil,MAKEUP BY MARIO,2.9688,24.0,Makeup,Eye,11,0,0,0,3.6,0,0,0,0,0,0,0,0,0,0,0,0,0,0,0,0,0
P477805,Perfecting Lip Scrub,MAKEUP BY MARIO,4.4828,24.0,Makeup,Lip,18,0,0,0,5.4,0,0,0,0,0,0,0,0,0,0,0,0,0,0,0,0,0
P87788965,Gentle Makeup Remover Wipes,MAKEUP BY MARIO,3.0,15.0,Makeup,Accessories,17,3,2,11,3.2,2,2,2,0,1,1,0,0,1,2,0,0,0,1,0,0,1
P503992,Chia + Moringa Algae Enzyme Cleansing Oil,MARA,4.8839,58.0,Skincare,Cleansers,23,3,1,10,4.7,1,0,0,0,0,0,0,1,1,1,0,0,0,0,0,0,0
P503991,Algae + Moringa Universal Hydrating Face Oil,MARA,4.9009,72.0,Skincare,Moisturizers,17,4,4,16,4.7,2,0,0,0,0,2,0,0,0,0,0,0,0,0,0,0,0
P504026,Mini Algae + Moringa Universal Face Oil,MARA,4.9009,40.0,Skincare,Moisturizers,17,4,4,16,4.7,2,0,0,0,0,2,0,0,0,0,0,0,0,0,0,0,0
P504016,Mini Evening Primrose + Green Tea Algae Retinol Face Oil,MARA,4.9487,66.0,Skincare,Moisturizers,22,4,4,16,5.3,3,1,1,0,1,4,0,0,1,1,0,0,0,1,0,1,1
P504031,Evening Primrose + Green Tea Algae Retinol Face Oil,MARA,4.9487,120.0,Skincare,Moisturizers,22,4,4,16,5.3,3,1,1,0,1,4,0,0,1,1,0,0,0,1,0,1,1
P504059,Chlorella + Reishi Sea Vitamin C Sérum,MARA,4.9032,96.0,Skincare,Treatments,32,5,2,17,5.7,3,0,0,0,1,3,0,1,2,1,0,0,0,0,0,0,1
P504199,Plankton + PHAFlower Acid Algae Serum,MARA,4.8846,74.0,Skincare,Treatments,34,4,1,13,5.5,4,2,3,0,2,3,0,1,4,4,0,0,0,1,0,0,1
P504134,Sea Silk Lip Balm,MARA,4.4444,26.0,Skincare,Lip Balms & Treatments,28,1,0,3,4.7,0,0,0,0,0,0,0,0,0,0,0,0,0,0,0,0,0
P504023,Algae + Zinc Sea Kale Mineral Sunscreen Sérum SPF 30,MARA,4.5714,52.0,Skincare,Treatments,14,1,0,3,5.3,1,0,0,0,0,1,0,0,0,0,0,0,0,0,0,0,0
P504040,Spirulina + Ashwagandha Volcanic Sea Clay Detox Masque,MARA,4.8519,54.0,Skincare,Masks,29,1,0,3,6.2,1,0,1,0,0,1,0,0,1,1,0,0,0,0,0,0,0
P440498,Drying Lotion,Mario Badescu,4.0955,17.0,Skincare,Treatments,10,2,2,8,3.7,0,1,2,1,1,0,0,0,1,0,0,1,0,1,0,1,1
P440482,"Facial Spray with Aloe, Herbs and Rosewater",Mario Badescu,3.7567,7.0,Skincare,Moisturizers,17,5,5,20,2.5,0,0,0,0,0,0,0,0,0,0,0,0,0,0,0,0,0
P440503,Lip Balm,Mario Badescu,4.2515,8.0,Skincare,Lip Balms & Treatments,38,0,0,0,6.9,2,0,0,0,1,1,0,2,3,2,0,0,0,0,0,0,1
P440483,"Facial Spray with Aloe, Cucumber and Green Tea",Mario Badescu,3.9603,7.0,Skincare,Moisturizers,22,6,6,24,3.4,0,0,1,0,0,0,0,0,1,1,0,0,0,0,0,0,0
P444967,"Mini Facial Spray with Aloe, Herbs and Rosewater",Mario Badescu,4.1138,5.0,Skincare,Mini Size,17,5,5,20,2.9,0,0,0,0,0,0,0,0,0,0,0,0,0,0,0,0,0
P440484,"Facial Spray with Aloe, Chamomile and Lavender",Mario Badescu,4.4396,7.0,Skincare,Moisturizers,19,2,2,8,4.5,0,0,1,0,0,1,0,0,2,1,0,0,0,0,0,0,1
P440490,Acne Facial Cleanser,Mario Badescu,3.7625,15.0,Skincare,Cleansers,21,6,6,24,2.7,0,1,1,1,1,0,0,0,1,0,0,1,0,1,0,1,1
P440502,Hyaluronic Eye Cream,Mario Badescu,3.24,18.0,Skincare,Eye Care,24,4,3,15,1.9,0,0,0,0,0,0,0,0,0,0,0,0,0,0,0,0,0
P440486,Glycolic Acid Toner,Mario Badescu,4.1507,18.0,Skincare,Cleansers,18,6,5,23,3.6,0,1,1,0,1,1,2,0,1,1,0,0,0,3,0,2,1
P440485,Enzyme Cleansing Gel,Mario Badescu,3.75,14.0,Skincare,Cleansers,20,5,4,19,2.5,0,0,0,0,0,0,0,0,0,0,0,0,0,0,0,0,0
P444968,"Mini Facial Spray with Aloe, Cucumber and Green Tea",Mario Badescu,3.8382,5.0,Skincare,Mini Size,22,6,6,24,3.2,0,0,1,0,0,0,0,0,1,1,0,0,0,0,0,0,0
P440489,Glycolic Foaming Cleanser,Mario Badescu,4.129,16.0,Skincare,Cleansers,16,3,3,12,3.8,0,1,1,0,1,1,0,0,1,1,0,0,0,1,0,0,1
P440501,Seaweed Night Cream,Mario Badescu,3.8387,22.0,Skincare,Moisturizers,26,5,5,20,2.6,0,0,0,0,0,0,0,0,0,0,0,0,0,0,0,0,0
P440494,Vitamin C Serum,Mario Badescu,4.0816,45.0,Skincare,Treatments,12,0,0,0,4.9,0,0,0,0,1,1,0,0,1,0,0,1,0,1,0,0,1
P444969,"Mini Facial Spray with Aloe, Chamomile and Lavender",Mario Badescu,3.8511,5.0,Skincare,Mini Size,19,2,2,8,3.8,0,0,1,0,0,1,0,0,2,1,0,0,0,0,0,0,1
P440496,Buffering Lotion,Mario Badescu,3.9512,19.0,Skincare,Cleansers,18,1,1,4,4.5,0,0,0,1,0,1,0,1,0,0,0,0,0,0,0,0,0
P468690,Rose Body Soap,Mario Badescu,4.1053,8.0,Bath & Body,Bath & Shower,24,3,2,11,3.5,0,0,1,0,0,0,0,0,1,1,0,0,0,0,0,0,0
P440491,Botanical Exfoliating Scrub,Mario Badescu,4.5405,26.0,Skincare,Cleansers,15,1,1,4,4.6,0,0,0,0,0,0,0,0,0,0,0,0,0,0,0,0,0
P440492,Buttermilk Moisturizer,Mario Badescu,3.9714,18.0,Skincare,Moisturizers,20,7,6,27,4.4,1,1,1,1,1,2,0,1,1,1,0,0,0,1,0,0,1
P444615,Witch Hazel & Rosewater Toner,Mario Badescu,4.0882,14.0,Skincare,Cleansers,24,6,5,23,3.5,0,0,1,0,0,0,0,0,1,1,0,0,0,0,0,0,0
P440499,Silver Powder,Mario Badescu,4.3939,12.0,Skincare,Treatments,3,0,0,0,5.3,0,0,0,0,0,0,0,0,0,0,0,0,0,0,0,0,0
P455909,Facial Spray with Aloe Sage & Orange Blossom,Mario Badescu,4.4375,7.0,Skincare,Moisturizers,22,6,6,24,3.9,0,0,1,0,0,0,0,0,1,1,0,0,0,0,0,0,0
P440493,Oil Free Moisturizer Broad Spectrum SPF 30,Mario Badescu,3.6452,28.0,Skincare,Moisturizers,21,1,1,4,3.6,0,0,0,0,0,0,0,0,0,0,0,0,0,0,0,0,0
P440500,Super Collagen Mask,Mario Badescu,4.0,18.0,Skincare,Masks,17,4,4,16,2.8,0,0,0,0,0,0,0,0,0,0,0,0,0,0,0,0,0
P460756,Hyaluronic Dew Cream,Mario Badescu,3.2,26.0,Skincare,Moisturizers,30,4,2,14,3.2,1,0,1,0,0,0,0,1,2,2,0,0,0,0,0,0,0
P474964,"Facial Spray with Aloe Adaptogens, and Coconut Water",Mario Badescu,4.2857,9.0,Skincare,Moisturizers,21,1,1,4,5.3,1,0,1,0,0,0,0,0,1,2,0,0,0,0,0,0,0
P479973,"Mini Facial Spray with Aloe Adaptogens, and Coconut Water",Mario Badescu,3.6,7.0,Skincare,Moisturizers,21,1,1,4,4.5,1,0,1,0,0,0,0,0,1,2,0,0,0,0,0,0,0
P462378,Anti-Aging Regimen Kit,Mario Badescu,4.3,30.0,Skincare,Value & Gift Sets,75,19,18,75,4.6,0,1,2,0,1,1,0,0,2,2,0,0,0,1,0,0,1
P462381,Glycolic Eye Cream,Mario Badescu,4.1111,20.0,Skincare,Eye Care,16,2,2,8,4.1,0,1,1,0,1,1,0,0,1,1,0,0,0,1,0,0,1
P479974,Brightening Eye Serum,Mario Badescu,3.2857,24.0,Skincare,Eye Care,31,1,1,4,3.1,0,0,0,0,0,0,0,0,0,0,0,0,0,0,0,0,0
P462379,Witch Hazel & Lavender Toner,Mario Badescu,4.0,14.0,Skincare,Cleansers,20,3,2,11,3.4,0,0,1,0,0,0,0,0,1,1,0,0,0,0,0,0,0
P462375,Hyaluronic Dew Drops Hydrating Serum,Mario Badescu,3.5,30.0,Skincare,Treatments,21,3,1,10,3.8,2,1,2,0,1,2,0,0,2,2,0,0,0,1,0,0,1
P462384,Spritz. Mist. Glow. Facial Spray Trio,Mario Badescu,3.0,21.0,Skincare,Value & Gift Sets,39,11,11,44,2.4,0,0,1,0,0,1,0,0,2,1,0,0,0,0,0,0,1
P468196,The Glow Up,Mario Badescu,2.5,49.0,Skincare,Value & Gift Sets,68,19,17,74,2.2,0,1,2,0,2,3,0,0,4,2,0,0,0,1,0,0,3
P462383,Flower & Tonic Clay Mask,Mario Badescu,4.5,18.0,Skincare,Masks,33,7,7,28,3.4,0,0,0,0,0,0,0,0,0,0,0,0,0,0,0,0,0
P460757,Brightening Mask with Vitamin C,Mario Badescu,3.5,22.0,Skincare,Masks,21,2,2,8,3.0,0,0,0,0,1,1,0,0,1,0,0,0,0,0,0,0,1
P462386,Drying Cream,Mario Badescu,3.75,17.0,Skincare,Treatments,50,9,8,35,4.5,4,0,2,2,0,4,0,2,1,5,0,0,0,0,0,0,0
P471784,Gentle Foaming Cleanser,Mario Badescu,4.0,14.0,Skincare,Cleansers,17,2,2,8,3.8,0,0,1,0,0,0,0,0,1,1,0,0,0,0,0,0,0
P502709,Mini Mist Collection,Mario Badescu,4.5,20.0,Skincare,Value & Gift Sets,68,15,15,60,5.2,1,0,2,0,0,1,0,0,3,3,0,0,0,0,0,0,1
P500256,Mineral Sunscreen SPF 30,Mario Badescu,5.0,28.0,Skincare,Sunscreen,31,1,1,4,5.2,0,0,0,0,0,0,0,0,0,0,0,0,0,0,0,0,0
P462377,Acne Repair Kit,Mario Badescu,4.2713,46.0,Skincare,Value & Gift Sets,59,11,10,43,3.4,4,1,3,3,1,4,0,2,2,5,0,1,0,1,0,1,1
P480330,Grab and Go Set,Mario Badescu,4.2713,22.0,Skincare,Value & Gift Sets,28,8,8,32,2.6,0,1,2,1,1,0,0,0,1,0,0,1,0,1,0,1,1
P481123,burn - jojoba oil massage candle,maude,4.7264,18.0,Bath & Body,Body Care,15,3,3,12,4.5,1,0,0,0,0,0,0,1,1,1,0,0,0,0,0,0,0
P481118,Wash - pH-balanced body wash and bubble bath,maude,4.7405,22.0,Bath & Body,Body Care,32,6,4,22,4.7,1,0,1,0,1,1,0,0,2,2,0,1,0,1,0,0,1
P481117,"Shine - ultra-hydrating, organic aloe-based personal lubricant",maude,4.7836,10.0,Bath & Body,Body Care,15,1,0,3,7.1,1,1,2,0,1,1,0,0,2,2,0,0,0,0,0,0,0
P481122,Soak - vitamin-rich mineral bath salts,maude,4.6782,18.0,Bath & Body,Body Care,5,4,4,16,3.6,0,0,0,0,0,0,0,0,0,0,0,0,0,0,0,0,0
P481119,"Oil - 100% organic, cold-pressed body and bath oil",maude,4.8983,35.0,Bath & Body,Body Care,4,0,0,0,5.9,0,0,0,0,0,0,0,0,0,0,0,0,0,0,0,0,0
P481120,"Wipe - water-activated, biodegradable wipes",maude,4.8846,12.0,Bath & Body,Body Care,1,0,0,0,5.9,0,0,0,0,0,0,0,0,0,0,0,0,0,0,0,0,0
P481126,Tub Kit - mineral bath salt soak and coconut milk bath set,maude,4.7083,36.0,Bath & Body,Body Care,9,4,4,16,3.6,0,0,0,0,0,0,0,0,0,0,0,0,0,0,0,0,0
P481121,Clean - hydrating hand sanitizing spray with coconut oil,maude,4.6538,10.0,Bath & Body,Body Care,4,1,1,4,4.8,0,0,0,0,0,0,0,0,0,0,0,0,0,0,0,0,0
P444444,Smoke Sessions Eyeshadow Palette,Melt Cosmetics,4.2561,48.0,Makeup,Eye,27,0,0,0,5.1,0,0,0,0,0,0,0,0,0,0,0,0,0,0,0,0,0
P468389,Cream Blushlight,Melt Cosmetics,4.4798,24.0,Makeup,Cheek,19,1,1,4,4.6,0,0,0,0,0,0,0,0,0,0,0,0,0,0,0,0,0
P444548,Liquid Lipstick,Melt Cosmetics,3.8091,19.0,Makeup,Lip,17,1,0,3,4.0,0,0,0,0,0,0,0,0,0,0,0,0,0,0,0,0,0
P444545,Digital Dust Highlight,Melt Cosmetics,4.5217,39.0,Makeup,Face,21,1,0,3,6.0,2,0,0,0,0,1,0,1,1,1,0,0,0,0,0,0,0
P472478,Ultra-Matte Lipstick,Melt Cosmetics,3.582,22.0,Makeup,Lip,20,1,1,4,3.5,0,0,0,0,0,0,0,0,0,0,0,0,0,0,0,0,0
P462718,Digital Dust Duo Blush,Melt Cosmetics,4.5672,39.0,Makeup,Cheek,23,1,0,3,6.1,2,0,0,0,0,1,0,1,1,1,0,0,0,0,0,0,0
P481127,Slick Waterline Eye Pencil,Melt Cosmetics,4.075,19.0,Makeup,Eye,12,0,0,0,4.9,0,0,0,0,0,0,0,0,0,0,0,0,0,0,0,0,0
P457824,Four Twenty Eyeshadow Palette,Melt Cosmetics,4.043,58.0,Makeup,Eye,29,0,0,0,4.9,0,0,0,0,0,0,0,0,0,0,0,0,0,0,0,0,0
P444446,Twenty-Seven Eyeshadow Palette,Melt Cosmetics,4.36,58.0,Makeup,Eye,22,1,1,4,4.4,0,0,0,0,0,0,0,0,0,0,0,0,0,0,0,0,0
P444547,Blushlight,Melt Cosmetics,4.4412,22.0,Makeup,Cheek,11,1,1,4,4.5,0,0,0,0,0,0,0,0,0,0,0,0,0,0,0,0,0
P459150,She's In Parties Eyeshadow Palette,Melt Cosmetics,4.2703,48.0,Makeup,Eye,23,0,0,0,5.1,0,0,0,0,0,0,0,0,0,0,0,0,0,0,0,0,0
P501445,Mini Bad Side Zodiac Eyeshadow Palette,Melt Cosmetics,4.3333,38.0,Makeup,Eye,32,2,1,7,3.8,0,0,0,0,0,0,0,0,0,0,0,0,0,0,0,0,0
P456964,Rust Eyeshadow Palette,Melt Cosmetics,4.8,58.0,Makeup,Eye,21,0,0,0,6.4,0,1,1,1,0,0,0,0,0,0,0,0,0,0,0,0,0
P471559,Mary Jane Eyeshadow Palette,Melt Cosmetics,3.5455,58.0,Makeup,Eye,33,2,2,8,2.7,0,0,0,0,0,0,0,0,0,0,0,0,0,0,0,0,0
P455560,Millennial Pinx Eyeshadow Palette,Melt Cosmetics,3.3956,58.0,Makeup,Eye,28,1,1,4,3.3,0,0,0,0,0,0,0,0,0,0,0,0,0,0,0,0,0
P444546,Blush,Melt Cosmetics,3.587,22.0,Makeup,Cheek,20,1,1,4,3.5,0,0,0,0,0,0,0,0,0,0,0,0,0,0,0,0,0
P455561,Crushed Glitter Lip Gloss,Melt Cosmetics,3.3864,16.0,Makeup,Lip,21,0,0,0,4.1,0,0,0,0,0,0,0,0,0,0,0,0,0,0,0,0,0
P483477,Gemini Eyeshadow Palette 1,Melt Cosmetics,4.7059,58.0,Makeup,Eye,24,1,1,4,4.8,0,0,0,0,0,0,0,0,0,0,0,0,0,0,0,0,0
P476886,Monarca Blush Palette – Amor y Mariposas Collection,Melt Cosmetics,4.5263,58.0,Makeup,Cheek,31,1,1,4,4.6,0,0,0,0,0,0,0,0,0,0,0,0,0,0,0,0,0
P483478,Gemini Eyeshadow Palette 2,Melt Cosmetics,3.4865,58.0,Makeup,Eye,39,1,1,4,3.4,0,0,0,0,0,0,0,0,0,0,0,0,0,0,0,0,0
P474348,SexFoil Liquid Highlighter,Melt Cosmetics,4.3636,39.0,Makeup,Face,30,3,2,11,3.2,0,0,0,0,0,1,0,0,0,0,0,0,0,0,0,0,1
P477201,Perfectionist Lip Pencil,Melt Cosmetics,3.1905,19.0,Makeup,Lip,11,1,1,4,3.0,0,0,0,0,0,0,0,0,0,0,0,0,0,0,0,0,0
P473121,Brunet Eyeshadow Palette,Melt Cosmetics,3.9565,48.0,Makeup,Eye,26,2,2,8,3.1,0,0,0,0,0,0,0,0,0,0,0,0,0,0,0,0,0
P462885,The Deep Cream Bronzer and Contour Sculpt Stack,Melt Cosmetics,4.5,48.0,Makeup,Face,24,1,1,4,5.4,1,0,0,0,0,0,0,1,1,1,0,0,0,0,0,0,0
P478296,Supernatural Lash Mascara,Melt Cosmetics,3.8,24.0,Makeup,Eye,36,5,3,18,3.2,0,0,1,0,0,0,0,0,1,1,0,0,0,0,0,0,0
P502025,Ultra-Matte Bronzer,Melt Cosmetics,4.0,39.0,Makeup,Cheek,17,1,1,4,4.0,0,0,0,0,0,0,0,0,0,0,0,0,0,0,0,0,0
P504916,Perfectionist Brow Gel,Melt Cosmetics,4.6667,25.0,Makeup,Eye,12,4,4,16,3.6,0,0,0,0,0,0,0,0,0,0,0,0,0,0,0,0,0
P504920,Perfectionist Brow Ultra-Fine Pen,Melt Cosmetics,4.1667,24.0,Makeup,Eye,22,4,3,15,3.0,0,0,0,0,0,0,0,0,0,0,0,0,0,0,0,0,0
P504891,Perfectionist Brow Pencil,Melt Cosmetics,3.0,22.0,Makeup,Eye,11,0,0,0,3.6,0,0,0,0,0,0,0,0,0,0,0,0,0,0,0,0,0
P468691,Shade Slick Tinted Lip Oil,MERIT,4.3081,24.0,Makeup,Lip,24,3,3,12,3.8,0,0,1,0,0,0,0,0,1,1,0,0,0,0,0,0,0
P468693,Flush Balm Cream Blush,MERIT,4.5074,28.0,Makeup,Cheek,18,1,1,4,4.6,0,0,0,0,0,0,0,0,0,0,0,0,0,0,0,0,0
P468694,The Minimalist Perfecting Complexion Foundation and Concealer Stick,MERIT,4.056,38.0,Makeup,Face,27,0,0,0,4.9,0,0,0,0,0,0,0,0,0,0,0,0,0,0,0,0,0
P481403,Signature Lip Lightweight Lipstick,MERIT,4.4573,26.0,Makeup,Lip,27,5,4,19,4.1,1,0,0,0,0,1,0,1,1,1,0,0,0,0,0,0,1
P501766,Bronze Balm Sheer Sculpting Bronzer,MERIT,4.6625,30.0,Makeup,Cheek,21,0,0,0,6.4,1,0,0,0,0,0,0,1,1,1,0,0,0,0,0,0,0
P468696,Day Glow Dewy Highlighting Balm,MERIT,4.3953,30.0,Makeup,Face,17,1,0,3,5.5,1,0,0,0,0,0,0,1,1,1,0,0,0,0,0,0,0
P502966,Great Skin Instant Glow Serum with Niacinamide and Hyaluronic Acid,MERIT,4.6486,38.0,Skincare,Treatments,20,2,1,7,5.2,1,0,1,0,0,0,0,0,1,2,0,0,0,0,0,0,0
P468692,Clean Lash Lengthening Tubing Mascara,MERIT,4.1034,26.0,Makeup,Eye,25,4,4,16,2.9,0,0,0,0,0,0,0,0,0,0,0,0,0,0,0,0,0
P468695,Brow 1980 Volumizing Eyebrow Pomade Gel,MERIT,4.192,24.0,Makeup,Eye,33,2,2,8,4.2,1,0,0,0,0,0,0,1,1,1,0,0,0,0,0,0,0
P441813,Hydro Grip Hydrating Makeup Primer,MILK MAKEUP,4.1158,38.0,Makeup,Face,34,3,2,11,3.5,0,0,1,0,0,0,0,0,1,1,0,0,0,0,0,0,0
P441814,Mini Hydro Grip Hydrating Makeup Primer,MILK MAKEUP,3.661,20.0,Makeup,Mini Size,34,3,2,11,3.0,0,0,1,0,0,0,0,0,1,1,0,0,0,0,0,0,0
P437097,Lip + Cheek Cream Blush Stick,MILK MAKEUP,4.2705,24.0,Makeup,Cheek,31,2,2,8,3.5,0,0,0,0,0,0,0,0,0,0,0,0,0,0,0,0,0
P404797,Matte Cream Bronzer Stick,MILK MAKEUP,3.9843,24.0,Makeup,Cheek,19,0,0,0,4.8,0,0,0,0,0,0,0,0,0,0,0,0,0,0,0,0,0
P429903,KUSH High Volumizing Mascara,MILK MAKEUP,3.8976,28.0,Makeup,Eye,30,3,2,11,2.7,0,0,0,0,0,0,0,0,0,0,0,0,0,0,0,0,0
P463071,Hydro Grip Setting + Refreshing Spray,MILK MAKEUP,4.523,38.0,Makeup,Face,49,4,1,13,4.4,1,0,1,0,0,0,0,0,1,2,0,0,0,0,0,0,0
P463072,Mini Hydro Grip Setting + Refreshing Spray,MILK MAKEUP,3.8702,22.0,Makeup,Mini Size,49,4,1,13,3.6,1,0,1,0,0,0,0,0,1,2,0,0,0,0,0,0,0
P410176,Sunshine Skin Tint Clean SPF 30 Foundation,MILK MAKEUP,4.1277,42.0,Makeup,Face,45,3,1,10,4.2,2,0,0,0,0,0,2,2,2,2,0,0,0,2,0,2,0
P411508,Holographic Stick,MILK MAKEUP,3.9036,24.0,Makeup,Face,26,2,1,7,4.7,1,0,1,0,0,0,0,1,2,2,0,0,0,0,0,0,0
P453253,Vegan Milk Moisturizer,MILK MAKEUP,4.2213,38.0,Skincare,Moisturizers,53,7,4,25,5.1,2,0,1,0,0,0,0,2,3,3,0,0,0,0,0,0,0
P433125,KUSH Fiber Eyebrow Gel,MILK MAKEUP,4.3577,22.0,Makeup,Eye,21,2,1,7,3.8,0,0,0,0,0,0,0,0,0,0,0,0,0,0,0,0,0
P404795,Cooling Water,MILK MAKEUP,3.6775,28.0,Skincare,Moisturizers,19,2,2,8,3.8,0,0,1,1,0,0,0,0,1,1,1,0,0,0,0,0,0
P404798,Cream Highlighter Stick,MILK MAKEUP,3.8355,24.0,Makeup,Face,21,0,0,0,4.6,0,0,0,0,0,0,0,0,0,0,0,0,0,0,0,0,0
P500448,Future Fluid All Over Medium Coverage Hydrating Concealer,MILK MAKEUP,4.3944,29.0,Makeup,Face,34,2,1,7,5.3,1,0,0,2,0,0,0,1,1,1,1,0,0,0,0,0,0
P448151,Flex Foundation Stick,MILK MAKEUP,4.1264,36.0,Makeup,Face,30,6,6,24,3.6,0,0,1,0,0,0,0,0,1,1,0,0,0,0,0,0,0
P483675,Mini Pore Eclipse Mattifying + Blurring Makeup Primer,MILK MAKEUP,4.4828,20.0,Makeup,Face,36,3,2,11,4.2,0,1,1,0,1,3,0,0,1,1,0,0,0,1,0,1,2
P404793,Sunshine Vitamin C + Squalane Face Oil,MILK MAKEUP,4.3713,39.0,Skincare,Moisturizers,19,9,5,32,5.0,2,0,0,0,1,1,0,2,3,2,0,0,0,0,0,0,1
P446824,KUSH Lash + Brow Enhancing Serum,MILK MAKEUP,3.7877,52.0,Makeup,Eye,24,3,1,10,3.5,0,0,1,0,0,2,0,0,1,1,0,0,0,0,0,0,0
P476713,Hydro Grip Eyeshadow and Concealer Primer,MILK MAKEUP,3.9111,25.0,Makeup,Eye,33,1,0,3,4.7,0,0,1,0,0,0,0,0,1,1,0,0,0,0,0,0,0
P503903,Sculpt Cream Contour Stick,MILK MAKEUP,4.4381,24.0,Makeup,Face,21,0,0,0,5.3,0,0,0,0,0,0,0,0,0,0,0,0,0,0,0,0,0
P456126,Vegan Milk Cleanser,MILK MAKEUP,4.4259,30.0,Skincare,Cleansers,53,3,1,10,5.3,4,1,1,0,1,1,0,2,3,4,0,0,0,0,0,0,0
P475966,Sunshine Under Eye Brightening Light Coverage Concealer,MILK MAKEUP,4.3609,28.0,Makeup,Face,39,6,4,22,4.6,2,0,1,2,1,3,0,1,3,3,1,0,0,0,0,1,2
P483674,Pore Eclipse Mattifying + Blurring Makeup Primer,MILK MAKEUP,4.6054,38.0,Makeup,Face,36,3,2,11,4.3,0,1,1,0,1,3,0,0,1,1,0,0,0,1,0,1,2
P428235,Luminous Blur Stick Primer,MILK MAKEUP,4.1845,36.0,Makeup,Face,15,0,0,0,5.0,0,0,0,0,0,0,0,0,0,0,0,0,0,0,0,0,0
P476712,Bionic Liquid Blush with Hyaluronic Acid,MILK MAKEUP,4.3404,24.0,Makeup,Cheek,28,0,0,0,5.8,0,0,1,0,0,1,0,0,1,1,0,0,0,0,0,0,1
P468863,Electric Glossy Lip Plumper,MILK MAKEUP,4.0122,25.0,Makeup,Lip,26,0,0,0,5.0,0,0,0,0,0,1,0,0,0,0,0,0,0,0,0,0,0
P481128,Bionic Sunkissed Liquid Bronzer with Hyaluronic Acid,MILK MAKEUP,4.5578,30.0,Makeup,Cheek,27,0,0,0,6.1,0,0,1,0,0,1,0,0,1,1,0,0,0,0,0,0,1
P433124,KUSH Clear Brow Gel,MILK MAKEUP,3.8917,22.0,Makeup,Eye,11,2,1,7,3.3,0,0,0,0,0,0,0,0,0,0,0,0,0,0,0,0,0
P468864,Color Chalk Multi-Use Powder Pigment,MILK MAKEUP,3.3947,18.0,Makeup,Eye,27,3,3,12,2.1,0,0,0,0,0,0,0,0,0,0,0,0,0,0,0,0,0
P443308,KUSH Lash Primer,MILK MAKEUP,3.9871,28.0,Makeup,Eye,30,3,2,11,2.8,0,0,0,0,0,0,0,0,0,0,0,0,0,0,0,0,0
P501572,Infinity Long Lasting Waterproof Eyeliner Pencil,MILK MAKEUP,4.6209,22.0,Makeup,Eye,22,0,0,0,5.5,0,0,0,0,0,1,0,0,0,0,0,0,0,0,0,0,1
P444400,Mini KUSH Waterproof Mascara,MILK MAKEUP,2.4578,15.0,Makeup,Mini Size,32,4,3,15,2.3,1,0,1,0,0,1,0,1,2,2,0,0,0,0,0,0,1
P430903,Watermelon Brightening Serum,MILK MAKEUP,3.7258,36.0,Skincare,Treatments,44,2,1,7,4.1,2,0,1,0,2,4,0,1,4,3,0,2,0,2,0,0,2
P404794,Hydrating Oil Stick,MILK MAKEUP,3.8478,32.0,Skincare,Moisturizers,12,1,0,3,4.0,0,0,0,0,0,0,0,0,0,0,0,0,0,0,0,0,0
P443307,KUSH Waterproof Mascara,MILK MAKEUP,2.8077,15.0,Makeup,Eye,32,4,3,15,2.8,1,0,1,0,0,1,0,1,2,2,0,0,0,0,0,0,1
P479643,RISE Lifting + Lengthening Mascara,MILK MAKEUP,4.1868,28.0,Makeup,Eye,39,3,3,12,3.0,0,0,0,0,1,1,0,0,1,0,0,1,0,1,0,0,1
P481129,Bionic Glow Illuminating Liquid Highlighter with Hyaluronic Acid,MILK MAKEUP,4.6786,36.0,Makeup,Face,32,5,4,19,4.4,1,0,0,0,0,0,0,1,1,1,0,0,0,0,0,0,0
P500102,Hydro Ungrip Makeup Removing Cleansing Balm,MILK MAKEUP,4.6829,36.0,Skincare,Cleansers,24,2,1,7,4.2,0,0,0,0,0,0,0,0,0,0,0,0,0,0,0,0,0
P500101,Hydro Ungrip Makeup Remover + Cleansing Water,MILK MAKEUP,4.6475,32.0,Skincare,Cleansers,20,2,1,7,5.6,1,0,1,1,0,0,0,1,1,1,1,0,0,0,0,0,0
P461472,KUSH Liquid Eyeliner,MILK MAKEUP,3.2864,22.0,Makeup,Eye,15,4,2,14,1.9,0,0,0,0,0,0,0,0,0,0,0,0,0,0,0,0,0
P471786,Sunshine Skin Tint Clean SPF 30 Foundation Refill,MILK MAKEUP,3.8333,32.0,Makeup,Face,45,3,1,10,4.2,2,0,0,0,0,0,0,2,2,2,0,0,0,0,0,0,0
P504886,Pore Eclipse Mattifying + Blurring Setting Spray,MILK MAKEUP,4.8528,38.0,Makeup,Face,16,2,1,7,4.6,0,0,0,0,0,1,0,0,0,0,0,0,0,0,0,0,0
P505005,The Travel Stash Makeup Set,MILK MAKEUP,4.2713,32.0,Makeup,Value & Gift Sets,90,7,5,26,3.0,0,1,1,0,1,3,0,0,1,1,0,0,0,1,0,1,2
P390708,Legend Body Spray,Montblanc,4.871,25.0,Bath & Body,Body Care,14,5,5,20,3.4,0,0,0,0,0,0,2,0,0,0,0,0,0,2,0,2,0
P432049,SuperYou Daily Stress Management,Moon Juice,4.5584,49.0,Skincare,Wellness,11,0,0,0,5.9,1,0,0,0,0,0,0,1,0,1,0,0,1,0,0,0,0
P454799,Mini SuperYou Daily Stress Management,Moon Juice,4.5749,25.0,Skincare,Mini Size,11,0,0,0,5.9,1,0,0,0,0,0,0,1,0,1,0,0,1,0,0,0,0
P435800,Acid Potion AHA + BHA Resurfacing Exfoliator,Moon Juice,4.547,42.0,Skincare,Treatments,20,4,3,15,4.5,1,4,5,2,3,3,0,1,4,3,0,1,0,3,0,1,3
P432831,Plump Jelly Hyaluronic Serum,Moon Juice,4.2605,58.0,Skincare,Treatments,18,0,0,0,5.1,0,0,0,0,0,0,0,0,0,0,0,0,0,0,0,0,0
P423157,Sex Dust   Adaptogens For Fire*,Moon Juice,3.8529,38.0,Skincare,Wellness,4,0,0,0,4.6,0,0,0,0,0,0,0,0,0,0,0,0,0,0,0,0,0
P454090,Cosmic Cream Collagen Protecting Moisturizer,Moon Juice,3.4667,58.0,Skincare,Moisturizers,39,2,2,8,3.6,0,1,2,0,0,0,0,0,1,1,0,0,0,0,0,0,0
P457002,SuperBeauty Daily Antioxidant SkinSupplement,Moon Juice,4.8696,60.0,Skincare,Wellness,5,0,0,0,5.8,0,0,0,0,0,0,0,0,0,0,0,0,0,0,0,0,0
P477202,Ting Energy + Metabolism Non-Stim Supplement With Ginseng,Moon Juice,4.5932,42.0,Skincare,Wellness,17,1,0,3,6.5,1,1,2,1,1,1,0,1,3,3,0,0,0,1,0,0,1
P452009,Magnesi-Om,Moon Juice,4.3146,42.0,Bath & Body,Beauty Supplements,8,0,0,0,5.8,0,0,1,0,0,0,0,0,1,1,0,0,0,0,0,0,0
P423159,Brain Dust,Moon Juice,3.9608,38.0,Skincare,Wellness,1,0,0,0,4.8,0,0,0,0,0,0,0,0,0,0,0,0,0,0,0,0,0
P454315,Milk Cleanse Gentle Foaming Cleanser,Moon Juice,4.4043,32.0,Skincare,Cleansers,28,1,1,4,5.1,0,0,1,0,0,0,0,0,1,1,0,0,0,0,0,0,0
P503944,Mini Acid Potion AHA + BHA Resurfacing Exfoliator,Moon Juice,3.5,15.0,Skincare,Treatments,20,4,3,15,3.2,1,4,5,2,3,3,0,1,4,3,0,1,0,3,0,1,3
P469193,Supers Set,Moon Juice,1.25,75.0,Skincare,Wellness,46,1,0,3,1.9,3,0,0,2,2,1,0,3,2,3,0,1,2,1,0,0,1
P470538,SuperPower Immune Support Supplement,Moon Juice,5.0,38.0,Skincare,Wellness,5,0,0,0,6.6,0,1,1,1,1,1,0,0,1,0,0,1,0,1,0,0,1
P412115,Dry Body Oil,Moroccanoil,4.1271,48.0,Bath & Body,Body Moisturizers,12,5,4,19,3.0,0,0,0,0,0,0,0,0,0,0,0,0,0,0,0,0,0
P435939,Night Body Serum,Moroccanoil,4.6836,62.0,Bath & Body,Body Moisturizers,16,0,0,0,6.0,0,0,0,0,1,1,0,0,1,0,0,0,0,0,0,0,1
P481721,Body Lotion Moisturizer,Moroccanoil,4.6079,28.0,Bath & Body,Body Moisturizers,48,1,1,4,6.7,10,0,1,1,0,3,0,1,1,11,0,0,0,0,0,0,0
P477823,Shower Gel Cleanser,Moroccanoil,4.4915,20.0,Bath & Body,Bath & Shower,24,3,3,12,4.4,1,0,1,0,0,0,0,0,1,2,0,0,0,0,0,0,0
P412108,Shimmering Body Oil,Moroccanoil,3.7241,48.0,Bath & Body,Body Moisturizers,12,5,3,18,2.5,0,0,0,0,0,0,0,0,0,0,0,0,0,0,0,0,0
P412114,Pure Argan Oil,Moroccanoil,4.2581,52.0,Bath & Body,Body Moisturizers,1,0,0,0,5.1,0,0,0,0,0,0,0,0,0,0,0,0,0,0,0,0,0
P438602,Moroccanoil Body Soap,Moroccanoil,3.7424,14.0,Bath & Body,Bath & Shower,16,3,3,12,2.5,0,0,0,0,0,0,0,0,0,0,0,0,0,0,0,0,0
P429254,Mini Dry Body Oil,Moroccanoil,4.5,29.0,Bath & Body,Body Moisturizers,12,5,4,19,3.4,0,0,0,0,0,0,0,0,0,0,0,0,0,0,0,0,0
P477717,Body Butter Moisturizer,Moroccanoil,4.5,38.0,Bath & Body,Body Moisturizers,51,3,2,11,4.8,1,0,0,1,0,2,0,2,1,1,0,0,0,0,0,0,1
P502746,Hand Cream,Moroccanoil,4.3958,22.0,Bath & Body,Body Moisturizers,30,3,2,11,4.7,1,0,1,0,0,0,0,1,2,2,0,0,0,0,0,0,0
P477718,Body Souffle Moisturizer,Moroccanoil,4.3844,38.0,Bath & Body,Body Moisturizers,48,4,3,15,5.3,1,0,1,1,0,1,0,2,2,2,0,0,0,0,0,0,0
P481722,Hand Wash,Moroccanoil,4.8367,20.0,Bath & Body,Body Care,27,3,3,12,4.8,1,0,1,0,0,0,0,0,1,2,0,0,0,0,0,0,0
P502662,Body Polishing Scrub,Moroccanoil,3.8,32.0,Bath & Body,Bath & Shower,17,0,0,0,4.6,0,0,0,0,0,0,0,0,0,0,0,0,0,0,0,0,0
P432824,De-Puffing Jade Facial Roller,Mount Lai,3.8771,36.0,Skincare,Wellness,2,0,0,0,4.7,0,0,0,0,0,0,0,0,0,0,0,0,0,0,0,0,0
P501518,Calming Herbal Repair Overnight Recovery Balm for Skin Barrier Support,Mount Lai,4.0875,60.0,Skincare,Treatments,24,1,0,3,5.1,1,0,0,0,0,0,0,1,1,1,0,0,0,0,0,0,0
P434340,De-Puffing Rose Quartz Facial Roller,Mount Lai,4.0,40.0,Skincare,Wellness,2,0,0,0,4.8,0,0,0,0,0,0,0,0,0,0,0,0,0,0,0,0,0
P4016,Acne Control Clarifying Cleanser,Murad,4.2348,36.0,Skincare,Cleansers,39,5,2,17,4.3,4,1,2,1,1,0,0,0,4,4,0,1,0,1,0,1,1
P440651,Mini Acne Control Clarifying Cleanser,Murad,4.236,14.0,Skincare,Mini Size,39,5,2,17,4.3,4,1,2,1,1,0,0,0,4,4,0,1,0,1,0,1,1
P411365,Retinol Youth Renewal Serum,Murad,4.5878,92.0,Skincare,Treatments,53,6,4,22,4.5,6,2,2,0,2,3,0,2,6,7,0,0,0,2,0,3,3
P440650,Mini Retinol Youth Renewal Serum,Murad,4.6089,32.0,Skincare,Mini Size,53,6,4,22,4.5,6,2,2,0,2,3,0,2,6,7,0,0,0,2,0,3,3
P254720,Acne Control Clarifying Cream Cleanser,Murad,4.3477,39.0,Skincare,Cleansers,53,2,2,8,4.6,7,2,3,2,2,6,0,0,3,9,0,1,0,2,0,1,2
P4015,Clarifying Toner,Murad,4.318,30.0,Skincare,Cleansers,25,2,2,8,5.2,1,0,0,1,0,2,0,2,2,1,0,0,0,0,0,0,1
P9940,Essential-C Day Moisture Broad Spectrum SPF 30 PA+++,Murad,4.2485,68.0,Skincare,Moisturizers,45,6,5,23,4.3,7,1,1,1,1,4,0,2,4,4,0,0,0,0,0,1,3
P4010,AHA/BHA Exfoliating Cleanser,Murad,4.4981,46.0,Skincare,Cleansers,21,7,6,27,4.4,1,3,5,1,4,3,0,0,5,3,0,1,0,3,0,1,4
P394397,Invisiblur Perfecting Shield Broad Spectrum SPF 30 PA+++,Murad,3.9547,71.0,Skincare,Treatments,38,6,5,23,2.5,0,0,0,0,1,2,0,0,1,0,0,1,0,1,0,1,2
P471788,Mini AHA/BHA Exfoliating Cleanser,Murad,4.4898,17.0,Skincare,Mini Size,21,7,6,27,4.4,1,3,5,1,4,3,0,0,5,3,0,1,0,3,0,1,4
P446423,InvisiScar Post-Acne Resurfacing Treatment,Murad,4.1167,38.0,Skincare,Treatments,19,3,3,12,3.9,1,1,1,2,3,2,0,0,2,1,0,2,0,2,0,1,2
P466673,Rapid Dark Spot Correcting Serum,Murad,4.3876,83.0,Skincare,Treatments,31,10,10,40,4.9,4,2,2,2,2,2,0,1,4,4,0,0,0,1,0,0,1
P34402,Acne Control Clarifying Body Spray,Murad,4.2898,48.0,Skincare,Treatments,15,2,2,8,4.9,0,1,1,1,1,2,0,1,1,1,0,0,0,1,0,0,1
P427638,Nutrient-Charged Water Gel,Murad,4.4755,71.0,Skincare,Moisturizers,70,11,3,36,5.2,10,0,1,1,2,5,0,3,5,8,0,0,0,0,0,0,1
P421432,Rapid Relief Acne Spot Treatment,Murad,3.9253,26.0,Skincare,Treatments,26,4,3,15,3.9,4,1,1,1,1,0,0,0,3,3,0,1,0,1,0,1,1
P446934,Oil and Pore Control Mattifier Broad Spectrum SPF 45 PA++++,Murad,3.9357,49.0,Skincare,Moisturizers,39,6,6,24,4.1,4,1,1,2,0,3,0,1,2,3,0,0,0,0,0,1,2
P500857,Deep Relief Acne Treatment with Salicylic Acid,Murad,4.7074,45.0,Skincare,Treatments,36,5,4,19,4.8,5,1,2,2,1,1,0,2,5,5,0,1,0,1,0,1,1
P7365,Pure Skin Clarifying Dietary Supplement,Murad,4.0723,50.0,Skincare,Wellness,41,3,2,11,3.9,4,2,2,4,3,4,0,3,5,5,0,2,0,3,0,1,3
P479645,Targeted Wrinkle Corrector,Murad,4.7252,79.0,Skincare,Treatments,27,2,1,7,6.3,5,0,0,0,0,0,0,1,3,4,0,0,0,0,0,0,0
P482540,Correct & Protect Broad Spectrum SPF 45| PA++++,Murad,4.7366,69.0,Skincare,Sunscreen,49,2,0,6,5.5,7,1,2,1,2,3,0,2,6,6,0,1,0,2,0,1,3
P268700,Hydro-Dynamic Ultimate Moisture,Murad,4.3565,83.0,Skincare,Moisturizers,58,3,3,12,4.2,10,0,1,3,1,4,0,6,8,9,0,0,3,0,1,1,2
P47517,Acne Body Wash,Murad,3.9934,48.0,Bath & Body,Bath & Shower,42,9,8,35,3.8,4,2,2,1,2,3,0,0,4,4,0,1,0,2,0,1,3
P9941,Essential-C Cleanser,Murad,4.4962,44.0,Skincare,Cleansers,36,5,5,20,4.4,1,0,0,1,1,4,0,2,2,1,0,1,0,1,0,1,3
P480461,Retinol Youth Renewal Eye Masks,Murad,4.6294,42.0,Skincare,Eye Care,33,0,0,0,6.6,5,1,2,0,1,2,0,1,5,6,0,0,0,1,0,2,2
P453928,Retinol Youth Renewal Eye Serum,Murad,4.5278,89.0,Skincare,Eye Care,40,2,2,8,4.8,6,2,1,0,2,3,0,1,5,6,0,0,0,2,0,2,2
P470227,Vitamin C Triple Exfoliating Facial,Murad,4.7306,85.0,Skincare,Treatments,46,9,7,34,4.7,6,3,3,1,5,4,0,1,8,6,0,2,0,4,0,1,5
P444970,Replenishing Multi-Acid Peel,Murad,4.6106,79.0,Skincare,Treatments,35,4,3,15,4.5,6,4,4,2,5,3,0,1,8,7,0,1,0,4,0,1,4
P456571,Vitamin C Glycolic Brightening Serum,Murad,4.2621,88.0,Skincare,Treatments,53,3,3,12,4.1,5,1,2,0,3,4,0,0,6,5,0,1,0,2,0,0,3
P417980,City Skin Age Defense Broad Spectrum SPF 50 PA++++,Murad,4.3219,69.0,Skincare,Sunscreen,44,4,2,14,4.2,5,0,0,1,1,2,0,1,4,4,0,1,0,1,0,1,2
P475135,Mini Vitamin C Glycolic Brightening Serum,Murad,4.2621,30.0,Skincare,Mini Size,53,3,3,12,4.1,5,1,2,0,3,4,0,0,6,5,0,1,0,2,0,0,3
P474075,AHA/BHA/Retinoid Daily Clarifying Peel,Murad,4.739,44.0,Skincare,Treatments,40,5,4,19,4.7,4,4,3,3,3,3,0,1,5,5,0,1,0,3,0,2,3
P453929,Retinol Youth Renewal Night Cream,Murad,4.6078,88.0,Skincare,Moisturizers,57,6,5,23,4.5,7,2,1,0,2,3,0,1,5,7,0,0,0,2,0,2,2
P4032,Hydrating Toner,Murad,4.2934,42.0,Skincare,Cleansers,31,5,5,20,5.0,6,0,0,0,0,1,0,1,4,5,0,0,0,0,0,0,1
P434550,Revitalixir Recovery Serum,Murad,4.3693,97.0,Skincare,Treatments,46,5,3,18,5.2,6,0,0,1,0,2,0,0,2,3,1,0,0,0,0,0,0
P456572,Vitamin C Dark Circle Correcting Eye Serum,Murad,4.0687,67.0,Skincare,Eye Care,48,0,0,0,6.1,7,0,0,0,2,5,0,0,4,3,0,1,0,1,0,0,2
P9939,Essential-C Toner,Murad,4.3088,42.0,Skincare,Cleansers,46,4,4,16,4.2,8,0,1,1,1,7,0,1,3,9,0,1,0,1,0,1,3
P433143,Outsmart Acne Clarifying Treatment,Murad,4.1923,49.0,Skincare,Treatments,45,7,7,28,4.6,4,2,3,2,1,3,0,1,4,5,0,0,0,1,0,0,1
P38217,Renewing Cleansing Cream,Murad,4.4646,45.0,Skincare,Cleansers,38,4,3,15,5.2,4,0,0,0,0,1,0,0,2,3,0,0,0,0,0,0,1
P107306,Renewing Eye Cream,Murad,4.0316,89.0,Skincare,Eye Care,55,4,2,14,4.0,5,1,1,0,1,5,0,1,4,5,0,0,0,1,0,1,2
P4039,Perfecting Day Cream Broad Spectrum SPF 30 PA+++,Murad,4.1724,65.0,Skincare,Moisturizers,52,4,3,15,4.2,7,0,0,0,0,3,0,3,5,5,0,0,0,0,0,1,3
P377178,Rapid Collagen Infusion,Murad,4.128,89.0,Skincare,Treatments,50,4,3,15,4.4,6,1,1,1,1,3,0,0,3,4,0,1,0,1,0,0,1
P429526,Multi-Vitamin Infusion Oil,Murad,4.4272,85.0,Skincare,Moisturizers,28,5,4,19,4.3,2,2,1,1,3,2,0,2,5,3,0,1,0,2,0,2,3
P467129,Acne Control 30-Day Trial Kit for Clearer Skin,Murad,3.5333,36.0,Skincare,Value & Gift Sets,99,13,9,48,3.2,5,4,5,6,5,5,0,1,7,5,0,4,0,4,0,4,6
P501003,Clarifying Water Gel Moisturizer with Hyaluronic Acid,Murad,3.0,49.0,Skincare,Moisturizers,65,4,3,15,2.8,7,1,3,3,1,1,0,1,5,6,0,1,0,1,0,1,1
P479646,Mini City Skin Age Defense Broad Spectrum SPF 50 PA++++,Murad,4.3333,25.0,Skincare,Sunscreen,44,4,2,14,4.2,5,0,0,1,1,2,0,1,4,4,0,1,0,1,0,1,2
P479696,Brighten Trial Kit,Murad,5.0,52.0,Skincare,Value & Gift Sets,122,17,15,66,5.0,8,2,3,2,4,8,0,3,8,6,0,1,0,2,0,1,5
P504438,Retinal Rescuplt Overnight Treatment,Murad,4.2713,105.0,Skincare,Treatments,43,6,4,22,3.6,5,1,2,0,1,1,0,1,5,6,0,0,0,1,0,1,1
P505343,Retinol Youth Renewal Value Duo,Murad,4.2713,126.0,Skincare,Value & Gift Sets,78,8,6,30,3.2,7,2,1,0,2,4,0,2,6,7,0,0,0,2,0,3,3
P388615,Nail Polish,NAILS INC.,4.1035,15.0,Makeup,Nail,18,0,0,0,5.5,0,0,1,0,0,0,0,0,1,1,0,0,0,0,0,0,0
P419467,Unicorn Nail Polish Duo,NAILS INC.,4.6338,15.0,Makeup,Nail,22,0,0,0,5.6,0,0,0,0,0,0,0,0,0,0,0,0,0,0,0,0,0
P460419,73% Plant Power Nail Polish,NAILS INC.,3.6364,10.0,Makeup,Nail,29,0,0,0,4.2,0,0,0,0,0,0,1,0,0,0,0,0,0,1,0,1,0
P388616,NAILKALE - Superfood Base Coat,NAILS INC.,4.4575,15.0,Makeup,Nail,44,2,2,8,3.7,0,0,0,0,0,2,0,0,1,0,0,0,0,0,0,1,2
P457823,Naked In Neon Nail Polish set,NAILS INC.,4.4851,22.0,Makeup,Nail,15,1,1,4,4.2,0,0,0,0,0,0,2,0,0,0,0,0,0,2,0,2,0
P454979,Retinol 45 Second Top Coat,NAILS INC.,4.0114,15.0,Makeup,Nail,25,3,1,10,3.6,0,1,2,1,1,1,1,0,1,1,0,0,0,2,0,2,1
P460629,Manicure & Pedicure Must Haves Set,NAILS INC.,4.1765,37.5,Makeup,Nail,69,5,3,18,4.0,0,1,4,1,2,2,1,0,4,3,0,1,0,3,0,2,2
P482049,Glow Naturale Nail Polish Duo,NAILS INC.,4.4583,15.0,Makeup,Nail,32,1,1,4,4.1,0,0,0,0,0,0,2,0,0,0,0,0,0,2,0,2,0
P458940,Peachy and Perky Lip Gloss and Nail Polish Set,NAILS INC.,3.8333,15.0,Makeup,Nail,42,5,5,20,3.2,0,0,1,0,0,0,0,0,1,1,0,0,0,0,0,0,0
P458939,Freshly Juiced Nail Polish Duo,NAILS INC.,4.3226,15.0,Makeup,Nail,37,6,4,22,4.0,0,0,1,0,1,2,0,0,3,1,0,1,0,1,0,0,2
P471789,Choose Plant Nail Polish Duo,NAILS INC.,2.6364,15.0,Makeup,Nail,32,4,2,14,1.0,0,0,0,0,0,0,1,0,0,0,0,0,0,1,0,1,0
P482047,Feeling So Fly Duo and Sticker Nail Polish Set,NAILS INC.,3.3333,16.0,Makeup,Nail,32,1,1,4,3.2,0,0,0,0,0,0,0,0,0,0,0,0,0,0,0,0,0
P500441,On The Horizon Nail Set,NAILS INC.,4.2,22.0,Makeup,Nail,35,3,3,12,3.6,0,0,1,0,0,0,0,0,1,1,0,0,0,0,0,0,0
P500418,Made in Mykonos Nail Set With Stickers,NAILS INC.,3.75,16.0,Makeup,Nail,30,2,2,8,2.7,0,0,0,0,0,0,1,0,0,0,0,0,0,1,0,1,0
P406503,NAILPURE- Base Coat,NAILS INC.,3.8,15.0,Makeup,Nail,42,3,2,11,2.4,0,0,0,0,0,1,0,0,0,0,0,0,0,0,0,1,1
P421252,NailPure Top Coat,NAILS INC.,3.0435,15.0,Makeup,Nail,13,0,0,0,4.3,0,0,1,1,0,0,0,0,1,0,0,0,0,0,0,0,0
P423310,Gel-less Gel Nail Polish Remover Kit,NAILS INC.,3.4167,19.0,Makeup,Nail,4,0,0,0,4.1,0,0,0,0,0,0,0,0,0,0,0,0,0,0,0,0,0
P501815,Caught in Camo Nail Polish Quad Set,NAILS INC.,4.4,22.0,Makeup,Nail,31,3,3,12,3.3,0,0,0,0,0,0,0,0,0,0,0,0,0,0,0,0,0
P461187,NailKale Superfood Nail Oil Capsules,NAILS INC.,4.1111,20.0,Makeup,Nail,14,1,0,3,4.3,0,0,0,0,0,0,0,0,0,0,0,0,0,0,0,0,0
P502857,French Mani Hack Nail Polish Set,NAILS INC.,2.0,16.0,Makeup,Nail,30,4,4,16,1.0,0,0,0,0,0,0,1,0,0,0,0,0,0,1,0,1,0
P505041,Glazing Over Nail Polish Duo Set,NAILS INC.,5.0,15.0,Makeup,Nail,32,4,4,16,3.8,0,0,0,0,0,0,1,0,0,0,0,0,0,1,0,1,0
P505011,Serving Swirls Nail Polish Quad Set,NAILS INC.,5.0,22.0,Makeup,Nail,33,4,4,16,4.6,0,0,1,0,0,0,0,0,1,1,0,0,0,0,0,0,0
P505010,Maniplex Nail Treatment,NAILS INC.,2.3333,15.0,Makeup,Nail,9,0,0,0,2.6,0,0,0,0,0,0,1,0,0,0,0,0,0,1,0,1,0
P377873,Radiant Creamy Concealer,NARS,4.308,32.0,Makeup,Face,32,3,2,11,4.0,1,0,0,0,0,0,0,1,1,1,0,0,0,0,0,0,0
P2855,Blush,NARS,4.6643,32.0,Makeup,Cheek,11,1,1,4,4.8,0,0,0,0,0,0,0,0,0,0,0,0,0,0,0,0,0
P78834,Velvet Matte Lipstick Pencil,NARS,4.4391,27.0,Makeup,Lip,30,2,1,7,5.3,1,0,1,0,0,1,0,1,2,2,0,0,0,0,0,0,1
P416200,Soft Matte Complete Concealer,NARS,4.4704,32.0,Makeup,Face,33,2,2,8,3.8,0,0,0,0,1,3,0,0,1,0,0,1,0,1,0,1,2
P387906,Audacious Lipstick,NARS,4.6191,34.0,Makeup,Lip,49,0,0,0,6.5,1,0,0,0,0,2,0,1,1,1,0,0,0,0,0,0,1
P427301,Natural Radiant Longwear Foundation,NARS,3.6654,50.0,Makeup,Face,46,3,2,11,2.8,1,0,0,0,0,0,0,0,0,1,0,0,0,0,0,0,0
P479338,Light Reflecting Advanced Skincare Foundation,NARS,4.1005,50.0,Makeup,Face,39,5,3,18,3.9,1,0,1,0,0,2,0,0,1,1,0,0,0,0,0,0,1
P247355,Sheer Glow Foundation,NARS,4.2189,47.0,Makeup,Face,29,1,0,3,5.5,1,0,0,0,1,2,0,0,1,1,0,0,0,0,0,0,1
P421485,Powermatte Lip Pigment,NARS,4.4027,30.0,Makeup,Lip,23,1,1,4,4.5,0,0,0,0,0,0,0,0,0,0,0,0,0,0,0,0,0
P302923,Pure Radiant Tinted Moisturizer Broad Spectrum SPF 30,NARS,4.356,46.0,Makeup,Face,44,7,6,27,4.4,2,0,0,0,1,3,0,0,1,0,0,0,0,0,0,0,1
P419506,Liquid Blush,NARS,4.1694,30.0,Makeup,Cheek,24,0,0,0,5.0,0,0,0,0,0,0,0,0,0,0,0,0,0,0,0,0,0
P13046537,Afterglow Lip Balm,NARS,4.0064,28.0,Makeup,Lip,33,3,1,10,3.6,1,0,0,0,0,0,0,1,1,1,0,0,0,0,0,0,0
P448502,Lipstick,NARS,4.1729,26.0,Makeup,Lip,32,3,3,12,3.0,0,0,0,0,0,0,0,0,0,0,0,0,0,0,0,0,0
P12790,Bronzer Powder,NARS,4.676,38.0,Makeup,Cheek,22,2,1,7,4.2,0,0,0,0,0,0,0,0,0,0,0,0,0,0,0,0,0
P462720,Soft Matte Complete Foundation,NARS,4.1135,42.0,Makeup,Face,32,3,3,12,3.7,2,0,0,0,0,2,0,0,0,0,0,0,0,0,0,0,0
P2866,"The Multiple Cream Blush, Lip and Eye Stick",NARS,4.3353,39.0,Makeup,Cheek,23,0,0,0,5.2,0,0,0,0,0,0,0,0,0,0,0,0,0,0,0,0,0
P261211,Pro-Prime Smudge Proof Eyeshadow Base,NARS,4.5911,26.0,Makeup,Eye,25,3,1,10,3.5,0,0,0,0,0,0,0,0,0,0,0,0,0,0,0,0,0
P377757,Light Reflecting Pressed Setting Powder,NARS,4.0612,40.0,Makeup,Face,24,1,0,3,5.7,2,0,0,1,0,1,0,1,1,1,0,0,0,0,0,0,0
P441810,Mini Voyageur Eyeshadow Palette,NARS,4.0297,32.0,Makeup,Eye,41,2,1,7,4.6,1,1,1,0,1,2,0,0,1,1,0,0,0,1,0,0,1
P471270,Laguna Bronzing Cream,NARS,4.633,38.0,Makeup,Cheek,19,3,3,12,3.6,0,0,0,0,0,0,0,0,0,0,0,0,0,0,0,0,0
P479337,Afterglow Lip Shine Gloss,NARS,4.5504,26.0,Makeup,Lip,37,0,0,0,5.5,0,0,0,0,0,0,0,0,0,0,0,0,0,0,0,0,0
P501583,Powermatte Long-Lasting Lipstick,NARS,4.4923,34.0,Makeup,Lip,21,0,0,0,5.4,0,0,0,0,0,0,0,0,0,0,0,0,0,0,0,0,0
P104006,Blush/Bronzer Duo,NARS,4.4884,42.0,Makeup,Cheek,34,5,3,18,3.4,0,0,0,0,0,0,0,0,0,0,0,0,0,0,0,0,0
P474358,Air Matte Liquid Lipstick,NARS,4.272,28.0,Makeup,Lip,14,3,2,11,3.5,0,0,0,0,1,1,0,0,1,0,0,0,0,0,0,0,1
P468392,Soft Matte Tinted Lip Balm,NARS,4.6048,28.0,Makeup,Lip,25,0,0,0,5.5,0,0,0,0,0,0,0,0,0,0,0,0,0,0,0,0,0
P377756,Light Reflecting Loose Setting Powder,NARS,4.0589,40.0,Makeup,Face,21,0,0,0,6.1,1,0,1,1,0,1,0,0,1,1,0,0,0,0,0,0,0
P468700,Air Matte Sheer Cream Blush,NARS,3.5361,30.0,Makeup,Cheek,22,0,0,0,4.2,0,0,0,0,0,0,0,0,0,0,0,0,0,0,0,0,0
P457302,Afterglow Lip Balm - Laguna Collection,NARS,4.3604,28.0,Makeup,Lip,24,1,0,3,5.4,1,0,0,0,0,0,0,1,1,1,0,0,0,0,0,0,0
P457632,Mini Laguna Getaway Bronzer Powder,NARS,4.0933,18.0,Makeup,Mini Size,22,2,1,7,3.5,0,0,0,0,0,0,0,0,0,0,0,0,0,0,0,0,0
P482702,Mini Afterglow Lip Shine Gloss Set,NARS,3.6471,25.0,Makeup,Lip,29,0,0,0,4.4,0,0,0,0,0,0,0,0,0,0,0,0,0,0,0,0,0
P422073,Precision Lip Liner,NARS,4.4615,24.0,Makeup,Lip,20,0,0,0,5.4,0,0,0,0,0,1,0,0,0,0,0,0,0,0,0,0,1
P457304,Matte Bronzer Powder,NARS,3.88,38.0,Makeup,Cheek,23,1,1,4,5.3,1,0,1,0,0,1,0,1,2,2,0,0,0,0,0,0,1
P473173,Radiant Creamy Liquid Color Corrector,NARS,3.5045,30.0,Makeup,Face,30,2,1,7,2.8,0,0,0,0,0,0,0,0,0,0,0,0,0,0,0,0,0
P504202,Soft Matte Advanced Perfecting Powder,NARS,3.9524,36.0,Makeup,Face,35,3,3,12,3.7,2,0,0,0,0,1,0,1,0,1,0,0,0,0,0,0,0
P2856,Monoi Body Glow I,NARS,3.9669,59.0,Makeup,Cheek,21,9,5,32,2.8,0,0,0,0,0,0,0,0,0,0,0,0,0,0,0,0,0
P448503,High-Pigment Longwear Eyeliner,NARS,2.2627,24.0,Makeup,Eye,27,0,0,0,2.7,0,0,0,0,0,0,0,0,0,0,0,0,0,0,0,0,0
P434385,Climax Mascara,NARS,3.2924,13.0,Makeup,Eye,19,2,2,8,2.4,0,0,0,0,0,0,0,0,0,0,0,0,0,0,0,0,0
P422079,Mini Blush Duo,NARS,3.9808,24.0,Makeup,Cheek,20,1,1,4,4.0,0,0,0,0,0,0,0,0,0,0,0,0,0,0,0,0,0
P480462,Mini Light Reflecting Setting Powder,NARS,3.5294,20.0,Makeup,Face,23,1,0,3,5.0,2,0,0,1,0,1,0,1,1,1,0,0,0,0,0,0,0
P415965,Radiance Primer Broad Spectrum SPF 35 Sunscreen,NARS,4.0353,36.0,Makeup,Face,37,2,1,7,3.8,0,0,1,1,0,1,0,0,0,0,0,0,0,0,0,0,1
P504808,Mini Orgasm Blush and Lip Gloss Duo Set,NARS,4.3333,27.0,Makeup,Mini Size,45,2,2,8,4.0,1,0,0,0,0,0,0,0,0,1,0,0,0,0,0,0,0
P504836,"Orgasm The Multiple Cream Blush, Lip and Eye Stick",NARS,2.9231,39.0,Makeup,Cheek,22,0,0,0,3.5,0,0,0,0,0,0,0,0,0,0,0,0,0,0,0,0,0
P504821,Orgasm Rising Eyeshadow Palette,NARS,4.8182,49.0,Makeup,Makeup Palettes,32,1,1,4,5.0,0,0,0,0,0,0,0,0,0,0,0,0,0,0,0,0,0
P504832,"Orgasm Four Play Blush, Contour, and Highlighter Palette",NARS,3.7143,45.0,Makeup,Cheek,38,4,3,15,3.7,2,0,0,0,0,0,0,1,1,2,0,0,0,0,0,0,0
P475138,Soft Matte Face Primer,NARS,3.7857,36.0,Makeup,Face,31,6,4,22,3.1,1,0,0,1,0,1,0,0,0,0,0,0,0,0,0,0,0
P475139,Climax Waterproof Liquid Eyeliner,NARS,3.3934,24.0,Makeup,Eye,19,3,3,12,2.7,0,0,1,0,0,0,0,0,1,1,0,0,0,0,0,0,0
P504830,Orgasm Thrills Lip Balm and Blush Set,NARS,4.2713,49.0,Makeup,Value & Gift Sets,51,4,3,15,3.4,2,0,0,0,0,0,0,1,1,2,0,0,0,0,0,0,0
P504081,Lunar New Year Light Reflecting Pressed Setting Powder and Puff,NARS,3.0,42.0,Makeup,Face,24,1,0,3,4.4,2,0,0,1,0,1,0,1,1,1,0,0,0,0,0,0,0
P505043,Mini Radiant Creamy Concealer and Afterglow Lip Shine Gloss Customizable Set,NARS,4.2713,25.0,Makeup,Value & Gift Sets,51,3,2,11,3.0,1,0,0,0,0,0,0,1,1,1,0,0,0,0,0,0,0
P505364,Afterglow Sensual Shine Hydrating Lipstick,NARS,4.2713,32.0,Makeup,Lip,45,0,0,0,5.0,1,0,0,0,0,0,0,1,1,1,0,0,0,0,0,0,0
P461188,Glam Eyeshadow Palette,Natasha Denona,4.5045,69.0,Makeup,Eye,49,3,3,12,3.4,0,0,0,0,0,0,0,0,0,0,0,0,0,0,0,0,0
P411826,Eyeshadow Palette 5,Natasha Denona,4.0902,48.0,Makeup,Eye,33,1,1,4,4.1,0,0,0,0,0,0,0,0,0,0,0,0,0,0,0,0,0
P440313,Mini Nude Eyeshadow Palette,Natasha Denona,4.5207,27.0,Makeup,Eye,24,1,1,4,4.6,0,0,0,0,0,0,0,0,0,0,0,0,0,0,0,0,0
P459829,Bronze Eyeshadow Palette,Natasha Denona,4.5815,69.0,Makeup,Eye,18,0,0,0,5.5,0,0,0,0,0,0,0,0,0,0,0,0,0,0,0,0,0
P475969,Retro Eyeshadow Palette,Natasha Denona,4.3802,69.0,Makeup,Eye,71,2,1,7,5.3,1,1,1,1,0,0,0,1,1,1,0,0,0,0,0,0,0
P436273,Mini Star Eyeshadow Palette,Natasha Denona,3.6311,25.0,Makeup,Eye,25,1,1,4,3.6,0,0,0,0,0,0,0,0,0,0,0,0,0,0,0,0,0
P453218,Mini Glam Eyeshadow Palette,Natasha Denona,4.1667,27.0,Makeup,Eye,26,1,1,4,4.2,0,0,0,0,0,0,0,0,0,0,0,0,0,0,0,0,0
P478018,Glam Face & Eye Palette,Natasha Denona,4.0171,62.0,Makeup,Face,45,1,1,4,4.0,0,0,0,0,0,0,0,0,0,0,0,0,0,0,0,0,0
P457653,Mini Retro Eyeshadow Palette,Natasha Denona,4.4227,27.0,Makeup,Mini Size,36,1,1,4,4.5,0,0,0,0,0,0,0,0,0,0,0,0,0,0,0,0,0
P413523,Star Eyeshadow Palette,Natasha Denona,4.0628,25.0,Makeup,Eye,25,1,1,4,4.1,0,0,0,0,0,0,0,0,0,0,0,0,0,0,0,0,0
P450057,Mini Gold Eyeshadow Palette,Natasha Denona,4.312,27.0,Makeup,Eye,33,3,3,12,3.2,0,0,0,0,0,0,0,0,0,0,0,0,0,0,0,0,0
P502079,My Dream Eyeshadow Palette,Natasha Denona,4.7524,69.0,Makeup,Eye,67,2,1,7,5.1,1,0,0,0,0,0,0,1,1,1,0,0,0,0,0,0,0
P444024,Mini Bronze & Glow Cheek Duo,Natasha Denona,4.0545,20.0,Makeup,Cheek,31,1,1,4,4.9,1,0,0,0,0,1,0,1,1,1,0,0,0,0,0,0,1
P482292,Pastel Eyeshadow Palette,Natasha Denona,3.9697,69.0,Makeup,Eye,48,2,1,7,4.2,1,0,0,0,0,0,0,1,1,1,0,0,0,0,0,0,0
P471790,Zendo Eyeshadow Palette,Natasha Denona,3.7553,69.0,Makeup,Eye,58,7,6,27,3.3,1,0,0,0,0,0,0,1,1,1,0,0,0,0,0,0,0
P468701,Mini Love Eyeshadow Palette,Natasha Denona,4.42,27.0,Makeup,Mini Size,5,0,0,0,5.3,0,0,0,0,0,0,0,0,0,0,0,0,0,0,0,0,0
P441872,Bloom Cheek Palette,Natasha Denona,4.6331,59.0,Makeup,Cheek,46,3,3,12,5.0,1,0,1,0,0,1,0,1,2,2,0,0,0,0,0,0,1
P501473,Retro Glam Eyeshadow Palette,Natasha Denona,4.7652,69.0,Makeup,Eye,15,0,0,0,5.7,0,0,0,0,0,0,0,0,0,0,0,0,0,0,0,0,0
P464791,Mini Zendo Eyeshadow Palette,Natasha Denona,4.3913,27.0,Makeup,Eye,40,4,4,16,3.3,0,0,0,0,0,0,0,0,0,0,0,0,0,0,0,0,0
P444921,Tan Bronze & Glow Palette,Natasha Denona,4.5074,59.0,Makeup,Cheek,53,1,1,4,5.2,0,0,1,0,0,0,0,0,1,1,0,0,0,0,0,0,0
P500263,Hy-Gen Skinglass Energizing & Hydrating Primer Serum,Natasha Denona,4.6136,48.0,Makeup,Face,42,8,6,30,5.1,5,1,2,1,1,2,0,1,3,6,0,0,0,1,0,0,1
P434566,Transformatte Pore Vanishing Matte Foundation,Natasha Denona,3.3209,45.0,Makeup,Face,34,1,1,4,3.2,0,0,0,0,0,0,0,0,0,0,0,0,0,0,0,0,0
P472992,Puff Paint Liquid Blush,Natasha Denona,4.1333,24.0,Makeup,Cheek,37,6,5,23,5.0,3,0,1,2,0,1,0,1,2,4,0,0,0,0,0,0,0
P481728,I Need A Rose Cream Lipstick,Natasha Denona,4.6555,27.0,Makeup,Lip,1,0,0,0,5.6,0,0,0,0,0,0,0,0,0,0,0,0,0,0,0,0,0
P502073,"My Dream Cheek Trio - Cream Blush, Glow Cream Base and Glow Powder Highlighter",Natasha Denona,4.6948,48.0,Makeup,Cheek,27,1,1,4,4.8,0,0,0,0,0,0,0,0,0,0,0,0,0,0,0,0,0
P482051,I Need A Rose Long Lasting Easy Glide Lip Pencil,Natasha Denona,4.8122,24.0,Makeup,Lip,20,0,0,0,5.8,0,0,0,0,0,0,0,0,0,0,0,0,0,0,0,0,0
P444034,Transfix Matte Concealer,Natasha Denona,2.7031,28.0,Makeup,Face,13,1,1,4,2.4,0,0,0,0,0,0,0,0,0,0,0,0,0,0,0,0,0
P503993,Mini Pastel Eyeshadow Palette,Natasha Denona,4.5,27.0,Makeup,Eye,44,1,1,4,4.6,0,0,0,0,0,0,0,0,0,0,0,0,0,0,0,0,0
P482052,I Need A Rose Lipgloss,Natasha Denona,4.6296,27.0,Makeup,Lip,26,0,0,0,5.6,0,0,0,0,0,0,0,0,0,0,0,0,0,0,0,0,0
P502442,My Dream Lipstick - Creamy Lip Color,Natasha Denona,4.687,27.0,Makeup,Lip,1,0,0,0,5.6,0,0,0,0,0,0,0,0,0,0,0,0,0,0,0,0,0
P502303,My Dream Lip Crayon - Long Lasting Easy Glide Lip Liner,Natasha Denona,4.8597,24.0,Makeup,Lip,21,2,2,8,4.2,0,0,0,0,0,0,0,0,0,0,0,0,0,0,0,0,0
P502353,My Dream Lip Gloss - Soft & Hydrating Lip Shine,Natasha Denona,4.7107,27.0,Makeup,Lip,28,0,0,0,5.7,0,0,0,0,0,0,0,0,0,0,0,0,0,0,0,0,0
P475142,Work & Set Gel Eyeliner,Natasha Denona,3.2667,26.0,Makeup,Eye,18,1,1,4,3.1,0,0,0,0,0,0,0,0,0,0,0,0,0,0,0,0,0
P475141,Macro Tech Eyeliner Crayon,Natasha Denona,3.6333,24.0,Makeup,Eye,1,0,0,0,4.4,0,0,0,0,0,0,0,0,0,0,0,0,0,0,0,0,0
P474359,Macro Blade Liquid Eyeliner,Natasha Denona,3.4643,27.0,Makeup,Eye,18,4,4,16,2.2,0,0,0,0,0,0,0,0,0,0,0,0,0,0,0,0,0
P505250,Love Face Eyeshadow & Cheek Essential Palette,Natasha Denona,3.3,62.0,Makeup,Makeup Palettes,55,1,1,4,3.2,0,0,0,0,0,0,0,0,0,0,0,0,0,0,0,0,0
P502350,Travel Brush Set & Makeup Pouch,Natasha Denona,3.7143,139.0,Makeup,Brushes & Applicators,2,0,0,0,4.5,0,0,0,0,0,0,0,0,0,0,0,0,0,0,0,0,0
P433973,Get Even Cold-Pressed Peel Pads,Naturally Serious,4.7217,32.0,Skincare,Treatments,36,6,5,23,5.7,4,0,0,0,0,0,0,3,3,4,0,0,0,0,0,0,0
P473133,Fruit-Tox Resurfacing Facial Remedy,Naturally Serious,4.6,27.0,Skincare,Treatments,48,5,2,17,5.5,3,0,0,1,0,1,0,4,3,3,0,0,0,0,0,0,0
P444216,After-Dark Natural Peptide Sleeping Cream,Naturally Serious,4.4407,37.0,Skincare,Moisturizers,43,6,4,22,4.7,1,0,0,1,0,1,0,2,1,1,0,0,0,0,0,0,0
P433971,Skin Warrior Moisture Rescue Cream,Naturally Serious,4.1905,35.0,Skincare,Moisturizers,52,9,7,34,5.0,2,0,1,3,0,1,0,3,3,3,1,0,0,0,0,0,0
P473148,Mask-imum Revival Hydra-Plumping Mask,Naturally Serious,4.381,27.0,Skincare,Masks,44,2,1,7,5.9,3,0,0,1,0,1,0,4,3,3,0,0,0,0,0,0,0
P433975,Zero Baggage Anti-Dark Circle Eye Cream,Naturally Serious,4.2155,26.0,Skincare,Eye Care,39,3,1,10,3.5,0,0,0,1,0,0,0,0,0,0,1,0,0,0,0,0,0
P433974,Supercharge Anti-Oxidant Moisture Serum,Naturally Serious,4.5758,39.0,Skincare,Treatments,50,8,7,31,5.5,3,0,0,2,0,1,0,4,3,3,1,0,0,0,0,0,0
P450587,Illumi-nation Anti-Fatigue Power Serum,Naturally Serious,4.6705,39.0,Skincare,Treatments,23,1,0,3,5.0,0,0,0,0,0,0,0,0,0,0,0,0,0,0,0,0,0
P500160,Mineral Sun Defense Moisturizer Broad Spectrum SPF 30,Naturally Serious,4.3766,36.0,Skincare,Sunscreen,34,1,0,3,5.5,0,1,1,0,1,1,0,0,1,1,0,0,0,1,0,0,1
P478020,Lemon-Aid Makeup-Removing Cleansing Gel,Naturally Serious,4.5522,19.0,Skincare,Cleansers,33,7,2,23,4.5,1,0,1,0,0,1,0,0,1,1,0,0,0,0,0,0,0
P478021,Sleepover Retin-Oil Nighttime Treatment,Naturally Serious,4.7656,39.0,Skincare,Treatments,31,0,0,0,7.1,1,1,1,0,1,1,0,1,2,2,0,0,0,1,0,1,1
P459727,"The Body Wash - With Niacinamide, Vitamins + Plant Surfactants",Nécessaire,4.4633,25.0,Bath & Body,Bath & Shower,22,3,1,10,4.0,0,0,1,0,0,0,0,0,1,1,0,0,0,0,0,0,0
P459138,"The Body Lotion - With Niacinamide, Vitamins + Peptides",Nécessaire,4.6814,28.0,Bath & Body,Body Moisturizers,32,4,2,14,5.6,3,0,0,0,0,0,0,3,3,3,0,0,0,0,0,0,0
P474847,"The Body Serum - With Hyaluronic Acid, Niacinamide + Ceramide",Nécessaire,4.7424,45.0,Bath & Body,Body Moisturizers,19,3,2,11,5.7,1,1,2,0,1,1,0,0,2,2,0,0,0,0,0,0,0
P459728,The Body Exfoliator - With Bamboo Charcoal,Nécessaire,4.3193,30.0,Bath & Body,Bath & Shower,30,5,4,19,4.2,2,4,4,1,4,3,0,0,4,3,0,1,0,3,0,1,3
P480463,The Deodorant Gel - With 5% Alpha Hydroxy Acid (AHA) and Niacinamide,Nécessaire,4.1638,15.0,Bath & Body,Body Care,23,4,3,15,4.2,2,3,4,0,3,3,0,0,4,4,0,0,0,2,0,0,2
P460570,The Hand Cream - With Peptide,Nécessaire,4.1983,20.0,Bath & Body,Body Moisturizers,26,3,2,11,4.0,1,0,0,0,0,1,0,1,1,1,0,0,0,0,0,0,0
P500993,"The Sunscreen - 100% Mineral, Broad Spectrum SPF 30 with 20% Non-Nano Zinc, Hyaluronic Acid and Niacinamide",Nécessaire,4.5322,25.0,Skincare,Sunscreen,35,3,1,10,5.4,3,0,1,1,0,0,0,3,4,4,0,0,0,0,0,0,0
P474076,The Body Oil - 100% Organic. 100% Cold-Pressed.,Nécessaire,4.037,40.0,Bath & Body,Body Moisturizers,5,0,0,0,4.8,0,0,0,0,0,0,0,0,0,0,0,0,0,0,0,0,0
P500039,The Neck Serum - With 5 Peptides | 9% Peptide Blend,Nécessaire,4.6903,60.0,Skincare,Moisturizers,33,5,4,19,5.6,2,0,1,0,0,4,0,1,2,3,0,0,0,0,0,0,0
P504029,"The Body Cream - With 5 Ceramides, Colloidal Oatmeal + Niacinamide",Nécessaire,4.8619,45.0,Bath & Body,Body Moisturizers,34,1,1,4,7.0,3,0,1,0,0,0,0,3,3,4,0,0,0,0,0,0,0
P503875,"The Body Bar - With 2% Physical Exfoliant, 5 Ceramides + Niacinamide",Nécessaire,4.1333,12.0,Bath & Body,Bath & Shower,24,2,2,8,5.4,3,0,0,0,0,0,0,3,2,3,0,0,0,0,0,0,0
P504054,"Mini The Body Lotion - With Niacinamide, Vitamins + Peptides",Nécessaire,3.9298,15.0,Bath & Body,Body Moisturizers,32,4,2,14,4.7,3,0,0,0,0,0,0,3,3,3,0,0,0,0,0,0,0
P504074,"The Body Wash - With Niacinamide, Vitamins + Plant Surfactants Refill",Nécessaire,3.7463,40.0,Bath & Body,Bath & Shower,22,3,1,10,3.1,0,0,1,0,0,0,0,0,1,1,0,0,0,0,0,0,0
P460869,Grapefruit Hand Soap,NEST New York,5.0,22.0,Bath & Body,Bath & Shower,28,10,10,40,4.6,0,0,1,0,0,0,0,0,1,1,0,0,0,0,0,0,0
P381775,Bamboo Liquid Hand Soap,NEST New York,4.2857,22.0,Bath & Body,Bath & Shower,29,11,10,43,3.7,0,0,1,0,0,0,0,0,1,1,0,0,0,0,0,0,0
P419419,Citrine Body Cream,NEST New York,5.0,55.0,Bath & Body,Body Moisturizers,56,12,12,48,4.8,1,0,0,0,1,3,0,1,2,1,0,1,0,1,0,2,3
P501007,Pumpkin Chai Liquid Soap,NEST New York,4.2713,22.0,Bath & Body,Body Care,28,9,9,36,2.8,0,0,1,0,0,0,0,0,1,1,0,0,0,0,0,0,0
P419107,Nudies Matte Cream Blush,NUDESTIX,4.493,35.0,Makeup,Cheek,21,0,0,0,5.4,0,0,0,0,0,0,0,0,0,0,0,0,0,0,0,0,0
P388953,Magnetic Eye Color,NUDESTIX,4.1453,27.0,Makeup,Eye,22,0,0,0,5.0,0,0,0,0,0,0,0,0,0,0,0,0,0,0,0,0,0
P428673,Nude Metallics For Eyes,NUDESTIX,4.0865,30.0,Makeup,Eye,23,0,0,0,4.9,0,0,0,0,0,0,0,0,0,0,0,0,0,0,0,0,0
P444609,Nudies Bloom All Over Dewy Color,NUDESTIX,4.2869,35.0,Makeup,Cheek,25,0,0,0,5.1,0,0,0,0,0,0,0,0,0,0,0,0,0,0,0,0,0
P405290,Intense Matte Lip + Cheek Pencil,NUDESTIX,4.3484,27.0,Makeup,Lip,12,0,0,0,5.2,0,0,0,0,0,0,0,0,0,0,0,0,0,0,0,0,0
P431758,Tinted Blur Foundation Stick,NUDESTIX,3.6797,32.0,Makeup,Face,19,0,0,0,4.4,0,0,0,0,0,0,0,0,0,0,0,0,0,0,0,0,0
P417912,Nudies All Over Face Color Bronze + Glow,NUDESTIX,4.2261,35.0,Makeup,Face,23,0,0,0,5.1,0,0,0,0,0,0,0,0,0,0,0,0,0,0,0,0,0
P457828,Sunset Nudes 3-piece Set,NUDESTIX,4.3953,27.0,Makeup,Face,49,0,0,0,5.3,0,0,0,0,0,0,0,0,0,0,0,0,0,0,0,0,0
P416774,Magnetic Matte Lip Color,NUDESTIX,3.6989,27.0,Makeup,Lip,24,0,0,0,4.4,0,0,0,0,0,0,0,0,0,0,0,0,0,0,0,0,0
P408286,Gel Color Lip + Cheek Balm,NUDESTIX,4.4444,27.0,Makeup,Lip,23,0,0,0,5.3,0,0,0,0,0,0,0,0,0,0,0,0,0,0,0,0,0
P444920,Nude Plumping Lip Glace,NUDESTIX,4.411,28.0,Makeup,Lip,44,0,0,0,5.7,0,0,0,0,0,3,0,0,0,0,0,0,0,0,0,0,1
P448152,Tinted Cover Skin Tint Foundation,NUDESTIX,4.0,36.0,Makeup,Face,49,2,2,8,3.2,0,0,0,0,0,0,0,0,0,0,0,0,0,0,0,0,0
P501811,Mini Soft & Warm Nudes 3-Piece Kit,NUDESTIX,4.0,29.0,Makeup,Face,47,0,0,0,4.8,0,0,0,0,0,0,0,0,0,0,0,0,0,0,0,0,0
P400017,Eyebrow Stylus Pencil & Gel,NUDESTIX,4.1958,27.0,Makeup,Eye,24,1,1,4,4.2,0,0,0,0,0,1,0,0,0,0,0,0,0,0,0,0,1
P500480,Nudies Matte Cream Bronzer,NUDESTIX,4.3312,35.0,Makeup,Cheek,19,0,0,0,5.2,0,0,0,0,0,0,0,0,0,0,0,0,0,0,0,0,0
P501183,Nudies Matte Lux All-Over Face Blush,NUDESTIX,4.6076,35.0,Makeup,Cheek,21,1,1,4,4.7,0,0,0,0,0,0,0,0,0,0,0,0,0,0,0,0,0
P463098,Nudefix Cream Concealer,NUDESTIX,4.3333,28.0,Makeup,Face,33,1,1,4,4.4,0,0,0,0,0,1,0,0,0,0,0,0,0,0,0,0,1
P481828,Nudescreen Daily Mineral Veil SPF 30,NUDESTIX,4.0789,36.0,Skincare,Moisturizers,25,3,2,11,3.3,0,0,1,1,0,0,0,0,0,0,0,0,0,0,0,0,0
P501155,Tinted Blur Contour Sculpting Stick,NUDESTIX,4.3162,32.0,Makeup,Face,20,0,0,0,5.2,0,0,0,0,0,0,0,0,0,0,0,0,0,0,0,0,0
P463096,Glowy Nude Skin 2pcs,NUDESTIX,4.0,47.0,Makeup,Cheek,40,0,0,0,4.8,0,0,0,0,0,0,0,0,0,0,0,0,0,0,0,0,0
P501177,Blot & Blur Matte Stick,NUDESTIX,4.2796,34.0,Makeup,Face,22,0,0,0,5.1,0,0,0,0,0,0,0,0,0,0,0,0,0,0,0,0,0
P501780,Mini 90's Nude Lips 3-Piece Kit,NUDESTIX,4.2222,29.0,Makeup,Lip,28,0,0,0,5.1,0,0,0,0,0,0,0,0,0,0,0,0,0,0,0,0,0
P463099,Pretty Nude Skin 2pcs,NUDESTIX,3.4545,47.0,Makeup,Cheek,37,0,0,0,4.1,0,0,0,0,0,0,0,0,0,0,0,0,0,0,0,0,0
P476894,NUDESKIN Lemon-Aid Detox & Glow Micro-Peel,NUDESTIX,4.4691,35.0,Skincare,Treatments,21,3,1,10,5.0,3,1,1,0,1,2,0,0,1,3,0,0,0,1,0,0,1
P476893,NUDESKIN Citrus-C Mask & Daily Moisturizer,NUDESTIX,4.2603,39.0,Skincare,Moisturizers,37,5,5,20,3.1,0,0,0,0,0,0,0,0,0,0,0,0,0,0,0,0,0
P475143,NUDESKIN 3-Step: Citrus Renew Set For Makeup,NUDESTIX,3.7639,29.0,Skincare,Value & Gift Sets,83,12,10,46,4.1,3,1,1,0,1,2,0,0,1,3,0,0,0,1,0,0,1
P502770,"No Edit, No Filter, Just Glam 3-Piece Glamzilla Set",NUDESTIX,3.5,69.0,Makeup,Face,42,1,1,4,3.4,0,0,0,0,0,0,0,0,0,0,0,0,0,0,0,0,0
P482054,Euphoric Nudes 7pc Festival Palette,NUDESTIX,4.5429,79.0,Makeup,Eye,71,0,0,0,5.5,0,0,0,0,0,3,0,0,0,0,0,0,0,0,0,1,2
P472178,Brow Set Gel XL,NUDESTIX,4.0088,28.0,Makeup,Eye,17,1,1,4,4.2,0,0,0,0,0,1,0,0,0,0,0,0,0,0,0,0,0
P388950,Lash Lengthening Mascara,NUDESTIX,3.8355,28.0,Makeup,Eye,50,5,4,19,4.2,2,0,0,0,0,0,0,2,2,2,0,0,0,0,0,0,0
P482055,Hydra-Peptide Lip Butter with Mini Intense Matte Lip + Cheek Pencil,NUDESTIX,4.6019,18.0,Makeup,Lip,38,2,2,8,4.3,0,0,0,0,0,2,0,0,0,0,0,0,0,0,0,0,0
P501789,Mini Trendy Blush 3-Piece Kit,NUDESTIX,4.5,29.0,Makeup,Face,40,0,0,0,5.4,0,0,0,0,0,0,0,0,0,0,0,0,0,0,0,0,0
P478511,Brows & Lashes 3pc Kit,NUDESTIX,4.3152,32.0,Makeup,Value & Gift Sets,78,6,5,23,5.0,2,0,0,0,0,1,0,2,2,2,0,0,0,0,0,0,0
P504874,Nudescreen Lip Primer SPF 30 Natural,NUDESTIX,4.3333,18.0,Makeup,Lip,28,3,2,11,3.6,0,0,1,1,0,0,0,0,0,0,0,0,0,0,0,0,0
P504873,Nude Earth Eye Palette 6 Pc Kit,NUDESTIX,5.0,69.0,Makeup,Eye,30,0,0,0,6.0,0,0,0,0,0,0,0,0,0,0,0,0,0,0,0,0,0
P472179,Vegan Splashproof Mascara,NUDESTIX,4.3254,28.0,Makeup,Eye,22,1,1,4,4.4,0,0,0,0,0,0,0,0,0,0,0,0,0,0,0,0,0
P476892,NUDESKIN Citrus Clean Balm & Make-Up Melt,NUDESTIX,5.0,35.0,Makeup,Accessories,31,5,5,20,4.0,0,0,0,0,0,0,0,0,0,0,0,0,0,0,0,0,0
P504322,Gentle Hydra-Gel Face Cleanser,NUDESTIX,5.0,19.0,Skincare,Cleansers,22,2,2,8,4.4,0,0,0,0,0,0,0,0,0,0,0,0,0,0,0,0,0
P504330,5% Citrus Fruit & Glycolic Glow Toner,NUDESTIX,4.2713,29.0,Skincare,Cleansers,37,10,4,34,3.4,1,1,1,0,1,1,0,0,1,2,0,0,0,1,0,0,1
P504306,Citrus Clean Balm & Makeup Melt,NUDESTIX,4.2713,35.0,Makeup,Accessories,31,5,5,20,2.2,0,0,0,0,0,0,0,0,0,0,0,0,0,0,0,0,0
P407080,Love is Louder Lip + Cheek Pencil,NUDESTIX,4.377,27.0,Makeup,Lip,12,0,0,0,5.3,0,0,0,0,0,0,0,0,0,0,0,0,0,0,0,0,0
P504286,Nudestix Lemon-Aid Detox & Glow Micro-Peel,NUDESTIX,4.2713,35.0,Skincare,Treatments,21,3,1,10,3.8,3,1,1,0,1,2,0,0,1,3,0,0,0,1,0,0,1
P502852,NuFACE Mini+ Petite Facial Toning Device,NuFACE,4.5314,245.0,Skincare,High Tech Tools,44,7,6,27,5.4,4,0,2,2,0,1,0,3,3,4,0,0,0,0,0,0,0
P385320,Trinity + Eye and Lip Enhancer Attachment Bundle,NuFACE,3.4381,449.0,Skincare,High Tech Tools,14,2,2,8,2.7,0,0,0,1,0,0,0,0,0,0,0,0,0,0,0,0,0
P402992,Trinity + Eye and Lip Enhancer Attachment Bundle,NuFACE,3.4381,429.0,Skincare,High Tech Tools,6,0,0,0,4.1,0,0,0,0,0,0,0,0,0,0,0,0,0,0,0,0,0
P474968,NuFACE Hydrating Aqua Gel,NuFACE,4.3182,39.0,Skincare,Moisturizers,25,5,5,20,4.6,2,0,1,1,0,1,0,1,0,1,0,0,0,0,0,0,0
P428005,NuBODY Skin Toning Device,NuFACE,4.25,399.0,Skincare,High Tech Tools,25,5,5,20,4.5,2,0,1,1,0,1,0,1,0,1,0,0,0,0,0,0,0
P474967,NuFACE Firming and Brightening Silk Crème,NuFACE,4.5625,69.0,Skincare,Moisturizers,38,5,4,19,5.5,4,0,2,2,0,1,0,3,3,4,0,0,0,0,0,0,0
P393600,Trinity Facial Toning Device + Wrinkle Reducer Attachment Bundle,NuFACE,3.5385,449.0,Skincare,High Tech Tools,6,0,0,0,4.2,0,0,0,0,0,0,0,0,0,0,0,0,0,0,0,0,0
P481138,FIX  Line Smoothing Device,NuFACE,2.0,159.0,Skincare,High Tech Tools,35,5,4,19,2.2,2,0,1,1,0,3,0,1,0,1,0,0,0,0,0,0,0
P402993,Trinity Facial Toning Device + Wrinkle Reducer Attachment Bundle,NuFACE,3.6667,429.0,Skincare,High Tech Tools,6,0,0,0,4.4,0,0,0,0,0,0,0,0,0,0,0,0,0,0,0,0,0
P500464,NuBODY - Body Toning Device,NuFACE,1.0,399.0,Skincare,High Tech Tools,25,5,5,20,1.0,2,0,1,1,0,1,0,1,0,1,0,0,0,0,0,0,0
P504221,Trinity+ Starter Kit,NuFACE,5.0,395.0,Skincare,High Tech Tools,47,8,7,31,6.0,4,0,2,2,0,1,0,3,3,4,0,0,0,0,0,0,0
P504676,NuFACE Trinity+ & Effective Lip and Eye Attachment,NuFACE,4.2713,495.0,Skincare,High Tech Tools,44,7,6,27,4.2,4,0,2,2,0,1,0,3,3,4,0,0,0,0,0,0,0
P481137,FIX Line Smoothing Serum,NuFACE,4.2713,49.0,Skincare,Treatments,35,5,4,19,4.0,2,0,1,1,0,3,0,1,0,1,0,0,0,0,0,0,0
P430337,C-Rush Vitamin C Gel Moisturizer,OLEHENRIKSEN,4.3404,51.0,Skincare,Moisturizers,46,8,6,30,4.2,3,0,1,0,2,3,0,2,6,4,0,1,0,1,0,0,3
P439061,Glow2OH Dark Spot Toner,OLEHENRIKSEN,4.1922,35.0,Skincare,Cleansers,22,7,5,26,4.2,1,3,3,0,2,2,0,0,2,2,0,0,0,2,0,0,2
P448207,PHAT Glow Facial Mask,OLEHENRIKSEN,4.3854,52.0,Skincare,Masks,42,6,5,23,4.7,1,1,1,0,2,2,0,0,2,1,0,1,0,1,0,0,1
P416816,Balancing Force Oil Control Toner,OLEHENRIKSEN,4.3017,35.0,Skincare,Cleansers,26,5,4,19,4.2,5,4,4,1,4,4,0,2,6,5,0,1,0,3,0,1,3
P431848,Cold Plunge Pore Mask,OLEHENRIKSEN,4.5335,41.0,Skincare,Masks,31,4,3,15,4.4,2,2,3,1,2,2,0,0,3,2,0,1,0,2,0,1,2
P473322,Dewtopia 20% Acid Night Treatment,OLEHENRIKSEN,4.5614,60.0,Skincare,Treatments,41,11,7,40,4.7,2,3,3,0,3,3,0,0,3,3,0,0,0,2,0,0,2
P416815,Find Your Balance Oil Control Cleanser,OLEHENRIKSEN,4.4299,33.0,Skincare,Cleansers,28,5,4,19,4.5,4,3,3,0,2,3,0,2,4,4,0,0,0,2,0,0,2
P466142,Lemonade Smoothing Scrub,OLEHENRIKSEN,4.5795,35.0,Skincare,Cleansers,39,12,7,43,4.7,2,2,2,0,2,2,0,0,2,3,0,0,0,2,0,0,2
P434545,Glow Cycle Retin-ALT Power Serum,OLEHENRIKSEN,4.2873,60.0,Skincare,Treatments,42,9,6,33,4.3,2,2,3,0,2,3,0,1,4,4,0,0,0,2,0,0,2
P456566,Banana Bright 15% Vitamin C Serum,OLEHENRIKSEN,3.9404,71.0,Skincare,Treatments,45,8,6,30,3.9,1,2,2,0,2,3,0,0,3,1,0,1,0,1,0,0,2
P472050,Cold Plunge Pore Remedy Moisturizer with BHA/LHA,OLEHENRIKSEN,4.3959,51.0,Skincare,Moisturizers,35,2,2,8,4.9,2,1,2,1,1,2,0,0,2,1,0,1,0,1,0,1,1
P442012,Banana Bright Face Primer,OLEHENRIKSEN,4.3071,40.0,Makeup,Face,53,9,6,33,4.4,2,1,1,1,2,2,0,1,4,2,0,1,0,1,0,0,2
P469213,Wrinkle Blur Bakuchiol Eye Gel Crème,OLEHENRIKSEN,4.3939,52.0,Skincare,Eye Care,56,10,8,38,5.3,2,1,2,1,1,5,0,1,2,3,0,0,0,0,0,0,0
P418872,Pore-Balance Facial Sauna Scrub,OLEHENRIKSEN,4.5597,35.0,Skincare,Cleansers,28,3,2,11,4.7,3,2,2,0,2,2,0,2,4,4,0,0,0,2,0,0,2
P479339,Strength Trainer Peptide Boost Moisturizer,OLEHENRIKSEN,4.5522,51.0,Skincare,Moisturizers,72,3,3,12,5.5,11,0,1,1,0,6,0,4,4,12,0,0,0,0,0,0,0
P483679,Truth Barrier Booster Orange Ferment Vitamin C Essence,OLEHENRIKSEN,4.814,48.0,Skincare,Moisturizers,42,8,5,29,5.6,2,1,3,1,1,2,0,0,3,3,0,0,0,0,0,0,1
P500613,Banana Bright+ Vitamin C Eye Crème,OLEHENRIKSEN,4.2017,42.0,Skincare,Eye Care,60,6,4,22,4.0,3,0,1,0,3,4,0,2,7,4,0,2,0,2,0,0,4
P453227,Truth Juice Daily Cleanser,OLEHENRIKSEN,4.2372,33.0,Skincare,Cleansers,36,7,5,26,5.1,2,1,2,0,1,1,0,0,2,3,0,0,0,0,0,0,0
P459133,Mini Truth Juice Daily Cleanser,OLEHENRIKSEN,4.2372,16.0,Skincare,Mini Size,36,7,5,26,5.1,2,1,2,0,1,1,0,0,2,3,0,0,0,0,0,0,0
P434546,Goodnight Glow Bakuchiol Sleeping Crème,OLEHENRIKSEN,3.8817,60.0,Skincare,Moisturizers,50,9,7,34,3.9,3,2,3,0,2,3,0,2,5,5,0,0,0,2,0,0,2
P503651,Dewtopia 5% AHA Firming Night Crème,OLEHENRIKSEN,4.8319,60.0,Skincare,Moisturizers,57,11,7,40,5.0,3,2,3,0,2,3,0,2,5,5,0,0,0,2,0,0,2
P504639,Banana Bright+ Vitamin CC Eye Sticks,OLEHENRIKSEN,4.604,34.0,Skincare,Eye Care,28,3,1,10,4.5,0,0,0,1,1,2,0,0,2,0,1,0,0,0,0,0,2
P504043,Hydrabarrier Nourishing Face Oil,OLEHENRIKSEN,4.8186,58.0,Skincare,Moisturizers,26,4,3,15,5.8,3,0,0,0,0,3,0,3,3,3,0,0,0,0,0,0,0
P500033,Firmly Yours Dry Body Oil with Peptides,OLEHENRIKSEN,4.4734,45.0,Bath & Body,Body Moisturizers,32,6,3,21,5.4,5,0,0,1,0,2,0,5,5,5,0,0,0,0,0,0,0
P470240,Truth Serum Vitamin C Serum,OLEHENRIKSEN,4.1875,56.0,Skincare,Treatments,37,5,3,18,4.2,0,0,2,0,2,2,0,0,3,1,0,1,0,1,0,0,2
P503878,Pout Preserve Peptide Lip Treatment,OLEHENRIKSEN,4.5727,22.0,Skincare,Lip Balms & Treatments,40,6,4,22,5.1,4,1,1,0,1,3,0,3,4,4,0,0,0,1,0,0,1
P459131,3 Mega Wonders,OLEHENRIKSEN,4.2346,65.0,Skincare,Value & Gift Sets,80,15,12,57,4.1,5,4,5,0,5,6,0,2,9,7,0,1,0,3,0,0,5
P500047,BeamCream Smoothing Body Moisturizer with AHAs,OLEHENRIKSEN,4.415,38.0,Bath & Body,Body Moisturizers,47,11,5,38,4.5,1,3,3,1,2,2,0,0,2,2,1,0,0,2,0,0,2
P471566,Mini Lemonade Smoothing Scrub,OLEHENRIKSEN,4.1923,18.0,Skincare,Mini Size,39,12,7,43,4.2,2,2,2,0,2,2,0,0,2,3,0,0,0,2,0,0,2
P502976,Stay in Touch Restorative Hand Crème,OLEHENRIKSEN,4.541,22.0,Bath & Body,Body Moisturizers,42,10,4,34,5.4,4,1,1,0,0,0,0,4,4,4,0,0,0,0,0,0,0
P472180,Balance It All Oil Control & Pore-Refining Set,OLEHENRIKSEN,3.6364,40.0,Skincare,Value & Gift Sets,64,6,5,23,3.4,6,6,7,1,5,6,0,2,8,7,0,1,0,4,0,1,4
P503572,Let's Get Luminous Brightening Essentials Set,OLEHENRIKSEN,3.4444,46.0,Skincare,Value & Gift Sets,82,9,6,33,3.1,2,0,2,0,4,5,0,2,8,3,0,2,0,2,0,0,5
P454800,Mini Glow2OH Dark Spot Toner,OLEHENRIKSEN,4.5,19.0,Skincare,Mini Size,22,7,5,26,4.6,1,3,3,0,2,2,0,0,2,2,0,0,0,2,0,0,2
P503933,The Night Time Edit- Jenna Rennert X OLEHENRIKSEN,OLEHENRIKSEN,3.4,65.0,Skincare,Value & Gift Sets,91,17,12,63,3.3,5,4,5,0,3,4,0,2,6,7,0,0,0,2,0,0,2
P503876,OLE Glow Icons Skincare Set,OLEHENRIKSEN,3.75,62.0,Skincare,Value & Gift Sets,110,12,9,45,3.5,13,4,5,1,4,11,0,4,9,15,0,1,0,3,0,0,4
P504035,Mini BeamCream Smoothing Body Moisturizer with AHAs,OLEHENRIKSEN,4.0,20.0,Bath & Body,Body Moisturizers,47,11,5,38,4.0,1,3,3,1,2,2,0,0,2,2,1,0,0,2,0,0,2
P504032,Glow Strong Mini Moisturizer + Eye Cream Duo,OLEHENRIKSEN,4.2713,25.0,Skincare,Value & Gift Sets,117,9,7,34,3.2,12,0,1,1,3,10,0,4,8,13,0,2,0,2,0,0,4
P469953,Turn Up The Base Versatile Powder Foundation,ONE/SIZE by Patrick Starrr,4.2276,38.0,Makeup,Face,18,1,1,4,4.3,0,0,0,0,0,0,0,0,0,0,0,0,0,0,0,0,0
P466143,Mini Ultimate Blurring Setting Powder,ONE/SIZE by Patrick Starrr,4.3026,18.0,Makeup,Mini Size,18,1,1,4,4.4,0,0,0,0,0,1,0,0,0,0,0,0,0,0,0,0,1
P466144,Ultimate Blurring Setting Powder,ONE/SIZE by Patrick Starrr,4.3138,34.0,Makeup,Face,18,1,1,4,4.4,0,0,0,0,0,1,0,0,0,0,0,0,0,0,0,0,1
P478536,Turn Up the Base Blurring Foundation,ONE/SIZE by Patrick Starrr,4.2718,35.0,Makeup,Face,27,0,0,0,5.1,0,0,0,0,0,0,0,0,0,0,0,0,0,0,0,0,0
P476719,On 'Til Dawn Mattifying Waterproof Setting Spray,ONE/SIZE by Patrick Starrr,4.1483,32.0,Makeup,Face,21,3,3,12,3.0,0,0,0,0,0,0,0,0,0,0,0,0,0,0,0,0,0
P473741,Turn Up the Base Butter Silk Concealer,ONE/SIZE by Patrick Starrr,4.2798,28.0,Makeup,Face,31,1,1,4,5.3,0,0,1,1,0,0,0,0,1,1,1,0,0,0,0,0,0
P476718,Mini On 'Til Dawn Mattifying Waterproof Setting Spray,ONE/SIZE by Patrick Starrr,4.1483,17.0,Makeup,Mini Size,21,3,3,12,3.0,0,0,0,0,0,0,0,0,0,0,0,0,0,0,0,0,0
P461665,Point Made Waterproof Liquid Eyeliner Pen,ONE/SIZE by Patrick Starrr,4.2245,19.0,Makeup,Eye,19,1,1,4,4.9,0,0,1,0,0,0,0,0,1,1,0,0,0,0,0,0,0
P468394,Secure the Blur Makeup Magnet Primer,ONE/SIZE by Patrick Starrr,4.1303,34.0,Makeup,Face,22,1,0,3,4.4,0,0,0,0,0,0,0,0,0,0,0,0,0,0,0,0,0
P461664,PATRICK STARRR Visionary Eyeshadow Palette,ONE/SIZE by Patrick Starrr,3.6182,42.0,Makeup,Eye,56,0,0,0,5.1,1,0,0,1,1,2,0,0,1,0,1,1,0,1,0,0,1
P482710,Made for Shade Bronze & Sculpt Trio Palette,ONE/SIZE by Patrick Starrr,4.8093,38.0,Makeup,Face,18,2,1,7,4.4,0,0,0,0,0,0,0,0,0,0,0,0,0,0,0,0,0
P461666,Eye Popper Sparkle Vision Liquid Eyeshadow,ONE/SIZE by Patrick Starrr,3.7284,24.0,Makeup,Eye,21,4,3,15,3.3,1,0,0,0,0,0,0,1,1,1,0,0,0,0,0,0,0
P504363,Lip Snatcher Hydrating Liquid Lipstick and Lip Gloss Duo,ONE/SIZE by Patrick Starrr,4.297,28.0,Makeup,Lip,35,0,0,0,5.2,0,0,0,0,0,0,0,0,0,0,0,0,0,0,0,0,0
P461923,Point Made 24-Hour Gel Eyeliner Pencil,ONE/SIZE by Patrick Starrr,4.2252,19.0,Makeup,Eye,12,0,0,0,5.1,0,0,0,0,0,0,0,0,0,0,0,0,0,0,0,0,0
P504605,Lip Snatcher Waterproof Precision Lip Liner,ONE/SIZE by Patrick Starrr,4.569,14.0,Makeup,Lip,16,0,0,0,5.5,0,0,0,0,0,0,0,0,0,0,0,0,0,0,0,0,0
P461667,Mini GO OFF Makeup Dissolving Mist,ONE/SIZE by Patrick Starrr,4.168,18.0,Skincare,Mini Size,10,1,0,3,4.4,0,0,0,0,0,0,0,0,0,0,0,0,0,0,0,0,0
P91627362,GO OFF Makeup Dissolving Mist,ONE/SIZE by Patrick Starrr,4.1746,24.0,Skincare,Cleansers,10,1,0,3,4.4,0,0,0,0,0,0,0,0,0,0,0,0,0,0,0,0,0
P500481,Fantasize Lifting & Lengthening Mascara,ONE/SIZE by Patrick Starrr,4.3293,25.0,Makeup,Eye,27,2,2,8,3.6,0,0,0,0,0,0,0,0,0,0,0,0,0,0,0,0,0
P500501,Mini Fantasize Lifting & Lengthening Mascara,ONE/SIZE by Patrick Starrr,4.1312,15.0,Makeup,Eye,27,2,2,8,3.4,0,0,0,0,0,0,0,0,0,0,0,0,0,0,0,0,0
P472993,BrowKiki Nourishing Tinted Brow Gel,ONE/SIZE by Patrick Starrr,4.375,21.0,Makeup,Eye,21,1,0,3,4.7,0,0,0,0,0,0,0,0,0,0,0,0,0,0,0,0,0
P472995,BrowKiki Micro Brow Defining Pencil,ONE/SIZE by Patrick Starrr,4.3026,19.0,Makeup,Eye,14,1,1,4,4.4,0,0,0,0,0,0,0,0,0,0,0,0,0,0,0,0,0
P501749,Disney Fantasia and ONE/SIZE Face and Eye Palette,ONE/SIZE by Patrick Starrr,4.6,49.0,Makeup,Face,53,2,1,7,4.3,0,0,0,1,1,1,0,0,1,0,0,1,0,1,0,0,1
P500733,Eye Popper Creamy Matte Liquid Eyeshadow,ONE/SIZE by Patrick Starrr,5.0,24.0,Makeup,Eye,19,0,0,0,6.0,0,0,0,0,0,0,0,0,0,0,0,0,0,0,0,0,0
P472994,BrowKiki Nourishing Clear Brow Gel,ONE/SIZE by Patrick Starrr,3.8929,21.0,Makeup,Eye,6,1,0,3,4.1,0,0,0,0,0,0,0,0,0,0,0,0,0,0,0,0,0
P500638,Replenishing Body Wash,Oribe,4.4138,48.0,Bath & Body,Bath & Shower,52,14,14,56,4.3,1,0,1,0,0,0,0,0,1,2,0,0,0,0,0,0,0
P500641,Restorative Body Crème,Oribe,4.6818,65.0,Bath & Body,Body Moisturizers,59,10,10,40,4.2,0,0,1,0,1,1,0,0,2,1,0,1,0,1,0,0,1
P297524,Clear Improvement Active Charcoal Mask to Clear Pores,Origins,4.3292,17.0,Skincare,Masks,23,1,0,3,5.4,1,0,0,0,0,0,0,1,1,1,0,0,0,0,0,0,0
P297516,Checks and Balances Frothy Face Wash,Origins,4.2888,27.0,Skincare,Cleansers,27,4,4,16,3.1,0,0,0,0,0,0,0,0,0,0,0,0,0,0,0,0,0
P422536,Original Skin Matte Moisturizer with Willowherb,Origins,4.4089,40.0,Skincare,Moisturizers,59,11,9,42,4.5,2,1,1,2,1,1,0,1,2,2,1,1,0,1,0,1,1
P297517,Super Spot Remover Acne Treatment Gel,Origins,3.9349,20.0,Skincare,Treatments,23,4,4,16,3.7,1,1,2,3,1,2,0,0,2,0,1,1,0,1,0,1,2
P440925,Drink Up Intensive Overnight Hydrating Mask with Avocado & Swiss Glacier Water,Origins,4.4954,32.0,Skincare,Masks,63,4,4,16,5.2,2,0,0,2,0,0,0,1,1,2,1,0,0,0,0,0,0
P386197,GinZing Refreshing Scrub Cleanser,Origins,4.4763,27.0,Skincare,Cleansers,31,6,4,22,4.4,0,0,1,1,0,0,0,0,1,1,1,0,0,0,0,0,0
P434360,High-Potency Night-a-Mins Resurfacing Cream with Fruit-Derived AHAs,Origins,4.3159,52.0,Skincare,Moisturizers,61,10,7,37,4.2,6,3,4,1,2,3,0,3,8,7,0,1,0,2,0,1,4
P446421,Clear Improvement Pore Clearing Moisturizer with Salicylic Acid,Origins,4.2685,40.0,Skincare,Moisturizers,42,9,8,35,5.1,2,1,1,2,0,3,0,0,0,1,1,0,0,0,0,0,0
P433444,Clear Improvement Charcoal Honey Mask to Purify and Nourish,Origins,4.6453,37.0,Skincare,Masks,45,6,5,23,5.2,2,0,0,1,0,0,0,1,1,2,1,0,0,0,0,0,0
P475589,Ginzing Vitamin C Eye Cream to Brighten and Depuff,Origins,4.457,37.0,Skincare,Eye Care,58,5,4,19,4.7,5,0,0,1,1,3,0,2,3,3,1,1,0,1,0,0,1
P482298,Dr. Andrew Weil for Origins Mega-Mushroom Relief & Resilience Soothing Treatment Lotion,Origins,4.4028,40.0,Skincare,Moisturizers,39,7,7,28,4.3,1,1,3,3,2,1,0,0,3,2,1,2,0,2,0,1,2
P297531,Eye Doctor Moisture Care For Skin Around Eyes,Origins,4.0519,49.0,Skincare,Eye Care,44,5,3,18,4.7,1,0,1,2,0,1,0,1,2,1,1,0,0,0,0,0,1
P434361,High-Potency Night-A-Mins Oil-Free Resurfacing Cream with Fruit Derived AHAs,Origins,4.3358,52.0,Skincare,Moisturizers,51,9,6,33,4.2,6,3,4,1,2,3,0,3,8,7,0,1,0,2,0,1,4
P462891,GinZing Into the Glow Brightening Serum,Origins,4.5328,46.0,Skincare,Treatments,43,9,5,32,4.4,6,3,4,2,3,4,0,2,7,5,1,1,0,2,0,1,4
P468396,PLANTSCRIPTION Multi-powered Anti-Aging Peptide Serum,Origins,4.4356,61.0,Skincare,Treatments,62,8,7,31,5.3,2,0,0,1,0,5,0,1,1,1,1,0,0,0,0,0,0
P385253,Dr. Andrew Weil For Origins Mega-Bright SPF 30 Skin Tone Correcting Oil-Free Moisturizer,Origins,4.0966,63.0,Skincare,Moisturizers,70,14,12,54,3.9,4,1,1,1,2,1,0,3,4,4,0,1,0,1,0,1,2
P375831,Ginger Souffle Whipped Body Cream,Origins,4.42,41.0,Bath & Body,Body Moisturizers,43,11,7,40,4.1,1,0,0,0,0,0,0,1,1,1,0,0,0,0,0,0,0
P394702,Plantscription Anti-Aging Power Eye Cream,Origins,3.8372,58.0,Skincare,Eye Care,53,3,2,11,4.4,6,0,0,1,1,3,0,3,3,4,1,0,0,0,0,0,1
P440933,Mini Clear Improvement Active Charcoal Mask to Clear Pore,Origins,3.9843,17.0,Skincare,Mini Size,23,1,0,3,5.0,1,0,0,0,0,0,0,1,1,1,0,0,0,0,0,0,0
P502046,GinZing Energizing Gel Cream with Caffeine & Niacinamide,Origins,4.5966,36.0,Skincare,Moisturizers,43,7,5,26,4.1,0,0,0,1,0,1,0,0,1,0,1,0,0,0,0,0,1
P440929,Mini Original Skin Retexturizing Mask with Rose Clay,Origins,4.4762,17.0,Skincare,Mini Size,40,5,3,18,4.2,1,0,0,0,0,0,0,1,1,1,0,0,0,0,0,0,0
P440926,Mini Drink Up Intensive Overnight Hydrating Mask with Avocado & Swiss Glacier Water,Origins,4.1143,17.0,Skincare,Mini Size,63,4,4,16,4.7,2,0,0,2,0,0,0,1,1,2,1,0,0,0,0,0,0
P377919,Plantscription Anti-Aging Cleanser,Origins,4.2871,36.0,Skincare,Cleansers,34,5,5,20,3.1,0,0,0,0,0,0,0,0,0,0,0,0,0,0,0,0,0
P471567,Checks and Balances Polishing Exfoliator,Origins,4.4624,27.0,Skincare,Cleansers,38,3,3,12,3.8,0,0,0,1,0,0,0,0,0,0,1,0,0,0,0,0,0
P401570,Mega-Mushroom Skin Relief Micellar Cleanser,Origins,4.5,37.0,Skincare,Cleansers,39,2,2,8,5.2,2,0,1,0,0,0,0,0,1,3,0,0,0,0,0,0,0
P408241,Plantscription Youth-Renewing Power Night Cream,Origins,4.5897,73.0,Skincare,Moisturizers,72,10,8,38,5.3,4,0,0,1,1,1,0,4,4,4,1,0,0,0,0,0,1
P455004,Pretty in Bloom SPF 20 Flower-Infused Long-Wear Foundation,Origins,3.5,38.0,Makeup,Face,71,5,5,20,4.0,2,0,0,2,0,1,0,1,1,1,1,0,0,0,0,0,0
P409834,Plantscription SPF 25 Power Anti-Aging Cream,Origins,4.254,73.0,Skincare,Moisturizers,80,9,7,34,4.9,6,0,1,1,1,1,0,5,6,7,1,0,0,0,0,0,1
P409816,Plantscription SPF 25 Power Anti-Aging Oil-Free Cream,Origins,4.4,73.0,Skincare,Moisturizers,77,9,7,34,5.1,6,0,1,1,1,1,0,5,6,7,1,0,0,0,0,0,1
P470048,Bestsellers Recruitment Set,Origins,3.881,29.0,Skincare,Value & Gift Sets,147,18,13,67,4.7,5,0,2,2,0,5,0,3,4,5,1,0,0,0,0,0,0
P475590,MINI GINZING VITAMIN C EYE CREAM TO BRIGHTEN AND DEPUFF,Origins,3.45,29.0,Skincare,Eye Care,58,5,4,19,3.5,5,0,0,1,1,3,0,2,3,3,1,1,0,1,0,0,1
P442745,Plantscription Retinol Night Moisturizer,Origins,4.5385,73.0,Skincare,Moisturizers,69,13,11,50,4.4,5,1,2,1,2,3,0,2,6,6,1,1,0,2,0,1,2
P443550,Dr. Andrew Weil for Origins Mega-Mushroom Relief & Resilience Hydra Burst Gel Lotion,Origins,4.0345,71.0,Skincare,Moisturizers,47,8,6,30,4.8,1,1,3,3,0,1,0,1,2,2,1,0,0,0,0,0,0
P443549,Dr. Andrew Weil for Origins Mega-Mushroom Relief & Resilience Soothing Cream,Origins,4.2667,71.0,Skincare,Moisturizers,48,8,6,30,5.1,1,1,3,3,0,1,0,1,2,2,1,0,0,0,0,0,0
P433446,Mini Original Skin Matte Moisturizer with Willowherb,Origins,4.0714,24.0,Skincare,Mini Size,59,11,9,42,4.1,2,1,1,2,1,1,0,1,2,2,1,1,0,1,0,1,1
P482058,Dr. Andrew Weil for Origins Mega-Mushroom Weightless Hydrating Moisturizer,Origins,4.1,40.0,Skincare,Moisturizers,57,9,8,35,4.9,3,0,1,2,0,1,0,1,1,2,1,0,0,0,0,0,0
P474369,Clear Improvement Zero Oil Cleanser With Charcoal,Origins,3.5,27.0,Skincare,Cleansers,35,9,8,35,3.4,0,1,2,2,1,0,0,0,2,1,1,1,0,1,0,1,1
P452730,Chill Pills,OUAI,3.883,30.0,Bath & Body,Bath & Shower,11,4,3,15,3.3,0,0,1,0,0,0,0,0,1,1,0,0,0,0,0,0,0
P449774,Shibuya Moisturizing Body Cream,OUAI,4.0,38.0,Bath & Body,Body Moisturizers,25,8,8,32,2.8,0,0,0,0,0,0,0,0,0,0,0,0,0,0,0,0,0
P479853,Melrose Place Gentle Body Wash,OUAI,4.5152,28.0,Bath & Body,Bath & Shower,29,7,7,28,3.8,0,0,1,1,0,0,0,0,0,0,0,0,0,0,0,0,0
P479852,Melrose Place Moisturizing Body Cream,OUAI,4.7096,38.0,Bath & Body,Body Moisturizers,35,8,6,30,5.5,1,0,2,1,0,0,0,1,2,2,0,0,0,0,0,0,0
P449773,Dean Street Gentle Body Wash,OUAI,4.2787,28.0,Bath & Body,Bath & Shower,30,10,10,40,3.5,0,0,1,1,0,0,0,0,0,0,0,0,0,0,0,0,0
P466426,Hand Wash,OUAI,4.2813,32.0,Bath & Body,Body Care,34,9,9,36,3.1,0,0,0,0,0,0,0,0,0,0,0,0,0,0,0,0,0
P466427,Hand Lotion,OUAI,3.4444,32.0,Bath & Body,Body Moisturizers,23,8,8,32,2.9,1,0,0,0,0,0,0,1,1,1,0,0,0,0,0,0,0
P466428,Hand Cream,OUAI,3.3793,24.0,Bath & Body,Body Moisturizers,38,10,9,39,3.5,1,0,1,0,0,0,0,1,2,2,0,0,0,0,0,0,0
P505016,St. Barts Moisturizing Body Cream,OUAI,4.8769,38.0,Bath & Body,Body Moisturizers,37,7,6,27,5.7,1,0,2,1,0,0,0,1,2,2,0,0,0,0,0,0,0
P505045,St. Barts Gentle Body Wash,OUAI,4.78,28.0,Bath & Body,Bath & Shower,34,10,10,40,4.1,0,0,1,1,0,0,0,0,0,0,0,0,0,0,0,0,0
P421813,MatteTrance Lipstick,PAT McGRATH LABS,4.0646,39.0,Makeup,Lip,28,1,0,3,5.1,1,0,0,0,0,0,0,1,1,1,0,0,0,0,0,0,0
P431852,LUST: Lip Gloss,PAT McGRATH LABS,4.5563,29.0,Makeup,Lip,24,0,0,0,5.5,0,0,0,0,0,0,0,0,0,0,0,0,0,0,0,0,0
P447519,Sublime Perfection Foundation,PAT McGRATH LABS,4.1832,68.0,Makeup,Face,23,3,2,11,3.0,0,0,0,0,0,0,0,0,0,0,0,0,0,0,0,0,0
P86825294,Mothership V Eyeshadow Palette - Bronze Seduction,PAT McGRATH LABS,4.3811,128.0,Makeup,Eye,47,3,2,11,4.5,2,0,0,0,0,1,0,1,1,1,0,0,0,0,0,0,0
P472489,Skin Fetish: Divine Powder Blush,PAT McGRATH LABS,4.7783,39.0,Makeup,Cheek,11,0,0,0,5.7,0,0,0,0,0,0,0,0,0,0,0,0,0,0,0,0,0
P456106,Sublime Perfection Concealer,PAT McGRATH LABS,4.4077,34.0,Makeup,Face,29,1,1,4,4.5,0,0,0,0,0,0,0,0,0,0,0,0,0,0,0,0,0
P433500,Lip Fetish Noir Lip Balm,PAT McGRATH LABS,3.4611,38.0,Makeup,Lip,21,0,0,0,4.2,0,0,0,0,0,0,0,0,0,0,0,0,0,0,0,0,0
P439070,BlitzTrance Lipstick,PAT McGRATH LABS,3.75,40.0,Makeup,Lip,22,0,0,0,4.5,0,0,0,0,0,0,0,0,0,0,0,0,0,0,0,0,0
P456107,Sublime Perfection Blurring Under-Eye Setting Powder,PAT McGRATH LABS,4.0519,32.0,Makeup,Face,12,1,1,4,4.1,0,0,0,0,0,0,0,0,0,0,0,0,0,0,0,0,0
P423646,Mothership II Eyeshadow Palette – Sublime,PAT McGRATH LABS,4.3418,128.0,Makeup,Eye,66,2,1,7,5.4,3,0,0,0,0,1,0,1,1,2,0,0,0,0,0,0,0
P476899,Major Mini Lip Trios,PAT McGRATH LABS,4.46,25.0,Makeup,Lip,37,1,0,3,5.6,1,0,0,0,0,0,0,1,1,1,0,0,0,0,0,0,0
P458276,Mothership VII Eyeshadow Palette - Divine Rose Collection,PAT McGRATH LABS,4.4851,128.0,Makeup,Eye,57,2,1,7,4.8,1,0,0,0,0,0,0,1,1,1,0,0,0,0,0,0,0
P440967,FetishEyes Lengthening Mascara,PAT McGRATH LABS,3.8628,32.0,Makeup,Eye,28,1,1,4,3.8,0,0,0,0,0,0,0,0,0,0,0,0,0,0,0,0,0
P423647,Mothership I Eyeshadow Palette - Subliminal,PAT McGRATH LABS,4.5325,128.0,Makeup,Eye,68,2,1,7,5.6,3,0,0,0,0,1,0,1,1,2,0,0,0,0,0,0,0
P423644,PermaGel Eyeliner Pencil,PAT McGRATH LABS,4.1978,29.0,Makeup,Eye,16,1,1,4,4.2,0,0,0,0,0,0,0,0,0,0,0,0,0,0,0,0,0
P475598,Mothership IX Eyeshadow Palette: Huetopian Dream,PAT McGRATH LABS,4.4222,128.0,Makeup,Eye,54,3,2,11,4.5,2,0,0,0,0,0,0,1,1,2,0,0,0,0,0,0,0
P432863,Sublime Skin Highlighting Trio,PAT McGRATH LABS,4.5249,53.0,Makeup,Face,26,1,0,3,6.0,2,0,0,0,0,1,0,1,1,1,0,0,0,0,0,0,0
P461956,Lip Fetish Divinyl Lip Shine,PAT McGRATH LABS,3.8657,38.0,Makeup,Lip,33,0,0,0,4.6,0,0,0,0,0,0,0,0,0,0,0,0,0,0,0,0,0
P433003,Skin Fetish Highlighter & Balm Duo,PAT McGRATH LABS,3.7234,50.0,Makeup,Face,29,1,1,4,5.1,1,0,1,0,0,1,0,1,2,2,0,0,0,0,0,0,1
P458774,Mothership VIII Artistry Eyeshadow Palette - Divine Rose II Collection,PAT McGRATH LABS,4.5825,128.0,Makeup,Eye,53,3,2,11,5.1,3,0,0,0,0,1,0,1,1,2,0,0,0,0,0,0,0
P484065,Mini Eye Shadow Palette: Midnight Voyage,PAT McGRATH LABS,4.0,29.0,Makeup,Eye,37,1,1,4,4.0,0,0,0,0,0,0,0,0,0,0,0,0,0,0,0,0,0
P462783,Lip Fetish Sheer Colour Balm,PAT McGRATH LABS,3.4773,38.0,Makeup,Lip,22,0,0,0,4.2,0,0,0,0,0,0,0,0,0,0,0,0,0,0,0,0,0
P449790,Mothership VI Eyeshadow Palette - Midnight Sun,PAT McGRATH LABS,4.6246,128.0,Makeup,Eye,50,2,1,7,5.3,2,0,0,0,0,1,0,1,1,1,0,0,0,0,0,0,0
P468398,LiquiLUST: Legendary Wear Matte Lipstick,PAT McGRATH LABS,4.6343,32.0,Makeup,Lip,23,1,0,3,5.0,0,0,0,0,0,0,0,0,0,0,0,0,0,0,0,0,0
P429405,PERMA PRECISION Liquid Eyeliner,PAT McGRATH LABS,3.7236,34.0,Makeup,Eye,21,3,3,12,3.1,0,0,1,0,0,0,0,0,1,1,0,0,0,0,0,0,0
P500887,Mothership X Eyeshadow Palette:  Moonlit Seduction,PAT McGRATH LABS,4.7849,128.0,Makeup,Eye,39,1,1,4,4.9,0,0,0,0,0,0,0,0,0,0,0,0,0,0,0,0,0
P460745,Dark Star Volumizing Mascara,PAT McGRATH LABS,4.157,32.0,Makeup,Eye,20,2,2,8,3.4,0,0,0,0,0,0,0,0,0,0,0,0,0,0,0,0,0
P447770,Sublime Perfection Setting Powder,PAT McGRATH LABS,3.7536,39.0,Makeup,Face,14,1,1,4,3.7,0,0,0,0,0,0,0,0,0,0,0,0,0,0,0,0,0
P501350,Divine Blush + Glow Face Palette: Nude Venus,PAT McGRATH LABS,4.2857,62.0,Makeup,Makeup Palettes,36,1,1,4,4.3,0,0,0,0,0,0,0,0,0,0,0,0,0,0,0,0,0
P468706,Divine Rose Luxe Eyeshadow Palette: Eternal Eden - Divine Rose II Collection,PAT McGRATH LABS,4.7727,58.0,Makeup,Eye,24,1,1,4,4.9,0,0,0,0,1,1,0,0,1,0,0,1,0,1,0,0,1
P463924,Celestial Divinity Eyeshadow Palette,PAT McGRATH LABS,4.3617,58.0,Makeup,Eye,16,1,1,4,4.4,0,0,0,0,1,1,0,0,1,0,0,1,0,1,0,0,1
P458775,MatteTrance Lipstick - Divine Rose Collection,PAT McGRATH LABS,3.9444,39.0,Makeup,Lip,27,1,0,3,4.9,1,0,0,0,0,0,0,1,1,1,0,0,0,0,0,0,0
P472486,Venus in Fleurs Luxe Eyeshadow Palette: Voyeuristic Vixen,PAT McGRATH LABS,4.7544,58.0,Makeup,Eye,31,1,1,4,4.9,0,0,0,0,0,0,0,0,0,0,0,0,0,0,0,0,0
P475597,IntensifEYES Artistry Wand,PAT McGRATH LABS,3.4286,34.0,Makeup,Eye,33,2,1,7,4.7,2,0,2,2,0,4,0,2,1,2,0,0,0,0,0,0,0
P447764,Sublime Perfection Hydrating Primer,PAT McGRATH LABS,3.3895,45.0,Makeup,Face,33,2,1,7,3.3,0,0,1,0,1,2,0,0,2,1,0,1,0,1,0,0,2
P468849,PermaGel Ultra Lip Pencil - Divine Rose II Collection,PAT McGRATH LABS,3.375,29.0,Makeup,Lip,13,0,0,0,4.0,0,0,0,0,0,0,0,0,0,0,0,0,0,0,0,0,0
P500311,Skin Fetish: Divine Glow Highlighter,PAT McGRATH LABS,4.4167,48.0,Makeup,Face,18,0,0,0,5.3,0,0,0,0,0,0,0,0,0,0,0,0,0,0,0,0,0
P504181,ChromaLuxe Artistry Pigment Star Wars Edition,PAT McGRATH LABS,4.0,32.0,Makeup,Eye,12,0,0,0,4.8,0,0,0,0,0,0,0,0,0,0,0,0,0,0,0,0,0
P504164,The Golden One Eye Shadow Palette Star Wars Edition,PAT McGRATH LABS,4.875,36.0,Makeup,Eye,32,1,1,4,5.0,0,0,0,0,1,1,0,0,1,0,0,1,0,1,0,0,1
P504187,Mothership VI: Midnight Sun Star Wars Edition,PAT McGRATH LABS,5.0,128.0,Makeup,Eye,49,2,1,7,5.8,2,0,0,0,0,1,0,1,1,1,0,0,0,0,0,0,0
P503717,Lunar New Year Collection: Venus in Fleurs Luxe Eyeshadow Quad: Voyeuristic Vixen,PAT McGRATH LABS,3.2,58.0,Makeup,Eye,32,1,1,4,3.0,0,0,0,0,0,0,0,0,0,0,0,0,0,0,0,0,0
P504908,The Love Collection MTHRSHP: Iconic Infatuation,PAT McGRATH LABS,3.8333,65.0,Makeup,Eye,38,1,1,4,3.8,0,0,0,0,1,1,0,0,1,0,0,1,0,1,0,0,1
P504179,LUST: Gloss Star Wars Edition,PAT McGRATH LABS,4.6667,29.0,Makeup,Lip,21,0,0,0,5.6,0,0,0,0,0,0,0,0,0,0,0,0,0,0,0,0,0
P504909,The Love Collection MTHRSHP: Velvet Liaison,PAT McGRATH LABS,4.6667,65.0,Makeup,Eye,22,1,1,4,4.8,0,0,0,0,1,1,0,0,1,0,0,1,0,1,0,0,1
P504077,Lunar New Year Collection: Skin Fetish: Sublime Perfection Blurring Under-Eye Powder,PAT McGRATH LABS,4.2713,32.0,Makeup,Face,11,1,1,4,3.4,0,0,0,0,0,0,0,0,0,0,0,0,0,0,0,0,0
P504063,Lunar New Year Collection:  MatteTrance Lipstick,PAT McGRATH LABS,5.0,39.0,Makeup,Lip,26,1,0,3,6.2,1,0,0,0,0,0,0,1,1,1,0,0,0,0,0,0,0
P458747,Major Beauty Headlines - Double-Take Crème & Powder Blush,PATRICK TA,4.8471,36.0,Makeup,Cheek,43,5,5,20,3.8,0,0,0,0,0,0,0,0,0,0,0,0,0,0,0,0,0
P471059,Major Sculpt Creme Contour & Powder Bronzer Duo,PATRICK TA,4.6678,40.0,Makeup,Face,44,6,6,24,3.6,0,0,0,0,0,1,0,0,0,0,0,0,0,0,0,0,1
P473145,Major Dimension Eyeshadow Palette,PATRICK TA,4.5648,70.0,Makeup,Eye,48,0,0,0,5.5,0,0,0,0,0,0,0,0,0,0,0,0,0,0,0,0,0
P502039,Major Skin Crème Foundation and Finishing Powder Duo,PATRICK TA,4.6322,52.0,Makeup,Face,40,1,1,4,6.4,1,0,1,0,0,1,0,1,3,2,0,0,0,0,0,0,1
P443623,Major Glow Lip Shine,PATRICK TA,4.6809,26.0,Makeup,Lip,22,1,1,4,4.8,0,0,0,0,0,0,0,0,0,0,0,0,0,0,0,0,0
P443626,Major Glow Body Oil,PATRICK TA,3.7028,58.0,Bath & Body,Body Moisturizers,17,4,3,15,3.6,1,0,0,0,1,1,0,1,2,1,0,0,0,0,0,0,1
P451937,Monochrome Moment - Precision Lip Crayon,PATRICK TA,4.5775,26.0,Makeup,Lip,19,1,0,3,4.9,0,0,0,0,0,0,0,0,0,0,0,0,0,0,0,0,0
P481729,Major Volume Plumping Lip Gloss,PATRICK TA,4.6579,26.0,Makeup,Lip,43,5,5,20,3.6,0,0,0,0,0,1,0,0,0,0,0,0,0,0,0,0,1
P483484,Major Dimension II Rose Eyeshadow Palette,PATRICK TA,4.7937,70.0,Makeup,Eye,54,1,1,4,5.4,1,0,0,0,0,0,0,1,1,1,0,0,1,0,1,0,0
P456592,Major Brow Shaping Wax,PATRICK TA,4.2711,24.0,Makeup,Eye,16,3,3,12,3.7,1,0,0,0,0,1,0,0,0,1,0,0,0,0,0,0,0
P451938,Monochrome Moment - Silky Lip Crème,PATRICK TA,4.339,26.0,Makeup,Lip,25,4,4,16,3.2,0,0,0,0,0,0,0,0,0,0,0,0,0,0,0,0,0
P474848,Major Brow Lamination Gel,PATRICK TA,4.2965,27.0,Makeup,Eye,18,1,0,3,4.8,0,0,0,0,0,1,0,0,0,0,0,0,0,0,0,0,0
P454050,Mini Major Glow Body Oil,PATRICK TA,3.6471,24.0,Bath & Body,Body Moisturizers,17,4,3,15,3.6,1,0,0,0,1,1,0,1,2,1,0,0,0,0,0,0,1
P473146,Major Dimension Precision Gel Eyeliner,PATRICK TA,4.2616,27.0,Makeup,Eye,13,0,0,0,5.1,0,0,0,0,0,0,0,0,0,0,0,0,0,0,0,0,0
P458748,Major Beauty Headlines - Matte Suede Lipstick,PATRICK TA,4.6011,32.0,Makeup,Lip,22,4,4,16,3.5,0,0,0,0,0,0,0,0,0,0,0,0,0,0,0,0,0
P461223,Major Glow Balm,PATRICK TA,4.3445,50.0,Bath & Body,Body Moisturizers,16,0,0,0,5.2,0,0,0,0,0,0,0,0,0,0,0,0,0,0,0,0,0
P458749,Major Beauty Headlines - Precision Lip Crayon,PATRICK TA,4.7973,26.0,Makeup,Lip,20,4,3,15,3.8,0,0,0,0,0,0,0,0,0,0,0,0,0,0,0,0,0
P461222,Major Glow Dewy Milk Mist,PATRICK TA,4.3716,38.0,Makeup,Face,17,1,1,4,5.6,0,0,1,1,0,1,0,1,1,1,0,0,0,0,0,0,0
P461224,Major Glow Softening Lip Masque,PATRICK TA,4.5738,24.0,Makeup,Lip,15,0,0,0,5.5,0,0,0,0,0,0,0,0,0,0,0,0,0,0,0,0,0
P451939,Monochrome Moment - Blush Brush #1,PATRICK TA,4.7959,35.0,Makeup,Brushes & Applicators,1,0,0,0,5.8,0,0,0,0,0,0,0,0,0,0,0,0,0,0,0,0,0
P501193,Major Brow Defining Pencil,PATRICK TA,4.8657,27.0,Makeup,Eye,13,0,0,0,5.8,0,0,0,0,0,0,0,0,0,0,0,0,0,0,0,0,0
P501156,Mini Major Brow Lamination Gel,PATRICK TA,3.16,15.0,Makeup,Eye,18,1,0,3,3.4,0,0,0,0,0,1,0,0,0,0,0,0,0,0,0,0,0
P476724,Major Volume Mascara,PATRICK TA,4.3301,29.0,Makeup,Eye,37,6,6,24,4.2,1,0,0,0,0,1,0,1,1,1,0,0,0,0,0,0,0
P469502,Skin Perfecting 2% BHA Liquid Exfoliant,Paula's Choice,4.4399,34.0,Skincare,Cleansers,8,2,2,8,3.9,0,1,1,1,1,0,0,0,1,0,0,1,0,1,0,1,1
P469506,C15 Vitamin C Super Booster,Paula's Choice,4.2097,55.0,Skincare,Treatments,21,3,2,11,4.5,2,0,0,1,1,1,0,2,3,2,0,1,0,1,0,0,1
P469503,Mini Skin Perfecting 2% BHA Liquid Exfoliant,Paula's Choice,4.2217,13.0,Skincare,Mini Size,8,2,2,8,3.7,0,1,1,1,1,0,0,0,1,0,0,1,0,1,0,1,1
P469522,RESIST Youth-Extending Daily Hydrating Fluid SPF 50,Paula's Choice,4.2691,37.0,Skincare,Sunscreen,29,1,1,4,3.9,0,0,0,0,0,0,2,0,0,0,0,0,0,2,0,2,0
P501288,C5 Super Boost Vitamin C Eye Cream,Paula's Choice,4.5,39.0,Skincare,Eye Care,41,6,5,23,4.8,1,0,2,1,1,3,0,0,3,2,0,0,0,0,0,0,3
P501282,C5 Super Boost Vitamin C Moisturizer,Paula's Choice,4.6986,45.0,Skincare,Moisturizers,47,4,2,14,4.8,3,1,3,1,1,3,0,3,6,4,0,0,0,0,0,1,3
P504433,Pro Collagen Multi-Peptide Booster,Paula's Choice,4.7386,58.0,Skincare,Treatments,31,3,1,10,5.7,2,0,1,1,0,0,0,2,2,2,0,0,0,0,0,0,0
P469510,CLINICAL 1% Retinol Treatment,Paula's Choice,4.5551,62.0,Skincare,Treatments,53,3,2,11,4.7,1,1,1,1,2,6,0,2,3,2,0,0,0,1,0,1,2
P469519,RESIST Advanced Replenishing Toner with Hyaluronic Acid,Paula's Choice,4.73,26.0,Skincare,Cleansers,41,3,2,11,5.1,7,0,0,2,2,2,0,6,6,7,0,1,0,1,0,0,1
P480627,Weightless Body Treatment 2% BHA,Paula's Choice,4.6667,29.0,Bath & Body,Body Moisturizers,29,6,4,22,4.8,1,1,1,3,1,1,0,2,2,1,0,1,0,1,0,1,1
P469511,CLINICAL Niacinamide 20% Treatment,Paula's Choice,4.5318,52.0,Skincare,Treatments,25,1,0,3,6.6,2,0,0,2,2,3,0,2,2,2,0,0,0,0,0,0,1
P469507,10% Azelaic Acid Booster,Paula's Choice,4.7535,39.0,Skincare,Treatments,21,2,1,7,5.5,2,2,3,5,2,2,0,3,3,2,0,1,0,1,0,1,1
P469520,RESIST Perfectly Balanced Foaming Cleanser,Paula's Choice,4.73,22.0,Skincare,Cleansers,29,3,3,12,5.7,5,0,0,0,0,1,0,4,3,5,0,0,0,0,0,0,0
P480628,10% Niacinamide Booster,Paula's Choice,4.7526,49.0,Skincare,Treatments,25,2,2,8,5.9,4,0,1,4,2,3,0,3,4,5,0,0,0,0,0,0,1
P481348,Clinical 0.3% Retinol + 2% Bakuchiol Treatment,Paula's Choice,4.8235,62.0,Skincare,Treatments,54,4,3,15,5.0,1,1,1,1,2,8,0,2,3,2,0,0,0,1,0,1,2
P471793,Omega + Complex Cleansing Balm,Paula's Choice,4.6667,29.0,Skincare,Cleansers,11,0,0,0,5.6,0,0,0,0,0,0,0,0,0,0,0,0,0,0,0,0,0
P469505,Skin Perfecting BHA 9 Treatment,Paula's Choice,4.7055,46.0,Skincare,Treatments,13,1,1,4,5.6,1,1,1,1,1,1,0,0,1,1,0,1,0,1,0,1,1
P473126,CLINICAL Discoloration Repair Serum,Paula's Choice,4.6522,52.0,Skincare,Treatments,30,2,1,7,5.8,1,1,2,1,2,3,0,2,4,3,0,0,0,1,0,0,1
P469528,Skin Perfecting 25% AHA + 2% BHA Exfoliant Peel,Paula's Choice,4.5036,42.0,Skincare,Treatments,26,5,4,19,4.4,2,6,6,3,5,5,0,2,7,5,0,1,0,5,0,1,6
P469524,RESIST Super-Light Daily Wrinkle Defense SPF 30,Paula's Choice,4.2556,37.0,Skincare,Sunscreen,30,3,2,11,4.9,3,0,1,2,1,3,0,3,2,2,0,0,0,0,0,0,1
P469517,CLEAR Oil-Free Moisturizer,Paula's Choice,4.5281,29.0,Skincare,Moisturizers,34,1,1,4,6.6,6,0,2,2,0,3,0,5,3,6,0,0,0,0,0,0,0
P469513,CLEAR Pore Normalizing Acne Cleanser,Paula's Choice,4.137,15.0,Skincare,Cleansers,18,2,2,8,4.6,2,1,2,1,1,1,0,0,2,3,0,1,0,1,0,1,1
P469515,CLEAR Daily Skin Clearing Treatment with 2.5% Benzoyl Peroxide,Paula's Choice,4.8333,22.0,Skincare,Treatments,14,3,3,12,5.8,2,0,0,2,0,1,0,2,1,2,0,0,0,0,0,0,0
P481390,Omega+ Complex Moisturizer,Paula's Choice,4.3281,37.0,Skincare,Moisturizers,54,3,1,10,5.2,15,1,2,1,0,4,0,8,6,14,0,0,0,0,0,0,0
P469527,The UnScrub Gentle Cleansing Scrub,Paula's Choice,4.5484,35.0,Skincare,Cleansers,23,1,1,4,5.3,0,0,1,0,0,0,0,0,1,1,0,0,0,0,0,0,0
P469516,CLEAR Ultra-Light Daily Hydrating Fluid SPF 30+,Paula's Choice,4.4915,37.0,Skincare,Sunscreen,29,1,1,4,4.2,0,0,0,0,0,0,2,0,0,0,0,0,0,2,0,2,0
P469525,Omega+ Complex Serum,Paula's Choice,4.0545,42.0,Skincare,Treatments,43,2,2,8,5.1,8,0,1,2,1,1,0,7,8,9,0,0,0,0,0,0,1
P469514,CLEAR Anti-Redness Exfoliating Solution with 2% Salicylic Acid,Paula's Choice,4.7091,34.0,Skincare,Cleansers,18,4,3,15,4.5,0,1,1,2,1,1,0,1,1,0,0,1,0,1,0,1,1
P474970,Hyaluronic Acid + Peptide Lip Treatment Booster,Paula's Choice,4.1538,32.0,Skincare,Lip Balms & Treatments,33,2,0,6,4.8,2,1,1,0,2,5,0,1,3,2,0,1,0,2,0,0,2
P469504,Skin Perfecting 8% AHA Gel Exfoliant,Paula's Choice,4.617,34.0,Skincare,Cleansers,15,3,3,12,4.3,0,1,1,0,1,1,0,0,1,1,0,0,0,1,0,0,1
P469508,Hyaluronic Acid Booster,Paula's Choice,4.413,39.0,Skincare,Treatments,22,1,1,4,6.5,3,0,2,1,0,1,0,3,2,3,0,0,0,0,0,0,0
P469526,Water-Infusing Electrolyte Moisturizer,Paula's Choice,3.7273,37.0,Skincare,Moisturizers,46,2,1,7,5.1,4,0,0,1,0,0,0,4,3,4,0,0,0,0,0,0,0
P469512,CLINICAL Ceramide-Enriched Firming Eye Cream,Paula's Choice,4.1163,49.0,Skincare,Eye Care,56,5,4,19,3.9,8,1,2,5,4,7,0,8,10,9,0,0,0,1,0,1,4
P469518,RESIST Barrier Repair Moisturizer with Retinol,Paula's Choice,4.3243,37.0,Skincare,Moisturizers,28,1,0,3,6.0,3,1,2,1,1,3,0,3,3,3,0,0,0,1,0,1,1
P469521,RESIST Weightless Advanced Repairing Toner,Paula's Choice,3.8,26.0,Skincare,Cleansers,24,1,1,4,5.8,3,0,2,3,1,5,0,2,2,3,0,0,0,0,0,0,0
P469523,RESIST Anti-Aging Clear Skin Hydrator,Paula's Choice,3.4,37.0,Skincare,Moisturizers,29,3,2,11,3.9,1,0,3,1,1,2,0,1,2,1,0,0,0,0,0,0,1
P481347,Clear Skin Kit Acne Treatment Kit,Paula's Choice,3.4375,75.0,Skincare,Value & Gift Sets,69,8,7,31,3.1,8,2,4,6,2,4,0,7,6,8,0,2,0,2,0,2,2
P481350,Complexion Clarity Kit,Paula's Choice,4.4444,64.0,Skincare,Value & Gift Sets,71,5,3,18,4.3,3,3,4,5,4,7,0,4,6,4,0,1,0,2,0,2,3
P421275,Salicylic Acid Acne Healing Dots,Peace Out,4.1779,19.0,Skincare,Treatments,4,2,1,7,3.8,0,1,1,1,1,0,0,0,1,0,0,1,0,1,0,1,1
P428250,Oil-Absorbing Pore Treatment Strips,Peace Out,3.975,19.0,Skincare,Treatments,3,1,0,3,4.2,0,0,0,0,0,0,0,0,0,0,0,0,0,0,0,0,0
P467038,Retinol Eye Stick,Peace Out,4.2062,28.0,Skincare,Eye Care,33,2,1,7,5.0,3,1,1,0,1,2,0,3,4,4,0,0,0,1,0,1,1
P500757,Microneedling Anti-Wrinkle Retinol Patches,Peace Out,3.9965,24.0,Skincare,Treatments,21,0,0,0,5.8,2,1,2,2,2,3,0,1,2,2,0,1,0,2,0,1,2
P503721,Salicylic Acid Acne Day Dots,Peace Out,4.4974,19.0,Skincare,Treatments,4,2,1,7,4.2,0,1,1,1,1,0,0,0,1,0,0,1,0,1,0,1,1
P472052,Microneedling Dark Spot Brightening Dots,Peace Out,4.0386,28.0,Skincare,Treatments,18,0,0,0,6.6,2,1,1,1,2,0,0,1,2,2,0,0,0,0,0,1,0
P479340,Retinol Face Stick,Peace Out,4.5148,34.0,Skincare,Treatments,26,1,0,3,6.0,2,1,1,0,2,4,0,1,3,3,0,0,0,1,0,1,2
P501781,Instant Pore Perfector,Peace Out,4.5843,28.0,Skincare,Treatments,38,1,1,4,6.3,0,2,2,1,1,2,0,0,1,1,0,0,0,1,0,0,1
P480629,Dark Spots Serum,Peace Out,4.2262,29.0,Skincare,Treatments,30,4,2,14,4.1,2,3,3,0,5,5,0,1,6,4,0,0,0,3,0,0,3
P469530,Blemish Balm Cleanser,Peace Out,4.5597,22.0,Skincare,Cleansers,45,2,2,8,5.1,7,1,2,2,1,3,0,0,1,7,0,1,0,1,0,1,1
P474971,Daily Blemish Repairing Moisturizer,Peace Out,4.2624,28.0,Skincare,Moisturizers,44,3,0,9,5.3,3,0,1,0,0,1,0,3,3,4,0,0,0,0,0,0,0
P465365,Puffy Under-Eye Patches,Peace Out,4.2599,25.0,Skincare,Eye Care,34,0,0,0,6.5,2,0,0,1,2,4,0,0,2,2,1,1,0,1,0,0,1
P502997,Salicylic Acid Acne Treatment Serum,Peace Out,3.6667,34.0,Skincare,Treatments,28,3,3,12,3.4,0,3,3,3,2,2,0,0,3,0,0,1,0,1,0,1,2
P503683,Acne Salicylic Acid Day & Night Duo,Peace Out,4.7073,19.0,Skincare,Value & Gift Sets,4,2,1,7,4.4,0,1,1,1,1,0,0,0,1,0,0,1,0,1,0,1,1
P500856,Retinol Anti-Aging Power Duo,Peace Out,4.2222,48.0,Skincare,Value & Gift Sets,52,2,1,7,4.9,4,1,1,0,2,4,0,3,5,5,0,0,0,1,0,1,2
P415701,Water Drench Hyaluronic Acid Moisturizer,Peter Thomas Roth,4.265,54.0,Skincare,Moisturizers,45,12,7,43,4.9,6,0,1,2,0,1,0,5,5,7,0,0,0,0,0,0,1
P377561,FIRMx Exfoliating Peel Gel,Peter Thomas Roth,4.5391,49.0,Skincare,Treatments,25,4,4,16,4.4,1,0,1,0,0,1,0,0,1,1,0,0,0,0,0,0,0
P450917,Mini FIRMx Exfoliating Peel Gel,Peter Thomas Roth,4.5391,16.0,Skincare,Mini Size,25,4,4,16,4.4,1,0,1,0,0,1,0,0,1,1,0,0,0,0,0,0,0
P39274,Anti-Aging Cleansing Gel,Peter Thomas Roth,4.3699,39.0,Skincare,Cleansers,26,7,4,25,4.2,1,2,2,2,2,3,0,1,2,2,0,1,0,2,0,1,2
P449599,Mini Anti-Aging Cleansing Gel,Peter Thomas Roth,4.3699,12.0,Skincare,Mini Size,26,7,4,25,4.2,1,2,2,2,2,3,0,1,2,2,0,1,0,2,0,1,2
P114902,Goodbye Acne  Max Complexion Correction Pads,Peter Thomas Roth,4.4199,48.0,Skincare,Treatments,30,13,12,51,4.3,1,2,3,2,2,3,0,1,3,3,0,1,0,2,0,1,2
P3617,Therapeutic Sulfur Acne Treatment Mask,Peter Thomas Roth,4.5111,52.0,Skincare,Masks,16,2,2,8,3.8,0,0,0,0,0,0,0,0,0,0,0,0,0,0,0,0,0
P458576,Water Drench Hyaluronic Hydrating Moisturizer SPF 45,Peter Thomas Roth,4.2886,55.0,Skincare,Moisturizers,55,13,8,47,4.1,7,0,1,3,0,1,3,6,6,8,0,0,0,3,0,3,1
P471065,Mini Water Drench  Hyaluronic Hydrating Moisturizer SPF 45,Peter Thomas Roth,4.3149,23.0,Skincare,Mini Size,55,13,8,47,4.2,7,0,1,3,0,1,3,6,6,8,0,0,0,3,0,3,1
P428100,Potent-C Vitamin C Power Serum,Peter Thomas Roth,4.0276,105.0,Skincare,Treatments,29,2,1,7,4.6,1,0,0,0,1,1,0,1,2,1,0,0,0,0,0,0,1
P387261,Pumpkin Enzyme Mask Enzymatic Dermal Resurfacer,Peter Thomas Roth,4.6611,60.0,Skincare,Masks,26,3,3,12,4.6,1,0,1,0,2,3,0,0,3,2,0,2,0,2,0,1,3
P453824,Vital-E Antioxidant Recovery Cream,Peter Thomas Roth,4.4112,75.0,Skincare,Moisturizers,37,2,1,7,4.5,1,0,0,0,0,1,0,0,0,1,0,0,0,0,0,0,0
P283106,Instant FIRMx Eye Temporary Eye Tightener,Peter Thomas Roth,3.3254,38.0,Skincare,Eye Care,29,2,2,8,3.8,1,0,1,0,1,3,0,0,2,2,0,1,0,1,0,0,1
P3550,Goodbye Acne AHA/BHA Acne Clearing Gel Face Body Spot Treatment,Peter Thomas Roth,4.2768,48.0,Skincare,Treatments,21,3,3,12,4.1,1,2,3,1,2,2,0,0,3,3,0,1,0,2,0,1,2
P474078,Mini Goodbye Acne  AHA/BHA Acne Clearing Gel Face Body Spot Treatment,Peter Thomas Roth,4.2768,20.0,Skincare,Mini Size,21,3,3,12,4.1,1,2,3,1,2,2,0,0,3,3,0,1,0,2,0,1,2
P453823,Vital-E Antioxidant Recovery Eye Cream,Peter Thomas Roth,4.3255,55.0,Skincare,Eye Care,45,2,1,7,5.6,1,0,1,1,0,2,0,0,1,2,1,0,0,0,0,0,0
P251529,Retinol Fusion PM Night Serum,Peter Thomas Roth,4.3262,65.0,Skincare,Treatments,12,3,0,9,4.6,3,1,1,1,1,2,0,3,4,4,0,0,0,1,0,1,2
P442741,Peptide 21 Wrinkle Resist Serum,Peter Thomas Roth,4.4472,125.0,Skincare,Treatments,56,6,5,23,4.3,4,0,0,0,1,12,0,2,3,3,0,1,0,1,0,1,2
P399932,Acne-Clear Invisible Dots,Peter Thomas Roth,3.4314,32.0,Skincare,Treatments,16,3,3,12,3.1,1,1,1,1,1,0,0,1,2,1,0,1,0,1,0,1,1
P442742,Peptide 21 Amino Acid Exfoliating Peel Pads,Peter Thomas Roth,4.6453,55.0,Skincare,Treatments,52,6,3,21,4.6,12,2,4,3,3,8,0,2,4,13,0,2,0,2,0,2,4
P392608,Irish Moor Mud Purifying Black Mask,Peter Thomas Roth,4.3724,60.0,Skincare,Masks,23,3,2,11,4.2,1,1,1,0,1,1,0,0,1,1,0,0,0,1,0,0,1
P382204,Cucumber Gel Mask Extreme Detoxifying Hydrator,Peter Thomas Roth,4.1989,55.0,Skincare,Masks,29,4,2,14,4.2,0,0,1,1,0,1,0,1,1,1,0,0,0,0,0,0,0
P442743,Peptide 21 Wrinkle Resist Moisturizer,Peter Thomas Roth,4.5531,95.0,Skincare,Moisturizers,71,9,7,34,4.9,6,0,0,0,1,12,0,3,4,5,0,1,0,1,0,0,1
P467137,Water Drench Hyaluronic Glow Serum,Peter Thomas Roth,4.444,72.0,Skincare,Treatments,29,4,2,14,4.7,4,1,1,0,1,2,0,2,3,4,0,0,0,1,0,0,2
P271682,Instant FIRMx Temporary Face Tightener,Peter Thomas Roth,3.5567,49.0,Skincare,Treatments,16,1,1,4,3.5,0,0,0,0,1,1,0,0,1,0,0,1,0,1,0,0,1
P479706,Even Smoother Glycolic Retinol Resurfacing Serum,Peter Thomas Roth,4.5803,65.0,Skincare,Treatments,47,5,3,18,4.5,3,2,3,2,3,5,0,4,5,4,0,1,0,3,0,1,3
P470243,PRO Strength Microdermabrasion Blackhead Eliminator,Peter Thomas Roth,4.4936,68.0,Skincare,Cleansers,22,2,2,8,4.6,0,1,2,1,1,0,0,0,2,1,0,1,0,1,0,1,1
P474079,Goodbye Acne   Complete Acne Treatment Gel,Peter Thomas Roth,4.2702,44.0,Skincare,Treatments,48,6,4,22,4.1,3,2,3,1,3,2,0,3,7,5,0,1,0,2,0,2,3
P448719,PRO Strength Lactic Pore Treatment,Peter Thomas Roth,4.5779,88.0,Skincare,Treatments,27,5,1,16,4.5,1,1,1,0,1,1,0,0,1,1,0,0,0,1,0,0,1
P479705,Even Smoother Glycolic Retinol Resurfacing Peel Pads,Peter Thomas Roth,4.6009,52.0,Skincare,Treatments,18,3,2,11,4.5,2,2,3,2,2,4,0,3,3,3,0,0,0,2,0,1,2
P462390,PRO Strength 10% PHA Exfoliating Clarifying Liquid,Peter Thomas Roth,4.3836,58.0,Skincare,Treatments,23,6,5,23,4.3,5,4,4,1,4,4,0,2,6,6,0,1,0,3,0,1,4
P412025,Cucumber De-Tox Hydra-Gel Eye Patches,Peter Thomas Roth,3.9668,55.0,Skincare,Eye Care,33,2,2,8,5.2,1,0,1,3,0,2,0,2,0,0,1,0,0,0,0,0,0
P454102,PRO Strength Niacinamide Discoloration Treatment,Peter Thomas Roth,4.1608,88.0,Skincare,Treatments,46,4,2,14,5.0,1,0,1,0,2,1,0,1,4,2,0,0,0,0,0,0,0
P433456,Potent-C Vitamin C Power Eye Cream,Peter Thomas Roth,4.0116,68.0,Skincare,Eye Care,43,3,2,11,4.4,1,0,0,1,1,1,0,1,2,1,1,0,0,0,0,0,1
P406104,24K Gold Pure Luxury Lift & Firm Hydra-Gel Eye Patches,Peter Thomas Roth,3.7594,75.0,Skincare,Eye Care,29,1,1,4,5.7,1,0,1,3,0,2,0,2,0,0,1,0,0,0,0,0,0
P433457,Potent-C Vitamin C Targeted Spot Brightener,Peter Thomas Roth,4.3428,62.0,Skincare,Treatments,26,0,0,0,6.8,0,0,1,1,1,2,0,1,2,1,0,0,0,0,0,0,1
P423254,Water Drench Hyaluronic Cloud Hydra-Gel Eye Patches,Peter Thomas Roth,4.069,55.0,Skincare,Eye Care,61,5,5,20,4.9,1,1,1,3,0,1,0,2,1,1,1,0,0,0,0,0,0
P482061,Max Clear Invisible Priming Sunscreen Broad Spectrum SPF 45,Peter Thomas Roth,4.4746,38.0,Skincare,Sunscreen,25,0,0,0,6.0,1,0,0,1,0,0,3,1,1,1,0,0,0,3,0,3,0
P503690,Water Drench Hyaluronic Cloud Rich Barrier Moisturizer,Peter Thomas Roth,4.7489,58.0,Skincare,Moisturizers,32,7,3,24,5.3,4,2,3,0,2,2,0,1,4,5,0,0,0,1,0,0,1
P500244,FIRMx Collagen Face & Eye Hydra-Gel Patches,Peter Thomas Roth,4.6912,65.0,Skincare,Eye Care,44,3,2,11,5.6,2,0,1,3,0,2,0,3,1,1,1,0,0,0,0,0,0
P503702,Instant FIRMx No-Filter Primer,Peter Thomas Roth,4.3913,42.0,Makeup,Face,43,2,2,8,5.1,1,0,2,1,1,3,0,0,2,2,0,1,0,1,0,0,1
P392607,24K Gold Mask Pure Luxury Lift & Firm,Peter Thomas Roth,3.5,85.0,Skincare,Masks,17,3,2,11,2.6,0,0,0,1,0,0,0,0,0,0,1,0,0,0,0,0,0
P481142,PRO Strength Vitamin A/C/E Retinoid Treatment,Peter Thomas Roth,4.7416,65.0,Skincare,Treatments,38,4,2,14,4.7,1,1,2,0,2,2,0,1,4,3,0,1,0,2,0,1,2
P430812,Max Mineral Tinted Sunscreen Broad Spectrum SPF 45,Peter Thomas Roth,4.2035,38.0,Skincare,Sunscreen,38,4,2,14,4.4,2,1,1,0,2,2,0,1,3,2,0,1,0,1,0,0,1
P481731,PRO Strength Stretch Mark Cream,Peter Thomas Roth,4.6216,58.0,Bath & Body,Body Care,45,5,1,16,5.1,1,1,1,1,1,4,0,0,1,1,1,0,0,1,0,0,1
P505158,Max Vitamin D-Fense Sunscreen Serum Broad Spectrum SPF 50,Peter Thomas Roth,4.8514,42.0,Skincare,Sunscreen,27,3,1,10,4.8,3,1,3,1,0,0,3,2,3,4,0,0,0,3,0,3,0
P410883,Acne Clearing Wash,Peter Thomas Roth,4.2263,39.0,Skincare,Cleansers,30,6,5,23,4.3,1,0,1,1,0,1,2,1,1,2,0,0,0,2,0,2,0
P440317,Potent-C Vitamin C Bright & Plump Moisturizer,Peter Thomas Roth,3.6239,72.0,Skincare,Moisturizers,57,6,5,23,3.3,6,2,2,1,3,4,0,2,5,5,0,0,0,1,0,1,3
P471062,Full-Size Water Drench Hydra-Pair 2-Piece Kit,Peter Thomas Roth,4.6,58.0,Skincare,Value & Gift Sets,97,17,12,63,5.3,7,1,2,5,0,2,0,7,6,8,1,0,0,0,0,0,1
P457519,Water Drench Hyaluronic Cloud Hydrating Eye Gel,Peter Thomas Roth,3.4595,43.0,Skincare,Eye Care,64,7,7,28,4.0,5,0,1,3,0,3,0,3,3,6,1,0,0,0,0,0,1
P446101,Lashes to Die For Turbo Conditioning Lash Enhancer,Peter Thomas Roth,3.7254,85.0,Makeup,Eye,30,2,1,7,3.7,1,0,0,0,1,5,0,0,1,0,0,1,0,1,0,1,2
P471064,Max Matte Shine Control Sunscreen Broad Spectrum SPF 45,Peter Thomas Roth,2.4865,38.0,Skincare,Sunscreen,49,5,4,19,2.0,7,0,1,3,0,1,3,6,6,8,0,0,0,3,0,3,1
P457520,FIRMx Collagen Moisturizer,Peter Thomas Roth,3.3871,88.0,Skincare,Moisturizers,37,7,6,27,4.1,2,0,1,1,0,1,0,1,2,3,1,0,0,0,0,0,0
P464799,Potent-C Power Brightening Hydra-Gels,Peter Thomas Roth,2.6429,65.0,Skincare,Eye Care,37,5,2,17,3.0,1,0,1,3,1,3,0,2,1,0,1,0,0,0,0,0,1
P500127,Water Drench Hyaluronic Cloud Hydrating Body Cream,Peter Thomas Roth,4.8333,40.0,Bath & Body,Body Moisturizers,26,2,2,8,5.2,1,0,1,0,1,1,0,0,2,2,0,1,0,1,0,0,1
P473185,Water Drench Hyaluronic Cloud Makeup Removing Gel Cleanser,Peter Thomas Roth,4.0,32.0,Skincare,Cleansers,31,7,6,27,4.6,2,0,1,0,0,1,0,2,3,3,0,0,0,0,0,0,1
P474080,Water Drench Hyaluronic Cloud Mask Hydrating Gel,Peter Thomas Roth,4.25,55.0,Skincare,Masks,23,2,2,8,4.9,1,0,1,1,0,0,0,0,1,2,1,0,0,0,0,0,0
P502740,Masking Minis 5-Piece Mask Kit,Peter Thomas Roth,4.0,19.0,Skincare,Value & Gift Sets,101,13,9,48,3.8,6,1,3,3,3,4,0,5,8,8,1,2,0,3,0,0,3
P502725,Multi-Masker 4-Piece Mask Kit,Peter Thomas Roth,4.0,58.0,Skincare,Value & Gift Sets,62,9,6,33,3.8,2,0,1,2,2,3,0,1,3,3,1,2,0,2,0,0,2
P501550,Acne-Clear Essentials 4-Piece Acne Kit,Peter Thomas Roth,2.75,35.0,Skincare,Value & Gift Sets,89,21,18,81,2.3,5,3,5,2,4,5,0,4,9,9,0,1,0,3,0,2,4
P505380,Patch & Protect Summer Essentials 2-Piece Kit,Peter Thomas Roth,4.2713,55.0,Skincare,Value & Gift Sets,80,15,10,55,3.2,8,0,2,6,0,3,3,8,6,8,1,0,0,3,0,3,1
P502690,"Snow Angel Shampoo, Shower Gel & Bubble Bath",philosophy,4.2713,24.0,Bath & Body,Value & Gift Sets,41,11,8,41,4.2,1,0,1,1,0,1,0,2,2,2,0,0,0,0,0,0,0
P503665,Missing Person Body Lotion,PHLUR,4.2713,36.0,Bath & Body,Body Moisturizers,41,5,5,20,4.0,3,0,1,0,1,1,0,3,5,4,0,0,0,0,0,0,1
P456192,Night Magic Restorative Face Oil with Firming Botanicals,Prima,4.3488,68.0,Skincare,Moisturizers,18,3,0,9,4.2,1,0,0,0,0,0,0,1,1,1,0,0,0,0,0,0,0
P456193,The Afterglow Deep Moisturizing Cream with Hyaluronic Acid & Vegan Collagen,Prima,4.5302,68.0,Skincare,Moisturizers,57,5,1,16,5.4,2,0,2,1,0,1,0,2,3,3,0,0,0,0,0,0,0
P456216,Unwind Bath Gem Relaxing Bath Soak with Epsom Salt + Moisturizing Oils,Prima,4.5244,15.0,Bath & Body,Bath & Shower,14,4,1,13,4.2,0,0,1,1,0,0,0,0,1,1,0,0,0,0,0,0,0
P474854,"Beyond Body Oil Lightweight, Anti-Aging & Nourishing Oil",Prima,4.8036,56.0,Bath & Body,Body Moisturizers,30,7,4,25,4.6,1,0,0,0,0,0,0,1,1,1,0,0,0,0,0,0,0
P456215,R+R Cream Cooling Recovery Rub for Soothing Comfort with Menthol + Hemp,Prima,4.4054,38.0,Bath & Body,Body Moisturizers,24,3,2,11,3.3,0,0,0,0,0,0,0,0,0,0,0,0,0,0,0,0,0
P456217,Skin Therapy Rich Ultra-Hydrating Body Butter for Dry Skin,Prima,3.7857,32.0,Bath & Body,Body Moisturizers,43,7,3,24,3.3,1,0,0,0,0,0,0,1,1,1,0,0,0,0,0,0,0
P483684,Recover Bath Gem Body-Soothing Bath Soak with Arnica + Magnesium,Prima,3.5,18.0,Bath & Body,Bath & Shower,15,5,3,18,3.0,0,0,1,1,0,0,0,0,1,1,0,0,0,0,0,0,0
P504310,Arousal Bath Gem Sensual Bath Soak with Natural Aphrodisiacs,Prima,4.5,16.0,Bath & Body,Bath & Shower,28,7,4,25,4.2,0,0,1,1,0,0,0,0,1,1,0,0,0,0,0,0,0
P481335,Brightening Saffron Serum - Radiant Rani,RANAVAT,4.7824,135.0,Skincare,Treatments,22,0,0,0,5.7,0,0,0,0,0,0,0,0,0,0,0,0,0,0,0,0,0
P481354,Renewing Bakuchi Crème - Eternal Reign,RANAVAT,4.3676,95.0,Skincare,Moisturizers,34,0,0,0,5.2,0,0,0,0,0,0,0,0,0,0,0,0,0,0,0,0,0
P481336,Resurfacing Saffron AHA Masque - Radiant Rani,RANAVAT,4.6298,75.0,Skincare,Masks,14,1,1,4,4.8,0,0,0,0,0,0,0,0,0,0,0,0,0,0,0,0,0
P481363,Smoothing Facial Polish - Imperial Glow,RANAVAT,4.6364,45.0,Skincare,Cleansers,35,1,1,4,5.2,2,0,0,0,0,0,0,0,0,1,0,0,1,0,0,0,0
P481371,Balancing Crème Cleanser - Luminous Ceremony,RANAVAT,4.4682,45.0,Skincare,Cleansers,16,1,1,4,4.6,0,0,0,0,0,0,0,0,0,0,0,0,0,0,0,0,0
P504446,Restoring Moonseed Treatment - L’Immortale Empress,RANAVAT,4.7222,125.0,Skincare,Moisturizers,41,1,1,4,4.9,0,0,0,0,0,0,0,0,0,0,0,0,0,0,0,0,0
P481401,Hydrating Jasmine Mist - Royal Refresh,RANAVAT,4.4571,45.0,Skincare,Moisturizers,1,0,0,0,5.3,0,0,0,0,0,0,0,0,0,0,0,0,0,0,0,0,0
P502183,Sacred Rose Restoring Hand Crème with Antioxidants,RANAVAT,4.0,32.0,Bath & Body,Body Moisturizers,21,2,2,8,3.2,0,0,0,0,0,0,0,0,0,0,0,0,0,0,0,0,0
P97989778,Soft Pinch Liquid Blush,Rare Beauty by Selena Gomez,4.5356,23.0,Makeup,Cheek,23,1,1,4,4.6,0,0,0,0,0,0,0,0,0,0,0,0,0,0,0,0,0
P38855877,Positive Light Liquid Luminizer Highlight,Rare Beauty by Selena Gomez,4.3411,25.0,Makeup,Face,20,0,0,0,6.0,1,0,0,0,0,0,0,1,1,1,0,0,0,0,0,0,0
P479343,Warm Wishes Effortless Bronzer Sticks,Rare Beauty by Selena Gomez,4.5792,26.0,Makeup,Cheek,22,1,1,4,4.7,0,0,0,0,0,0,0,0,0,0,0,0,0,0,0,0,0
P49848448,Liquid Touch Weightless Foundation,Rare Beauty by Selena Gomez,4.0332,30.0,Makeup,Face,27,0,0,0,5.2,1,0,0,0,0,1,0,0,0,0,0,0,0,0,0,0,0
P64546856,Liquid Touch Brightening Concealer,Rare Beauty by Selena Gomez,4.1963,22.0,Makeup,Face,33,2,2,8,3.4,0,0,0,0,0,0,0,0,0,0,0,0,0,0,0,0,0
P467451,Stay Vulnerable Melting Cream Blush,Rare Beauty by Selena Gomez,4.3357,22.0,Makeup,Cheek,23,0,0,0,5.2,0,0,0,0,0,0,0,0,0,0,0,0,0,0,0,0,0
P503711,Positive Light Silky Touch Highlighter,Rare Beauty by Selena Gomez,4.4501,25.0,Makeup,Face,15,0,0,0,5.3,0,0,0,0,0,0,0,0,0,0,0,0,0,0,0,0,0
P87987897,Lip Soufflé Matte Cream Lipstick,Rare Beauty by Selena Gomez,4.2939,20.0,Makeup,Lip,26,1,1,4,4.4,0,0,0,0,0,0,0,0,0,0,0,0,0,0,0,0,0
P500636,Kind Words Lip Liner,Rare Beauty by Selena Gomez,4.6231,15.0,Makeup,Lip,26,1,0,3,4.9,0,0,0,0,0,0,0,0,0,0,0,0,0,0,0,0,0
P503714,Positive Light Under Eye Brightener,Rare Beauty by Selena Gomez,4.2621,24.0,Makeup,Eye,31,2,2,8,3.5,0,0,0,0,0,0,0,0,0,0,0,0,0,0,0,0,0
P11487778,With Gratitude Dewy Lip Balm,Rare Beauty by Selena Gomez,3.5823,16.0,Makeup,Lip,19,0,0,0,4.3,0,0,0,0,0,0,0,0,0,0,0,0,0,0,0,0,0
P500637,Kind Words Matte Lipstick,Rare Beauty by Selena Gomez,4.5277,20.0,Makeup,Lip,22,0,0,0,5.4,0,0,0,0,0,0,0,0,0,0,0,0,0,0,0,0,0
P467449,Stay Vulnerable Glossy Lip Balm,Rare Beauty by Selena Gomez,4.6973,20.0,Makeup,Lip,20,2,2,8,4.0,0,0,0,0,0,0,0,0,0,0,0,0,0,0,0,0,0
P475599,Perfect Strokes Universal Volumizing Mascara,Rare Beauty by Selena Gomez,4.3716,20.0,Makeup,Eye,29,2,2,8,3.6,0,0,0,0,0,0,0,0,0,0,0,0,0,0,0,0,0
P55849781,Always An Optimist 4-in-1 Prime & Set Mist,Rare Beauty by Selena Gomez,4.274,27.0,Makeup,Face,35,5,4,19,5.1,3,0,1,1,0,1,0,2,2,4,0,0,0,0,0,0,0
P479345,Always an Optimist Soft Radiance Setting Powder,Rare Beauty by Selena Gomez,4.587,25.0,Makeup,Face,19,1,0,3,5.7,1,0,0,0,0,0,0,1,1,1,0,0,0,0,0,0,0
P471074,Pore Diffusing Primer - Always an Optimist Collection,Rare Beauty by Selena Gomez,4.4882,28.0,Makeup,Face,30,3,2,11,3.8,1,0,0,0,0,0,0,0,0,1,0,0,0,0,0,0,0
P77484859,Perfect Strokes Matte Liquid Liner,Rare Beauty by Selena Gomez,4.2939,21.0,Makeup,Eye,14,4,3,15,3.2,0,0,0,0,0,0,0,0,0,0,0,0,0,0,0,0,0
P467450,Stay Vulnerable Liquid Eyeshadow,Rare Beauty by Selena Gomez,4.6114,20.0,Makeup,Eye,19,0,0,0,5.5,0,0,0,0,0,0,0,0,0,0,0,0,0,0,0,0,0
P82858582,Blot & Glow Touch-Up Kit,Rare Beauty by Selena Gomez,3.7402,26.0,Makeup,Face,10,1,0,3,4.7,1,0,0,0,0,0,0,1,1,1,0,0,0,0,0,0,0
P47478987,Illuminating Primer- Always An Optimist Collection,Rare Beauty by Selena Gomez,4.2245,28.0,Makeup,Face,18,1,1,4,4.3,0,0,0,0,0,0,0,0,0,0,0,0,0,0,0,0,0
P05048798,Brow Harmony Pencil & Gel,Rare Beauty by Selena Gomez,4.2179,22.0,Makeup,Eye,32,2,2,8,3.5,0,0,0,0,0,0,0,0,0,0,0,0,0,0,0,0,0
P475604,Brow Harmony Shape & Fill Duo,Rare Beauty by Selena Gomez,4.4929,27.0,Makeup,Eye,18,0,0,0,5.4,0,0,0,0,0,0,0,0,0,0,0,0,0,0,0,0,0
P471077,Weightless Eyeshadow Primer- Always An Optimist Collection,Rare Beauty by Selena Gomez,4.2515,21.0,Makeup,Eye,22,4,4,16,3.3,0,0,0,1,0,0,0,0,0,0,0,0,0,0,0,0,0
P79797874,Magnetic Spirit Eyeshadow Palette,Rare Beauty by Selena Gomez,4.3768,25.0,Makeup,Eye,27,1,1,4,4.5,0,0,0,0,0,0,0,0,0,0,0,0,0,0,0,0,0
P471076,Discovery Eyeshadow Palette,Rare Beauty by Selena Gomez,4.1593,29.0,Makeup,Eye,53,4,3,15,3.0,0,0,0,0,1,1,0,0,1,0,0,1,0,1,0,0,1
P39693963,Blot & Glow Powder Puff Refill,Rare Beauty by Selena Gomez,3.7917,15.0,Makeup,Face,10,1,0,3,4.8,1,0,0,0,0,0,0,1,1,1,0,0,0,0,0,0,0
P505369,Discovery Eyeshadow Palette - Give Yourself Grace,Rare Beauty by Selena Gomez,4.0,29.0,Makeup,Eye,44,3,2,11,2.8,0,0,0,0,1,1,0,0,1,0,0,1,0,1,0,0,1
P473120,Brow Sculpt Shape and Hold Gel with Lamination Effect,REFY,3.6148,24.0,Makeup,Eye,20,3,3,12,2.3,0,0,0,0,0,0,0,0,0,0,0,0,0,0,0,0,0
P483125,Lip Sculpt Lip Liner and Setter,REFY,3.5698,26.0,Makeup,Lip,22,3,1,10,2.3,0,0,0,0,0,0,0,0,0,0,0,0,0,0,0,0,0
P500449,Glow and Sculpt Face Serum Primer with Niacinamide,REFY,4.2759,34.0,Makeup,Face,23,1,1,4,5.1,1,0,1,1,0,1,0,0,0,0,0,0,0,0,0,0,0
P483124,Lip Gloss,REFY,4.2778,20.0,Makeup,Lip,14,0,0,0,5.1,0,0,0,0,0,0,0,0,0,0,0,0,0,0,0,0,0
P475156,Cream Blush,REFY,4.1897,20.0,Makeup,Cheek,12,0,0,0,5.0,0,0,0,0,0,0,0,0,0,0,0,0,0,0,0,0,0
P475158,Gloss Highlighter,REFY,3.9859,26.0,Makeup,Face,25,0,0,0,4.8,0,0,0,0,0,0,0,0,0,0,0,0,0,0,0,0,0
P501560,"Universal Collection - Brow Sculpt, Lip Gloss, and Gloss Highlighter",REFY,3.6,38.0,Makeup,Value & Gift Sets,53,3,3,12,2.3,0,0,0,0,0,0,0,0,0,0,0,0,0,0,0,0,0
P483123,"Lip Collection: Lip Liner, Setter, and Lip Gloss",REFY,3.1333,40.0,Makeup,Lip,33,3,1,10,1.8,0,0,0,0,0,0,0,0,0,0,0,0,0,0,0,0,0
P475157,Cream Bronzer,REFY,4.0408,26.0,Makeup,Cheek,40,2,1,7,3.4,0,0,0,0,0,0,0,0,0,0,0,0,0,0,0,0,0
P473174,"REFY 3.0 Stage Brow Collection- Sculpt, Pomade & Pencil",REFY,4.0239,55.0,Makeup,Eye,49,4,3,15,2.8,0,0,0,0,0,0,0,0,0,0,0,0,0,0,0,0,0
P473118,Brow Pencil,REFY,4.2714,20.0,Makeup,Eye,12,1,0,3,4.5,0,0,0,0,0,0,0,0,0,0,0,0,0,0,0,0,0
P500494,Body Glow Highlighting Serum,REFY,4.2,40.0,Bath & Body,Body Moisturizers,26,0,0,0,5.4,1,0,0,1,0,0,0,0,0,0,0,0,0,0,0,0,0
P500162,Skin Finish Water Based Loose Setting Powder,REFY,3.8947,32.0,Makeup,Face,8,0,0,0,4.7,0,0,0,0,0,0,0,0,0,0,0,0,0,0,0,0,0
P505347,Brow Tint Eyebrow Gel,REFY,4.2713,24.0,Makeup,Eye,17,2,2,8,2.6,0,0,0,0,0,0,0,0,0,0,0,0,0,0,0,0,0
P203616,Glycol Lactic Radiance Renewal Mask,REN Clean Skincare,4.4022,58.0,Skincare,Masks,35,9,6,33,4.9,3,1,1,0,1,1,0,1,2,3,0,0,0,1,0,0,1
P428095,Ready Steady Glow Daily AHA Tonic,REN Clean Skincare,4.143,40.0,Skincare,Cleansers,16,3,1,10,4.6,2,2,2,1,2,1,0,0,2,2,0,0,0,1,0,0,1
P465368,Mini Ready Steady Glow Daily AHA Tonic,REN Clean Skincare,4.143,22.0,Skincare,Cleansers,16,3,1,10,4.6,2,2,2,1,2,1,0,0,2,2,0,0,0,1,0,0,1
P214002,Evercalm Barrier Support Antioxidant Moisturizer,REN Clean Skincare,4.2017,52.0,Skincare,Moisturizers,39,7,6,27,4.6,2,1,2,0,1,2,0,0,2,2,0,0,0,1,0,0,1
P436094,Evercalm Overnight Recovery Balm,REN Clean Skincare,4.4864,55.0,Skincare,Moisturizers,28,6,6,24,3.4,0,0,0,0,0,0,0,0,0,0,0,0,0,0,0,0,0
P415620,Evercalm Ultra Comforting Rescue Mask,REN Clean Skincare,4.5168,52.0,Skincare,Masks,40,6,6,24,5.4,2,0,3,2,0,2,0,0,1,1,0,0,0,0,0,0,0
P423666,Perfect Canvas Clean Primer,REN Clean Skincare,4.5058,49.0,Makeup,Face,18,4,3,15,5.0,1,1,4,2,1,1,0,0,2,2,0,0,0,1,0,0,1
P457512,Overnight Glow Dark Spot Sleeping Cream,REN Clean Skincare,4.1408,55.0,Skincare,Moisturizers,66,8,5,29,4.0,8,1,4,3,2,5,0,8,11,10,0,0,0,1,0,1,3
P431845,AHA Smart Renewal Body Serum,REN Clean Skincare,3.9149,46.0,Bath & Body,Body Moisturizers,31,6,4,22,4.1,2,1,3,1,1,2,0,0,3,3,0,0,0,1,0,0,2
P442990,Clean Screen Mineral SPF 30 Mattifying Face Sunscreen,REN Clean Skincare,3.3558,40.0,Skincare,Sunscreen,44,8,8,32,3.4,1,0,1,0,0,0,0,1,2,2,0,0,0,0,0,0,0
P481732,Radiance Vitamin C Glow Serum,REN Clean Skincare,4.682,69.0,Skincare,Treatments,34,6,5,23,5.2,1,0,1,0,0,1,0,1,3,2,0,0,0,0,0,0,1
P467971,Brightening Dark Circle Eye Cream,REN Clean Skincare,4.3027,51.0,Skincare,Eye Care,33,2,2,8,4.2,0,0,1,0,0,0,0,0,1,1,0,0,0,0,0,0,0
P475159,Evercalm Redness Relief Serum,REN Clean Skincare,4.3985,60.0,Skincare,Treatments,36,7,4,25,4.9,4,1,3,1,1,3,0,1,3,4,0,0,0,1,0,0,1
P454095,Perfect Canvas Clean Jelly Oil Cleanser,REN Clean Skincare,4.0263,37.0,Skincare,Cleansers,2,0,0,0,5.4,1,0,0,0,0,0,0,0,1,1,0,0,0,0,0,0,0
P484067,Evercalm Barrier Support Face Oil,REN Clean Skincare,4.8391,60.0,Skincare,Moisturizers,10,0,0,0,6.8,1,0,0,1,0,0,0,1,1,1,0,0,0,0,0,0,0
P436089,Atlantic Kelp and Magnesium Anti-Fatigue Body Wash - 100% Recycled Plastic,REN Clean Skincare,4.3361,30.0,Bath & Body,Bath & Shower,29,6,6,24,5.0,2,0,1,0,0,1,0,1,2,2,0,0,0,0,0,0,0
P473172,Glow Daily Vitamin C Gel Cream,REN Clean Skincare,4.5825,54.0,Skincare,Moisturizers,29,5,4,19,4.1,0,0,0,0,1,2,0,0,2,0,0,0,0,0,0,0,2
P474371,Evercalm Gentle Cleansing Milk,REN Clean Skincare,4.3208,38.0,Skincare,Cleansers,34,4,4,16,4.8,1,0,1,1,0,0,0,1,2,2,0,0,0,0,0,0,0
P504056,"Perfect Canvas Smooth, Prep & Plump Essence",REN Clean Skincare,4.7677,55.0,Skincare,Moisturizers,18,0,0,0,6.7,0,0,2,1,0,0,0,0,1,1,0,0,0,0,0,0,0
P476726,Evercalm Gentle Cleansing Gel,REN Clean Skincare,4.36,38.0,Skincare,Cleansers,16,3,2,11,4.6,1,1,2,1,1,1,0,0,1,1,0,0,0,1,0,0,1
P437477,Stop Being So Sensitive Evercalm Kit,REN Clean Skincare,3.6087,34.0,Skincare,Value & Gift Sets,98,11,8,41,3.9,6,1,4,3,1,4,0,2,4,5,0,0,0,1,0,0,1
P470049,Clearcalm Clarifying Clay Cleanser,REN Clean Skincare,4.6,38.0,Skincare,Cleansers,29,8,7,31,5.1,2,2,2,2,1,1,0,1,2,2,0,0,0,1,0,0,1
P455227,Glow One Step Further Radiance Kit,REN Clean Skincare,3.931,28.0,Skincare,Value & Gift Sets,58,14,9,51,4.3,6,2,3,1,2,3,0,2,5,6,0,0,0,1,0,0,1
P502047,Evercalm Skin Zen Trio,REN Clean Skincare,4.5,66.0,Skincare,Value & Gift Sets,62,9,8,35,5.0,3,1,2,1,1,2,0,1,3,3,0,0,0,1,0,0,1
P503345,Evercalm Skin Zen Trio,REN Clean Skincare,4.2713,66.0,Skincare,Value & Gift Sets,62,9,8,35,3.8,3,1,2,1,1,2,0,1,3,3,0,0,0,1,0,0,1
P408972,UnCoverup Natural Finish Concealer,rms beauty,4.0897,38.0,Makeup,Face,9,0,0,0,4.9,0,0,0,0,0,0,0,0,0,0,0,0,0,0,0,0,0
P408973,Living Luminizer Highlighter,rms beauty,4.2897,40.0,Makeup,Face,7,0,0,0,5.1,0,0,0,0,0,0,0,0,0,0,0,0,0,0,0,0,0
P500051,ReDimension Hydra Powder Blush,rms beauty,4.6681,35.0,Makeup,Cheek,30,4,2,14,4.8,2,0,0,0,0,0,0,1,1,2,0,0,0,0,0,0,0
P457458,Hydrating Tinted Daily Lip Balm,rms beauty,4.6723,24.0,Makeup,Lip,17,1,0,3,5.0,0,0,0,0,0,0,0,0,0,0,0,0,0,0,0,0,0
P479707,Eyelights Cream Eyeshadow,rms beauty,4.6222,28.0,Makeup,Eye,18,1,1,4,4.7,0,0,0,0,0,0,0,0,0,0,0,0,0,0,0,0,0
P450899,UnCoverup Natural Finish Cream Foundation,rms beauty,3.5339,58.0,Makeup,Face,21,1,0,3,3.6,0,0,0,0,0,0,0,0,0,0,0,0,0,0,0,0,0
P454033,Mini Living Luminizer Highlighter Glow Quad,rms beauty,4.1593,32.0,Makeup,Face,17,0,0,0,5.0,0,0,0,0,0,0,0,0,0,0,0,0,0,0,0,0,0
P475606,ReEvolve Radiance Locking Hydrating Primer,rms beauty,4.7103,42.0,Makeup,Face,43,7,6,27,4.7,1,0,0,1,0,0,0,1,1,1,0,0,0,0,0,0,0
P501548,ReEvolve Medium Coverage Liquid Foundation,rms beauty,4.4802,52.0,Makeup,Face,41,6,4,22,5.4,3,0,0,2,0,1,0,2,2,3,0,0,0,0,0,0,0
P472053,Straight Up Volumizing Peptide Mascara,rms beauty,4.2745,28.0,Makeup,Eye,21,2,1,7,5.3,2,0,0,0,0,2,0,1,1,2,0,0,0,0,0,0,0
P472054,Mini Straight Up Volumizing Peptide Mascara,rms beauty,3.125,15.0,Makeup,Mini Size,21,2,1,7,3.9,2,0,0,0,0,2,0,1,1,2,0,0,0,0,0,0,0
P476005,Cream Blush Refillable Cheek & Lip Color,ROSE INC,4.6015,32.0,Makeup,Cheek,30,2,1,7,4.9,1,0,0,0,0,0,0,1,1,1,0,0,0,0,0,0,0
P480345,Skin Enhance Luminous Skin Tint Serum Foundation,ROSE INC,4.2818,49.0,Makeup,Face,31,6,4,22,5.1,2,0,1,1,0,2,0,1,2,3,0,0,0,0,0,0,0
P476011,Softlight Clean Dewy Hydrating Concealer,ROSE INC,4.3727,30.0,Makeup,Face,23,4,2,14,4.8,2,0,0,1,0,1,0,1,1,2,0,0,0,0,0,0,0
P482730,Satin Lip Color Refillable Hydrating Lipstick,ROSE INC,4.7082,28.0,Makeup,Lip,37,5,3,18,5.2,2,0,0,0,0,0,0,2,2,2,0,0,0,0,0,0,0
P476008,Lip Sculpt Clean Moisturizing Pigmented Lipstick,ROSE INC,3.1918,26.0,Makeup,Lip,28,3,0,9,2.8,1,0,0,0,0,0,0,1,1,1,0,0,0,0,0,0,0
P504309,Solar Power Luminous SPF 30 Brightening Serum,ROSE INC,4.4604,46.0,Skincare,Treatments,30,3,1,10,5.4,3,0,0,1,0,0,0,3,3,3,0,0,0,0,0,0,0
P500294,Solar Infusion Moisturizing Cream Bronzer,ROSE INC,4.7111,36.0,Makeup,Cheek,38,7,5,26,4.5,1,0,0,0,0,1,0,1,1,1,0,0,0,0,0,0,1
P481145,Hydration Replenish Microencapsulated Plumping Gel Moisturizer,ROSE INC,4.6561,70.0,Skincare,Moisturizers,33,10,7,37,5.2,2,1,2,0,1,2,0,1,3,3,0,0,0,1,0,0,1
P500696,Eye Revival Brightening Eye Cream,ROSE INC,4.6915,55.0,Skincare,Eye Care,34,2,1,7,5.8,1,0,1,0,0,1,0,1,2,2,0,0,0,0,0,0,0
P476010,Skin Resolution Clean Exfoliating Acid Toner,ROSE INC,4.6848,32.0,Skincare,Cleansers,33,4,2,14,4.6,4,6,7,1,5,6,0,2,8,8,0,0,0,4,0,0,5
P504315,Mini Skin Resolution Clarifying Acid Toner,ROSE INC,4.6848,15.0,Skincare,Cleansers,33,4,2,14,4.6,4,6,7,1,5,6,0,2,8,8,0,0,0,4,0,0,5
P481146,Skin Enhancing Duo: Luminous Skin Tint Serum Foundation & Foundation Brush,ROSE INC,4.4831,59.0,Makeup,Value & Gift Sets,31,6,4,22,5.4,2,0,1,1,0,2,0,1,2,3,0,0,0,0,0,0,0
P500425,Solar Radiance Hydrating Cream Highlighter,ROSE INC,4.7784,30.0,Makeup,Face,24,3,0,9,4.7,1,0,0,0,0,1,0,1,1,1,0,0,0,0,0,0,1
P476009,Radiant Reveal Clean Brightening Vitamin C Serum,ROSE INC,4.6687,74.0,Skincare,Treatments,32,8,6,30,4.4,1,0,0,0,0,0,0,1,1,1,0,0,0,0,0,0,0
P481160,Number 3 Foundation Brush,ROSE INC,4.5893,32.0,Makeup,Brushes & Applicators,2,0,0,0,5.5,0,0,0,0,0,0,0,0,0,0,0,0,0,0,0,0,0
P502071,Ultra-Black Lash Lifting & Lengthening Serum Mascara,ROSE INC,4.3358,28.0,Makeup,Eye,25,3,2,11,4.2,1,0,0,0,0,1,0,1,1,1,0,0,0,0,0,0,0
P476007,Brow Renew Clean Tinted Eyebrow-Growth Gel,ROSE INC,4.3447,26.0,Makeup,Eye,22,3,1,10,5.2,2,1,2,0,1,1,0,1,3,3,0,0,0,0,0,0,0
P476006,Brow Renew Clean Clear Eyebrow-Growth Gel,ROSE INC,4.319,26.0,Makeup,Eye,22,3,1,10,5.2,2,1,2,0,1,1,0,1,3,3,0,0,0,0,0,0,0
P502066,Satin & Shimmer Duet Powder & Cream Eyeshadow,ROSE INC,4.5479,30.0,Makeup,Eye,35,2,0,6,5.1,1,0,0,0,0,1,0,1,1,1,0,0,0,0,0,0,1
P476012,Cream Blush Refillable Cheek & Lip Color Refill,ROSE INC,4.3958,18.0,Makeup,Cheek,30,2,1,7,4.7,1,0,0,0,0,0,0,1,1,1,0,0,0,0,0,0,0
P482731,Satin Lip Color Hydrating Lipstick Refill,ROSE INC,3.1818,18.0,Makeup,Lip,37,5,3,18,3.4,2,0,0,0,0,0,0,2,2,2,0,0,0,0,0,0,0
P500325,No. 5 Bronzer Brush,ROSE INC,4.7647,28.0,Makeup,Brushes & Applicators,2,0,0,0,5.7,0,0,0,0,0,0,0,0,0,0,0,0,0,0,0,0,0
P504594,The Brightening Essentials Skincare Gift Set,ROSE INC,5.0,66.0,Skincare,Value & Gift Sets,70,12,9,45,5.6,2,1,2,0,1,3,0,1,3,3,0,0,0,1,0,0,1
P504283,Mini Solar Power Luminous SPF 30 Serum,ROSE INC,3.0,18.0,Skincare,Sunscreen,30,3,1,10,3.6,3,0,0,1,0,0,0,3,3,3,0,0,0,0,0,0,0
P500333,No. 6 Highlighter Brush,ROSE INC,4.6842,26.0,Makeup,Brushes & Applicators,2,0,0,0,5.6,0,0,0,0,0,0,0,0,0,0,0,0,0,0,0,0,0
P500426,Solar Radiance Hydrating Cream Highlighter Refill,ROSE INC,4.0,18.0,Makeup,Face,24,3,0,9,3.8,1,0,0,0,0,1,0,1,1,1,0,0,0,0,0,0,1
P468850,Signature Moisturizer,ROSE Ingleton MD,4.7,85.0,Skincare,Moisturizers,49,7,3,24,4.6,5,4,5,0,4,6,0,2,7,8,0,0,0,3,0,0,5
P470245,Complexion Brightening Booster Serum,ROSE Ingleton MD,4.5,70.0,Skincare,Treatments,30,5,2,17,4.4,1,4,5,0,4,6,0,0,6,4,0,0,0,3,0,0,5
P470247,Blemish Control Booster Serum,ROSE Ingleton MD,4.8182,70.0,Skincare,Treatments,39,4,1,13,4.8,1,4,5,0,4,4,0,0,6,4,0,1,0,4,0,0,5
P470246,Calming Hydration Booster Serum,ROSE Ingleton MD,4.7143,70.0,Skincare,Treatments,29,4,1,13,4.3,0,0,0,1,0,1,0,1,0,0,0,0,0,0,0,0,0
P470248,Retexturizing Retinol Booster Serum,ROSE Ingleton MD,4.5556,70.0,Skincare,Treatments,34,7,3,24,4.5,3,5,6,0,4,4,0,1,7,7,0,0,0,4,0,1,5
P480346,SuperFruit Gentle Brightening Cleanser,ROSE Ingleton MD,4.7143,38.0,Skincare,Cleansers,21,3,2,11,3.7,0,0,0,0,0,0,0,0,0,0,0,0,0,0,0,0,0
P500502,SuperFruit Exfoliating Tonic 8% AHA Solution,ROSE Ingleton MD,4.8571,48.0,Skincare,Cleansers,22,4,2,14,5.2,0,1,1,1,1,2,0,1,1,1,0,0,0,1,0,0,1
P42204,Rosebud Salve,Rosebud Perfume Co.,4.6463,7.0,Skincare,Lip Balms & Treatments,4,0,0,0,5.6,0,0,0,0,0,0,0,0,0,0,0,0,0,0,0,0,0
P42205,Strawberry Lip Balm,Rosebud Perfume Co.,4.559,8.0,Skincare,Lip Balms & Treatments,4,0,0,0,5.5,0,0,0,0,0,0,0,0,0,0,0,0,0,0,0,0,0
P266126,Rosebud Salve in a Tube,Rosebud Perfume Co.,4.3797,7.0,Skincare,Lip Balms & Treatments,4,0,0,0,5.3,0,0,0,0,0,0,0,0,0,0,0,0,0,0,0,0,0
P164932,Minted Rose Lip Balm,Rosebud Perfume Co.,4.5225,8.0,Skincare,Lip Balms & Treatments,4,0,0,0,5.4,0,0,0,0,0,0,0,0,0,0,0,0,0,0,0,0,0
P392239,Menthol And Eucalyptus Lip Balm,Rosebud Perfume Co.,4.0998,7.0,Skincare,Lip Balms & Treatments,4,1,0,3,4.3,0,0,0,0,0,0,0,0,0,0,0,0,0,0,0,0,0
P397465,Strawberry Lip Balm,Rosebud Perfume Co.,4.1518,8.0,Skincare,Lip Balms & Treatments,5,1,0,3,4.4,0,0,0,0,0,0,0,0,0,0,0,0,0,0,0,0,0
P469825,Dew Blush Liquid Cheek Blush,Saie,4.4085,25.0,Makeup,Cheek,31,1,0,3,6.5,2,0,0,1,0,1,0,2,3,2,0,0,0,0,0,0,1
P468210,Slip Tint Dewy Tinted Moisturizer SPF 35 Sunscreen,Saie,3.9033,36.0,Makeup,Face,26,1,0,3,5.1,1,0,0,1,0,0,0,1,1,1,0,0,0,0,0,0,0
P468206,Glowy Super Gel Lightweight Dewy Highlighter,Saie,4.4717,28.0,Makeup,Face,22,3,1,10,5.0,2,1,1,0,1,1,0,1,2,2,0,0,0,1,0,0,1
P472997,Sun Melt Natural Cream Bronzer,Saie,4.562,32.0,Makeup,Cheek,18,1,0,3,4.9,0,0,0,0,0,0,0,0,0,0,0,0,0,0,0,0,0
P468207,Mini Glowy Super Gel Lightweight Dewy Highlighter,Saie,4.1938,16.0,Makeup,Face,17,2,0,6,5.4,2,1,1,0,1,1,0,1,2,2,0,0,0,1,0,0,1
P483685,Hydrabeam Brightening + Hydrating Creamy Under Eye Concealer,Saie,4.2018,26.0,Makeup,Eye,18,1,0,3,5.2,1,0,0,0,0,0,0,1,1,1,0,0,0,0,0,0,0
P480188,Airset Radiant Loose Setting Powder,Saie,4.4662,30.0,Makeup,Face,11,1,0,3,5.6,1,0,0,0,0,0,0,1,1,1,0,0,0,0,0,0,0
P501451,Lip Blur Soft-Matte Hydrating Lipstick with Hyaluronic Acid,Saie,4.5964,24.0,Makeup,Lip,22,1,1,4,4.7,0,0,0,0,0,0,0,0,0,0,0,0,0,0,0,0,0
P468204,Mascara 101 Lengthening and Lifting,Saie,4.3762,26.0,Makeup,Eye,19,1,1,4,5.1,1,0,0,0,0,1,0,0,0,1,0,0,0,0,0,0,0
P468211,Sunvisor Radiant Moisturizing Face Sunscreen SPF 35,Saie,4.0939,38.0,Skincare,Sunscreen,31,1,0,3,6.1,2,0,0,1,0,1,0,2,3,2,0,0,0,0,0,0,1
P468208,Brow Butter Styling and Volumizing Eyebrow Gel,Saie,3.5471,20.0,Makeup,Eye,28,0,0,0,4.5,0,0,0,0,0,1,0,0,0,0,0,0,0,0,0,0,0
P504907,Glowy Super Skin Lightweight Hydrobounce  Serum Foundation,Saie,4.7824,40.0,Makeup,Face,31,3,1,10,4.5,1,0,0,0,0,1,0,1,1,1,0,0,0,0,0,0,1
P501321,Luxury Sun Ritual Pore Smoothing Sunscreen SPF 30,Saint Jane Beauty,4.8262,38.0,Skincare,Sunscreen,20,0,0,0,5.8,0,0,0,0,0,0,0,0,0,0,0,0,0,0,0,0,0
P461491,Bright Repair Eye Cream – 10% Vitamin C,Saint Jane Beauty,4.2948,65.0,Skincare,Eye Care,25,2,1,7,4.6,0,0,0,1,0,2,0,1,0,0,0,0,0,0,0,0,0
P467972,The C Drops – 20% Vitamin C Blend Brightening Serum,Saint Jane Beauty,4.75,90.0,Skincare,Treatments,14,1,0,3,5.1,0,0,0,0,0,0,0,0,0,0,0,0,0,0,0,0,0
P473723,Hydrating Petal Cream – 1% Pure Hyaluronic Acid Moisturizer,Saint Jane Beauty,4.5395,68.0,Skincare,Moisturizers,40,1,0,3,6.2,2,0,0,0,0,2,0,1,2,1,0,0,0,0,0,0,1
P451503,Luxury Body Nourishing Serum,Saint Jane Beauty,4.5082,58.0,Bath & Body,Body Moisturizers,30,0,0,0,5.4,0,0,0,0,0,0,0,0,0,0,0,0,0,0,0,0,0
P482068,Sacred Sleep Overnight Repair with Retinol,Saint Jane Beauty,4.7544,70.0,Skincare,Treatments,33,3,2,11,5.1,1,1,2,0,1,1,0,1,3,3,0,0,0,1,0,1,1
P501185,Luxury Lip Shine – Longwear Hydration Lip Oil with Vitamin C,Saint Jane Beauty,4.6552,28.0,Skincare,Lip Balms & Treatments,9,0,0,0,6.8,2,0,0,1,0,0,0,3,1,2,0,0,2,0,1,0,0
P504159,Hydrabloom Body Silk With Hyaluronic Acid,Saint Jane Beauty,4.9375,48.0,Bath & Body,Body Moisturizers,24,2,1,7,5.1,0,0,0,1,0,1,0,1,0,0,0,0,0,0,0,0,0
P281411,Cream Lip Stain Liquid Lipstick,SEPHORA COLLECTION,4.3201,15.0,Makeup,Lip,19,5,3,18,3.2,0,0,0,0,0,0,0,0,0,0,0,0,0,0,0,0,0
P430932,Sephora Colorful Eyeshadow,SEPHORA COLLECTION,3.7494,10.0,Makeup,Eye,21,3,3,12,2.5,0,0,0,0,1,1,0,0,1,0,0,1,0,1,0,0,1
P424915,#LIPSTORIES Lipstick,SEPHORA COLLECTION,4.3942,10.0,Makeup,Lip,23,2,2,8,3.7,0,0,0,0,0,0,0,0,0,0,0,0,0,0,0,0,0
P230234,Retractable Waterproof Eyeliner,SEPHORA COLLECTION,4.2359,13.0,Makeup,Eye,15,1,0,3,6.1,1,0,1,1,0,1,0,1,2,2,0,0,0,0,0,0,1
P377784,12 Hour Contour Pencil Eyeliner,SEPHORA COLLECTION,4.0558,11.0,Makeup,Eye,16,0,0,0,4.9,0,0,0,0,0,0,0,0,0,0,0,0,0,0,0,0,0
P409800,Cleansing & Exfoliating Wipes,SEPHORA COLLECTION,4.3383,3.0,Skincare,Cleansers,17,1,1,4,4.4,0,0,0,0,0,0,0,0,0,0,0,0,0,0,0,0,0
P284507,Sephora Colorful Waterproof Eyeshadow & Eyeliner Multi-Stick,SEPHORA COLLECTION,4.2275,14.0,Makeup,Eye,15,0,0,0,5.1,0,0,0,0,0,0,0,0,0,0,0,0,0,0,0,0,0
P415438,Lip Balm & Scrub,SEPHORA COLLECTION,3.6994,7.0,Makeup,Lip,21,1,1,4,3.6,0,0,0,0,0,0,0,0,0,0,0,0,0,0,0,0,0
P401715,Retractable Rouge Gel Lip Liner,SEPHORA COLLECTION,4.3028,13.0,Makeup,Lip,19,6,6,24,3.2,0,0,0,0,0,0,0,0,0,0,0,0,0,0,0,0,0
P266811,Ultra Shine Lip Gloss,SEPHORA COLLECTION,4.4214,12.0,Makeup,Lip,22,0,0,0,4.9,0,0,0,0,0,0,2,0,0,0,0,0,0,2,0,2,0
P395532,Lip Liner To Go,SEPHORA COLLECTION,4.0169,6.0,Makeup,Lip,16,2,2,8,3.2,0,0,0,0,0,0,0,0,0,0,0,0,0,0,0,0,0
P286513,Retractable Brow Pencil - Waterproof,SEPHORA COLLECTION,4.2546,12.0,Makeup,Eye,18,0,0,0,5.1,0,0,0,0,0,1,0,0,0,0,0,0,0,0,0,0,1
P417985,Outrageous Plumping Lip Gloss,SEPHORA COLLECTION,4.1272,13.0,Makeup,Lip,26,1,1,4,4.0,0,0,0,0,0,1,0,0,0,0,0,0,0,0,0,1,1
P398009,Bright Future Gel Serum Under Eye Concealer,SEPHORA COLLECTION,4.0272,15.0,Makeup,Face,28,1,0,3,4.6,0,0,0,0,1,1,0,0,1,0,0,0,0,0,0,0,1
P403322,Sephora Colorful Lip Gloss Balm,SEPHORA COLLECTION,4.1907,10.0,Makeup,Lip,21,2,2,8,3.4,0,0,0,0,0,0,0,0,0,0,0,0,0,0,0,0,0
P379509,10 Hour Wear Perfection Foundation,SEPHORA COLLECTION,4.0199,20.0,Makeup,Face,29,3,3,12,3.0,0,0,0,1,0,0,0,0,0,0,0,0,0,0,0,0,0
P433005,"Sephora Colorful Face Powders – Blush, Bronze, Highlight, & Contour",SEPHORA COLLECTION,4.1794,14.0,Makeup,Cheek,20,4,4,16,3.0,0,0,0,0,1,1,0,0,1,0,0,1,0,1,0,0,1
P467140,Best Skin Ever Liquid Foundation,SEPHORA COLLECTION,4.2702,20.0,Makeup,Face,32,4,3,15,4.1,1,0,0,1,0,0,0,1,1,1,0,0,0,0,0,0,0
P457430,Glossed Lip Gloss,SEPHORA COLLECTION,4.4226,12.0,Makeup,Lip,18,2,2,8,3.7,0,0,0,0,0,0,0,0,0,0,0,0,0,0,0,0,0
P398001,Sephora Colorful Wink-It Felt Tip Liquid Waterproof Eyeliner,SEPHORA COLLECTION,3.5836,14.0,Makeup,Eye,15,3,3,12,2.3,0,0,0,0,0,0,0,0,0,0,0,0,0,0,0,0,0
P381155,Perfection Mist Airbrush Foundation,SEPHORA COLLECTION,4.2877,20.0,Makeup,Face,35,4,3,15,3.3,0,0,0,0,0,3,0,0,0,0,0,0,0,0,0,1,1
P435832,Color Hit Mini Nail Polish,SEPHORA COLLECTION,3.4892,5.0,Makeup,Nail,27,5,5,20,2.2,0,0,0,0,1,1,0,0,1,0,0,1,0,1,0,0,1
P408606,Matte Perfection Powder Foundation,SEPHORA COLLECTION,4.1824,20.0,Makeup,Face,12,1,1,4,4.2,0,0,0,0,0,0,0,0,0,0,0,0,0,0,0,0,0
P276319,Waterproof Eye Makeup Remover,SEPHORA COLLECTION,4.3673,11.0,Makeup,Accessories,23,3,2,11,3.2,0,0,0,0,0,0,0,0,0,0,0,0,0,0,0,0,0
P310719,MicroSmooth Baked Powder Foundation,SEPHORA COLLECTION,4.3925,20.0,Makeup,Face,29,2,2,8,3.7,0,0,0,0,0,0,0,0,0,0,0,0,0,0,0,0,0
P467139,Astrology Lip Stories Lipstick,SEPHORA COLLECTION,4.0924,9.0,Makeup,Lip,17,4,4,16,2.9,0,0,0,0,0,0,0,0,0,0,0,0,0,0,0,0,0
P443336,Rouge Lacquer Long-Lasting Lipstick,SEPHORA COLLECTION,4.121,15.0,Makeup,Lip,36,4,3,15,4.3,1,0,1,0,0,0,0,1,2,2,0,0,0,0,0,0,0
P442594,Ultra Glow Serum: Glow + Strengthen Vitamin C Serum,SEPHORA COLLECTION,4.125,20.0,Skincare,Treatments,24,4,1,13,3.8,1,0,0,0,1,2,0,0,1,0,0,0,0,0,0,0,1
P432080,Melting Lip Clicks Lip Balm,SEPHORA COLLECTION,4.5631,14.0,Makeup,Lip,19,3,3,12,3.5,0,0,0,0,0,0,0,0,0,0,0,0,0,0,0,0,0
P420440,Make No Mistake Foundation & Concealer Stick,SEPHORA COLLECTION,3.8994,20.0,Makeup,Face,25,0,0,0,4.7,0,0,0,0,0,1,0,0,0,0,0,0,0,0,0,0,1
P439401,Sheer Liquid Eyeshadow,SEPHORA COLLECTION,3.4476,10.0,Makeup,Eye,15,2,2,8,2.5,0,0,0,0,0,0,0,0,0,0,0,0,0,0,0,0,0
P448496,Matte Perfection Lightweight Tinted Moisturizer,SEPHORA COLLECTION,3.7148,18.0,Makeup,Face,29,4,4,16,2.7,0,0,0,1,0,0,0,0,0,0,0,0,0,0,0,0,0
P474388,Microsmooth Multi-Tasking Baked Face Powder Foundation,SEPHORA COLLECTION,4.6284,20.0,Makeup,Face,31,2,2,8,4.0,0,0,0,0,1,1,0,0,1,0,0,1,0,1,0,0,1
P500453,Best Skin Ever Full Coverage Multi-Use Concealer,SEPHORA COLLECTION,4.3443,15.0,Makeup,Face,28,2,1,7,3.8,0,0,0,0,0,0,0,0,0,0,0,0,0,0,0,0,0
P443317,Cream Lip Shine Liquid Lipstick,SEPHORA COLLECTION,3.861,15.0,Makeup,Lip,18,4,4,16,2.6,0,0,0,0,0,0,0,0,0,0,0,0,0,0,0,0,0
P420607,Golden Hour Luminizing Powder,SEPHORA COLLECTION,4.3532,17.0,Makeup,Face,18,2,2,8,3.6,0,0,0,0,0,0,0,0,0,0,0,0,0,0,0,0,0
P479854,Ultimate Gel Waterproof Eyeliner Pencil,SEPHORA COLLECTION,4.0843,13.0,Makeup,Eye,26,0,0,0,5.7,1,0,0,0,0,0,0,1,1,1,0,0,0,0,0,0,0
P474100,All Day Makeup Setting Spray,SEPHORA COLLECTION,4.6761,13.0,Makeup,Face,14,1,1,4,5.4,0,0,1,0,0,0,0,0,1,1,0,0,0,0,0,0,0
P443321,Eyeliner Pencil To Go,SEPHORA COLLECTION,4.1269,6.0,Makeup,Eye,15,1,1,4,4.2,0,0,0,0,0,1,0,0,0,0,0,0,0,0,0,0,1
P303302,Long Lasting Eyeliner High Precision Brush,SEPHORA COLLECTION,4.1031,12.0,Makeup,Eye,12,1,1,4,4.7,0,0,1,0,0,0,0,0,1,1,0,0,0,0,0,0,0
P446621,Organic Cotton Pads,SEPHORA COLLECTION,4.4944,4.5,Makeup,Accessories,1,0,0,0,5.4,0,0,0,0,0,0,0,0,0,0,0,0,0,0,0,0,0
P421234,Make No Mistake Full Coverage Concealer,SEPHORA COLLECTION,3.9533,14.0,Makeup,Face,21,1,1,4,3.9,0,0,0,0,0,0,0,0,0,0,0,0,0,0,0,0,0
P377785,Long Lasting Kohl Pencil,SEPHORA COLLECTION,3.5515,10.0,Makeup,Eye,12,1,1,4,4.5,1,0,0,1,0,0,0,1,1,1,0,0,0,0,0,0,0
P460855,Clean Lip Balm & Scrub,SEPHORA COLLECTION,2.282,7.0,Skincare,Lip Balms & Treatments,21,2,2,8,1.7,0,0,1,0,0,0,0,0,1,1,0,0,0,0,0,0,0
P467142,Translucent Loose Setting Powder,SEPHORA COLLECTION,4.0,15.0,Makeup,Face,18,2,2,8,3.2,0,0,0,0,1,1,0,0,1,0,0,1,0,1,0,0,1
P427017,Deep-Cleaning Brush and Sponge Shampoo,SEPHORA COLLECTION,4.4715,16.0,Makeup,Brushes & Applicators,45,14,14,56,3.0,0,0,0,0,0,0,2,0,0,0,0,0,0,2,0,2,0
P474101,Lip Blush Blotted Matte Lipstick,SEPHORA COLLECTION,4.1524,12.0,Makeup,Lip,20,1,1,4,4.2,0,0,0,0,0,0,0,0,0,0,0,0,0,0,0,0,0
P467144,Mini Pocket Palette Eyeshadow Palette,SEPHORA COLLECTION,3.8681,10.0,Makeup,Eye,21,3,3,12,2.6,0,0,0,0,0,0,0,0,0,0,0,0,0,0,0,0,0
P438619,Brightening Eye Cream with Caffeine and Hyaluronic Acid,SEPHORA COLLECTION,4.375,18.0,Skincare,Eye Care,23,0,0,0,6.0,1,0,0,1,0,1,0,0,0,0,1,0,0,0,0,0,0
P461515,Clean Glossy Lip Oil,SEPHORA COLLECTION,4.2331,12.0,Makeup,Lip,6,0,0,0,5.1,0,0,0,0,0,0,0,0,0,0,0,0,0,0,0,0,0
P479855,Outrageous Plump Intense Hydrating Lip Gloss,SEPHORA COLLECTION,4.2647,13.0,Makeup,Lip,22,0,0,0,5.1,0,0,0,0,0,0,0,0,0,0,0,0,0,0,0,0,0
P427367,Spice Market Contour Powder & Blush Palette,SEPHORA COLLECTION,4.555,20.0,Makeup,Cheek,22,1,1,4,4.7,0,0,0,0,0,0,0,0,0,0,0,0,0,0,0,0,0
P439601,Soft Matte Perfection Blush Duos,SEPHORA COLLECTION,4.2727,16.0,Makeup,Cheek,26,6,6,24,3.1,0,0,0,0,1,1,0,0,1,0,0,1,0,1,0,0,1
P460723,Clean Cleansing & Gentle Exfoliating Wipes,SEPHORA COLLECTION,2.5641,6.0,Skincare,Cleansers,12,0,0,0,3.1,0,0,0,0,0,0,0,0,0,0,0,0,0,0,0,0,0
P474372,Microsmooth Multi-Tasking Baked Face Palette,SEPHORA COLLECTION,4.645,20.0,Makeup,Cheek,38,4,4,16,3.6,0,0,0,0,1,1,0,0,1,0,0,1,0,1,0,0,1
P406569,Dry Shampoo Brush Cleaner,SEPHORA COLLECTION,4.4772,16.0,Makeup,Brushes & Applicators,8,0,0,0,5.4,0,0,0,0,0,0,0,0,0,0,0,0,0,0,0,0,0
P457433,Soft Matte Bronzer Powder,SEPHORA COLLECTION,4.3621,18.0,Makeup,Cheek,13,1,1,4,4.4,0,0,0,0,0,0,0,0,0,0,0,0,0,0,0,0,0
P471089,Moisturizing Body Lotion,SEPHORA COLLECTION,3.6887,6.0,Bath & Body,Body Moisturizers,23,5,5,20,3.4,1,0,1,0,0,0,0,0,1,2,0,0,0,0,0,0,0
P408602,Lashcraft Lengthening & Volumizing Mascara,SEPHORA COLLECTION,3.6565,12.0,Makeup,Eye,21,6,5,23,2.4,0,0,0,0,0,0,0,0,0,0,0,0,0,0,0,0,0
P479856,Charged Up Liquid Eyeshadow,SEPHORA COLLECTION,4.1176,12.0,Makeup,Eye,25,1,1,4,4.9,1,0,0,0,0,0,0,1,1,1,0,0,0,0,0,0,0
P460716,Lip Last Matte Lipstick,SEPHORA COLLECTION,3.5059,15.0,Makeup,Lip,22,3,3,12,2.2,0,0,0,0,0,0,0,0,0,0,0,0,0,0,0,0,0
P460719,Intense Felt-Tip Liquid Waterproof Eyeliner,SEPHORA COLLECTION,3.2886,12.0,Makeup,Eye,26,1,1,4,3.7,0,0,1,0,0,0,0,0,1,1,0,0,0,0,0,0,0
P500744,Clean Lip Balm & Scrub,SEPHORA COLLECTION,4.5128,7.0,Skincare,Lip Balms & Treatments,18,1,1,4,5.2,0,0,1,0,0,0,0,0,1,1,0,0,0,0,0,0,0
P438620,Nourishing Moisturizer with Prebiotics,SEPHORA COLLECTION,4.5182,18.0,Skincare,Moisturizers,35,4,3,15,4.8,1,0,1,0,0,0,0,1,2,2,0,0,0,0,0,0,0
P480190,Clean Vegan Hydrating Satin Lipstick,SEPHORA COLLECTION,4.102,12.0,Makeup,Lip,22,4,4,16,3.5,0,0,1,0,0,0,0,0,1,1,0,0,0,0,0,0,0
P379324,Beauty Amplifier Clear Universal Waterproof Lip Liner,SEPHORA COLLECTION,3.7312,10.0,Makeup,Lip,19,6,6,24,2.5,0,0,0,0,0,0,0,0,0,0,0,0,0,0,0,0,0
P471081,Flushed Cream Blush,SEPHORA COLLECTION,3.5,10.0,Makeup,Cheek,10,2,2,8,2.6,0,0,0,0,0,0,0,0,0,0,0,0,0,0,0,0,0
P442589,Instant Masks,SEPHORA COLLECTION,3.5165,8.0,Skincare,Masks,26,7,5,26,3.8,2,1,2,0,1,1,0,1,3,3,0,0,0,1,0,0,1
P442535,Glow Peel Pads,SEPHORA COLLECTION,3.9956,15.0,Skincare,Treatments,17,3,1,10,3.8,1,0,1,0,0,1,0,0,1,1,0,0,0,0,0,0,0
P503921,Color Shifter Mini Eyeshadow Palette,SEPHORA COLLECTION,3.9286,10.0,Makeup,Eye,32,0,0,0,4.7,0,0,0,0,0,0,0,0,0,0,0,0,0,0,0,0,0
P471088,Bubble Bath & Shower Gel,SEPHORA COLLECTION,4.06,6.0,Bath & Body,Bath & Shower,32,8,8,32,4.3,1,0,1,0,0,1,0,1,2,2,0,0,0,0,0,0,1
P471080,Eye Love Bloom Eyeshadow Palette,SEPHORA COLLECTION,3.2029,14.0,Makeup,Eye,40,2,2,8,2.2,0,0,0,0,0,0,0,0,0,0,0,0,0,0,0,0,0
P438617,All Day Hyaluronic Acid Hydrator Moisturizer,SEPHORA COLLECTION,4.5647,18.0,Skincare,Moisturizers,27,0,0,0,7.3,2,0,0,1,1,2,0,1,2,2,0,0,0,0,0,0,1
P438618,Clean Skin Gel Cleanser with Prebiotics,SEPHORA COLLECTION,4.6286,12.0,Skincare,Cleansers,10,1,1,4,5.4,0,0,1,0,0,0,0,0,1,1,0,0,0,0,0,0,0
P457429,Clear and Cover Acne Treatment Cream Concealer with 2% Salicylic Acid,SEPHORA COLLECTION,3.9733,14.0,Makeup,Face,30,5,4,19,4.0,1,1,1,3,1,0,0,1,2,1,0,1,0,1,0,1,1
P466443,Size Up Volumizing Mascara,SEPHORA COLLECTION,3.6923,12.0,Makeup,Eye,24,5,5,20,2.4,0,0,0,0,0,0,0,0,0,0,0,0,0,0,0,0,0
P443328,Hot Line Brush Tip Waterproof Liquid Eyeliner,SEPHORA COLLECTION,4.1208,14.0,Makeup,Eye,11,3,3,12,2.9,0,0,0,0,0,0,0,0,0,0,0,0,0,0,0,0,0
P467141,Vegan Hydrating Lip Balm,SEPHORA COLLECTION,3.8678,5.0,Makeup,Lip,25,2,1,7,4.0,1,0,0,0,0,0,0,1,1,1,0,0,0,0,0,0,0
P460701,Clean Face Mask,SEPHORA COLLECTION,4.1455,5.5,Skincare,Masks,16,0,0,0,5.8,1,0,0,0,0,0,0,1,1,1,0,0,0,0,0,0,0
P454320,Brow Shaper Pencil - Waterproof,SEPHORA COLLECTION,3.2125,12.0,Makeup,Eye,13,0,0,0,3.9,0,0,0,0,0,0,0,0,0,0,0,0,0,0,0,0,0
P432077,Beauty Amplifier Pore Primer,SEPHORA COLLECTION,3.6716,14.0,Makeup,Face,28,0,0,0,5.0,0,0,1,0,0,0,0,0,1,1,0,0,0,0,0,0,0
P460856,Clean Eye Mask,SEPHORA COLLECTION,4.1698,3.5,Skincare,Masks,21,3,3,12,3.8,1,0,0,0,0,0,0,1,1,1,0,0,0,0,0,0,0
P454322,Clear Long-Lasting Brow Gel,SEPHORA COLLECTION,4.0909,12.0,Makeup,Eye,11,2,2,8,3.3,0,0,0,0,0,0,0,0,0,0,0,0,0,0,0,0,0
P471079,Sephora Colorful Gloss Balm Super Fruits,SEPHORA COLLECTION,4.1667,10.0,Makeup,Lip,10,2,2,8,3.4,0,0,0,0,0,0,0,0,0,0,0,0,0,0,0,0,0
P483138,Targeted Pores Serum with BHA + PHA,SEPHORA COLLECTION,4.6844,20.0,Skincare,Treatments,22,5,4,19,4.8,2,2,2,1,2,1,0,1,3,2,0,1,0,1,0,1,1
P484071,Insta-Brow Waxy Brow Pencil,SEPHORA COLLECTION,4.232,12.0,Makeup,Eye,14,0,0,0,5.1,0,0,0,0,0,0,0,0,0,0,0,0,0,0,0,0,0
P467647,Melting Cleansing Balm Cleanse + Balance,SEPHORA COLLECTION,3.6314,12.0,Skincare,Cleansers,25,2,2,8,3.8,1,0,1,0,0,1,0,0,1,1,0,0,0,0,0,0,0
P483137,Targeted Dark Spots Serum with Enzymes,SEPHORA COLLECTION,4.6447,20.0,Skincare,Treatments,16,2,1,7,5.2,1,0,1,0,0,0,0,0,1,2,0,0,0,0,0,0,0
P467652,Lip Sleeping Mask,SEPHORA COLLECTION,3.5475,5.0,Skincare,Lip Balms & Treatments,16,1,1,4,4.1,0,0,1,0,0,0,0,0,1,1,0,0,0,0,0,0,0
P454325,Trio Face Palette,SEPHORA COLLECTION,4.3088,15.0,Makeup,Makeup Palettes,25,3,3,12,3.2,0,0,0,0,0,0,0,0,0,0,0,0,0,0,0,0,0
P471278,Lilly Lashes x Sephora Collection Faux 3D Lashes,SEPHORA COLLECTION,4.7803,28.0,Makeup,Eye,1,0,0,0,5.7,0,0,0,0,0,0,0,0,0,0,0,0,0,0,0,0,0
P474102,Smooth + Blur Primer,SEPHORA COLLECTION,4.6702,16.0,Makeup,Face,17,0,0,0,5.6,0,0,0,0,0,0,0,0,0,0,0,0,0,0,0,0,0
P445724,Triple Action Cleansing Water - Cleanse + Purify,SEPHORA COLLECTION,4.131,12.0,Makeup,Accessories,14,2,2,8,4.8,0,1,2,1,0,1,0,0,1,1,0,0,0,0,0,0,0
P501341,Wishing You Outrageous Plump Intense Set,SEPHORA COLLECTION,4.1818,13.0,Makeup,Value & Gift Sets,35,5,5,20,3.0,0,0,0,0,0,0,0,0,0,0,0,0,0,0,0,0,0
P439036,One Two Lash Magnetic Lashes,SEPHORA COLLECTION,3.1055,69.0,Makeup,Eye,2,0,0,0,3.7,0,0,0,0,0,0,0,0,0,0,0,0,0,0,0,0,0
P503929,Sheer Matte Lip Balm,SEPHORA COLLECTION,3.7,10.0,Makeup,Lip,22,1,1,4,4.2,0,0,1,0,0,0,0,0,1,1,0,0,0,0,0,0,0
P501346,Wishing You Cream Lip Stain Set,SEPHORA COLLECTION,4.5263,30.0,Makeup,Lip,30,9,5,32,3.4,0,0,0,0,0,0,0,0,0,0,0,0,0,0,0,0,0
P479649,Big By Definition Defining & Volumizing Mascara,SEPHORA COLLECTION,3.9957,12.0,Makeup,Eye,26,1,1,4,4.4,0,0,1,1,0,0,0,0,0,0,0,0,0,0,0,0,0
P501496,Satin Hydrating Lipstick,SEPHORA COLLECTION,4.7668,15.0,Makeup,Lip,30,2,2,8,4.7,0,0,1,0,0,0,0,0,1,1,0,0,0,0,0,0,0
P473725,Resurfacing Peel Mask,SEPHORA COLLECTION,4.8299,18.0,Skincare,Treatments,21,5,3,18,4.8,3,3,4,1,3,2,0,0,4,4,0,1,0,2,0,1,2
P457442,Face Serum,SEPHORA COLLECTION,3.3235,9.0,Skincare,Treatments,27,5,4,19,3.0,1,0,1,0,0,0,0,0,1,2,0,0,0,0,0,0,0
P504429,Hydrating Serum,SEPHORA COLLECTION,4.8445,20.0,Skincare,Treatments,16,1,0,3,5.8,0,0,1,0,0,0,0,0,1,1,0,0,0,0,0,0,0
P501571,Trio Contour Face Palette,SEPHORA COLLECTION,3.381,15.0,Makeup,Cheek,26,1,1,4,3.3,0,0,0,0,0,0,0,0,0,0,0,0,0,0,0,0,0
P504421,Overnight Hydrating Mask,SEPHORA COLLECTION,4.8268,16.0,Skincare,Masks,17,2,2,8,4.2,0,0,0,0,0,0,0,0,0,0,0,0,0,0,0,0,0
P501365,Wishing You Blockbuster Multi-Use Makeup Palette,SEPHORA COLLECTION,3.9,36.0,Makeup,Eye,51,2,2,8,3.1,0,0,0,0,0,0,0,0,0,0,0,0,0,0,0,0,0
P479711,Hand Balm with Shea Butter,SEPHORA COLLECTION,4.1228,6.0,Bath & Body,Body Moisturizers,22,2,1,7,4.9,1,0,1,0,0,1,0,1,2,2,0,0,0,0,0,0,1
P432079,Golden Hour Liquid Highlighter,SEPHORA COLLECTION,4.0139,14.0,Makeup,Face,29,1,0,3,5.6,1,0,1,0,0,0,0,1,2,2,0,0,0,0,0,0,0
P483136,Targeted Anti-Aging Bakuchiol Serum,SEPHORA COLLECTION,4.6,20.0,Skincare,Treatments,17,2,1,7,4.3,0,0,0,0,0,1,0,0,0,0,0,0,0,0,0,0,0
P455219,All Day Body Hydrator,SEPHORA COLLECTION,4.0141,17.0,Bath & Body,Body Moisturizers,27,2,1,7,5.4,2,0,1,0,0,0,0,2,3,3,0,0,0,0,0,0,0
P473729,Vitamin Mask,SEPHORA COLLECTION,4.4826,10.0,Skincare,Masks,28,4,3,15,4.8,1,0,1,0,0,0,0,1,2,2,0,0,0,0,0,0,0
P479857,Golden Hour Highlighter Duo,SEPHORA COLLECTION,4.12,18.0,Makeup,Face,20,1,1,4,4.1,0,0,0,0,0,0,0,0,0,0,0,0,0,0,0,0,0
P461514,Clean Liquid Lip Mousse,SEPHORA COLLECTION,4.3776,15.0,Makeup,Lip,14,1,1,4,4.5,0,0,0,0,0,0,0,0,0,0,0,0,0,0,0,0,0
P457432,Weekend Warrior Tone Up Cream,SEPHORA COLLECTION,3.602,16.0,Makeup,Face,34,5,5,20,3.5,1,0,1,1,0,0,0,0,1,2,0,0,0,0,0,0,0
P461522,Clean Charcoal Nose Strip,SEPHORA COLLECTION,3.0273,3.0,Skincare,Masks,17,0,0,0,4.2,0,0,1,0,0,0,0,0,1,1,0,0,0,0,0,0,0
P502459,Wishing You 8 Pan Eyeshadow Palette,SEPHORA COLLECTION,4.4,8.0,Makeup,Eye,35,1,1,4,4.5,0,0,0,0,0,0,0,0,0,0,0,0,0,0,0,0,0
P471090,Hand Wash,SEPHORA COLLECTION,3.5833,5.0,Bath & Body,Body Care,29,8,8,32,2.9,0,0,1,0,0,0,0,0,1,1,0,0,0,0,0,0,0
P443322,Fine Line Waterproof Felt Tip Liquid Eyeliner,SEPHORA COLLECTION,3.5812,14.0,Makeup,Eye,13,4,3,15,2.9,0,0,1,0,0,0,0,0,1,1,0,0,0,0,0,0,0
P473726,Smoothing Cleanser,SEPHORA COLLECTION,4.638,12.0,Skincare,Cleansers,19,5,3,18,4.4,0,1,2,1,1,0,0,0,2,1,0,1,0,1,0,1,1
P471084,Clean Solid Deodorants,SEPHORA COLLECTION,3.5474,8.0,Bath & Body,Body Care,23,2,2,8,3.3,0,0,1,0,0,0,0,0,1,1,0,0,0,0,0,0,0
P461520,Clean Foot Mask,SEPHORA COLLECTION,4.2692,5.0,Skincare,Masks,26,2,2,8,3.5,0,0,0,0,0,0,0,0,0,0,0,0,0,0,0,0,0
P500626,Melting Cleansing Balm Cleanse + Balance,SEPHORA COLLECTION,4.0131,12.0,Skincare,Cleansers,23,3,3,12,3.8,1,0,1,0,0,1,0,0,1,1,0,0,0,0,0,0,0
P464804,Hand Sanitizer,SEPHORA COLLECTION,4.1515,3.5,Bath & Body,Body Care,20,3,3,12,3.2,0,0,1,0,0,0,2,0,1,1,0,0,0,2,0,2,0
P454321,Volumizing Fiber Brow Gel,SEPHORA COLLECTION,3.3804,12.0,Makeup,Eye,24,5,5,20,2.7,0,0,1,0,0,0,0,0,1,1,0,0,0,0,0,0,0
P504431,Body Oil Shower Body Oil,SEPHORA COLLECTION,3.6071,9.0,Bath & Body,Body Moisturizers,24,6,5,23,2.5,0,0,1,0,0,0,2,0,1,1,0,0,0,2,0,2,0
P432076,LashCraft Eyelash Primer,SEPHORA COLLECTION,3.7059,12.0,Makeup,Eye,37,6,5,23,4.2,2,0,1,0,0,1,0,1,2,3,0,0,0,0,0,0,1
P460554,Clarifying Peel Pads,SEPHORA COLLECTION,4.6068,17.0,Skincare,Treatments,17,5,2,17,4.7,1,2,3,1,2,1,0,0,3,2,0,1,0,1,0,1,1
P470542,B.Y.O.B. Build Your Own Brow Customizable Set,SEPHORA COLLECTION,4.587,16.0,Makeup,Eye,11,2,2,8,3.9,0,0,0,0,0,0,0,0,0,0,0,0,0,0,0,0,0
P502417,Wishing You 12 Pan Eyeshadow Palette,SEPHORA COLLECTION,4.5,15.0,Makeup,Eye,47,1,1,4,4.6,0,0,0,0,0,0,0,0,0,0,0,0,0,0,0,0,0
P432078,LashCraft Have It All Mascara,SEPHORA COLLECTION,2.2622,12.0,Makeup,Eye,22,2,2,8,1.1,0,0,0,0,0,0,0,0,0,0,0,0,0,0,0,0,0
P483146,Ultra Glow Toner with Vitamins C + E,SEPHORA COLLECTION,4.5865,14.0,Skincare,Moisturizers,19,2,1,7,5.9,2,0,1,0,1,2,0,0,2,3,0,0,0,0,0,0,1
P503900,Destinations Eye Palette,SEPHORA COLLECTION,3.9231,15.0,Makeup,Eye,39,0,0,0,4.7,0,0,0,0,0,0,0,0,0,0,0,0,0,0,0,0,0
P432421,SUPERMASK - The Charcoal Mask,SEPHORA COLLECTION,3.7614,5.5,Skincare,Masks,25,0,0,0,5.7,1,0,1,0,0,1,0,0,1,2,0,0,0,0,0,0,0
P471082,Golden Hour All Over Illuminator,SEPHORA COLLECTION,2.6087,15.0,Makeup,Face,9,0,0,0,3.1,0,0,0,0,0,0,0,0,0,0,0,0,0,0,0,0,0
P461521,Clean Hand Mask,SEPHORA COLLECTION,3.6818,5.0,Skincare,Masks,19,0,0,0,5.0,1,0,0,0,0,1,0,0,0,1,0,0,0,0,0,0,0
P455217,Gradual Self-Tanning Face Gel,SEPHORA COLLECTION,3.8308,17.0,Skincare,Sunscreen,23,4,4,16,4.0,2,0,1,0,0,1,0,0,1,2,0,0,0,0,0,0,0
P456957,Clarifying Serum,SEPHORA COLLECTION,4.2222,20.0,Skincare,Treatments,23,6,3,21,3.3,0,1,1,1,1,0,0,0,1,0,0,1,0,1,0,1,1
P467651,Pores Target Serum,SEPHORA COLLECTION,4.1818,20.0,Skincare,Treatments,23,5,4,19,4.2,2,2,2,1,2,1,0,1,3,2,0,1,0,1,0,1,1
P484068,Boost + Lock Eyeshadow Primer,SEPHORA COLLECTION,4.1327,12.0,Makeup,Eye,27,1,1,4,4.8,0,0,1,0,0,0,0,0,1,1,0,0,0,0,0,0,0
P500787,All Day Body Hydrator with Shea Butter,SEPHORA COLLECTION,4.2333,18.0,Bath & Body,Body Moisturizers,27,2,1,7,5.7,2,0,1,0,0,0,0,2,3,3,0,0,0,0,0,0,0
P473724,Vitamin Tonic,SEPHORA COLLECTION,4.6875,6.0,Skincare,Cleansers,22,1,1,4,5.4,0,0,1,0,0,0,0,0,1,1,0,0,0,0,0,0,0
P445726,Firming Night Cream with Peptides,SEPHORA COLLECTION,4.0217,18.0,Skincare,Moisturizers,28,5,3,18,4.6,2,0,1,0,0,1,0,1,2,2,0,0,0,0,0,0,0
P502504,Holiday Surprise Makeup Gift Set,SEPHORA COLLECTION,5.0,10.0,Makeup,Face,39,7,4,25,4.0,0,0,0,0,0,1,0,0,0,0,0,0,0,0,0,0,1
P502473,#Lipstories Set,SEPHORA COLLECTION,3.25,18.0,Makeup,Lip,41,4,4,16,1.9,0,0,0,0,0,0,0,0,0,0,0,0,0,0,0,0,0
P455215,Illuminating Hydrator - Radiance + Smoothing,SEPHORA COLLECTION,3.3261,17.0,Skincare,Moisturizers,21,1,1,4,3.8,0,0,1,0,0,0,0,0,1,1,0,0,0,0,0,0,0
P480986,Firming Eye Cream with Peptides,SEPHORA COLLECTION,4.1364,18.0,Skincare,Eye Care,26,1,0,3,5.2,1,0,0,0,0,0,0,1,1,1,0,0,0,0,0,0,0
P479688,AHA Peeling Masks,SEPHORA COLLECTION,3.6923,10.0,Skincare,Masks,22,6,3,21,3.0,0,0,1,0,0,0,0,0,1,1,0,0,0,0,0,0,0
P480347,2-in-1 Brush-on Lash Adhesive,SEPHORA COLLECTION,2.8182,8.0,Makeup,Eye,1,0,0,0,3.4,0,0,0,0,0,0,0,0,0,0,0,0,0,0,0,0,0
P455220,Glow Body Cream,SEPHORA COLLECTION,3.7308,17.0,Bath & Body,Body Moisturizers,23,2,2,8,3.5,0,0,1,0,0,0,0,0,1,1,0,0,0,0,0,0,0
P461195,Clean Hemp Mask,SEPHORA COLLECTION,3.8889,5.5,Skincare,Masks,30,6,4,22,3.9,0,0,1,1,0,1,0,1,1,1,0,0,0,0,0,0,0
P471085,Targeted Dark Spots Serum,SEPHORA COLLECTION,3.6111,20.0,Skincare,Treatments,17,2,1,7,3.9,1,0,1,0,0,0,0,0,1,2,0,0,0,0,0,0,0
P446820,Grapefruit Peeling Mask - Skin Perfection,SEPHORA COLLECTION,3.4444,8.0,Skincare,Masks,26,7,5,26,3.7,2,1,2,0,1,1,0,1,3,3,0,0,0,1,0,0,1
P483151,Vitamin Eye Masks,SEPHORA COLLECTION,3.9118,3.5,Skincare,Eye Care,20,0,0,0,5.5,1,0,0,0,0,0,0,1,1,1,0,0,0,0,0,0,0
P457441,The Clarifying Kit,SEPHORA COLLECTION,4.6667,20.0,Skincare,Value & Gift Sets,44,3,2,11,5.4,2,0,1,0,0,1,0,1,2,2,0,0,0,0,0,0,0
P503907,Colorful Gloss Balm Feeling Groovy,SEPHORA COLLECTION,4.8,10.0,Makeup,Lip,22,0,0,0,5.8,0,0,0,0,0,0,0,0,0,0,0,0,0,0,0,0,0
P467650,Self-Tanning Body Mousse,SEPHORA COLLECTION,3.4839,18.0,Skincare,Self Tanners,14,2,2,8,3.6,1,0,1,0,0,0,0,0,1,2,0,0,0,0,0,0,0
P483092,Glow Peel Pads with AHA + PHA,SEPHORA COLLECTION,4.5862,17.0,Skincare,Treatments,16,4,1,13,5.1,3,2,3,0,2,3,0,0,3,3,0,0,0,1,0,0,1
P457439,Clarifying Lotion,SEPHORA COLLECTION,3.6207,16.0,Skincare,Treatments,13,4,2,14,2.5,0,1,1,1,1,0,0,0,1,0,0,1,0,1,0,1,1
P471086,Targeted Wrinkle Serum,SEPHORA COLLECTION,4.3571,20.0,Skincare,Treatments,16,2,1,7,4.0,0,0,0,0,0,1,0,0,0,0,0,0,0,0,0,0,0
P502481,Lip Gloss Ornament,SEPHORA COLLECTION,5.0,5.0,Makeup,Value & Gift Sets,20,3,3,12,4.0,0,0,0,0,0,0,0,0,0,0,0,0,0,0,0,0,0
P461200,Clean Watermelon After Sun Mask,SEPHORA COLLECTION,4.6667,5.0,Skincare,Masks,33,2,2,8,5.6,2,0,1,0,0,1,0,0,1,3,0,0,0,0,0,0,0
P502386,Wishing You Eye Makeup Set,SEPHORA COLLECTION,4.0,22.0,Makeup,Eye,52,2,2,8,3.6,0,0,1,1,0,0,0,0,0,0,0,0,0,0,0,0,0
P446822,Hemp Mousse Mask - Anti-Blemish,SEPHORA COLLECTION,3.5769,8.0,Skincare,Masks,40,6,5,23,2.9,1,0,1,0,0,0,2,0,1,2,0,0,0,2,0,2,0
P483075,Brightening Dual Facial Enzyme Exfoliator,SEPHORA COLLECTION,4.125,14.0,Skincare,Cleansers,13,1,1,4,5.2,1,0,1,0,0,0,0,0,1,2,0,0,0,0,0,0,0
P461199,Clean Peeling Mask,SEPHORA COLLECTION,4.4545,5.5,Skincare,Masks,29,3,1,10,4.5,1,0,0,1,0,2,0,1,0,1,0,0,0,0,0,0,0
P474103,Mattify + Refine Primer,SEPHORA COLLECTION,3.45,16.0,Makeup,Face,27,3,3,12,2.7,0,0,1,0,0,0,0,0,1,1,0,0,0,0,0,0,0
P500774,Clarifying Toner with Niacinamide and Zinc,SEPHORA COLLECTION,4.4444,14.0,Skincare,Cleansers,11,2,2,8,5.3,1,1,2,1,0,0,0,0,1,2,0,0,0,0,0,0,0
P460704,The Hydrating Kit,SEPHORA COLLECTION,4.3333,20.0,Skincare,Value & Gift Sets,59,9,6,33,5.2,1,0,2,0,0,0,0,1,3,3,0,0,0,0,0,0,0
P504437,Resurfacing Sugar Body Scrub,SEPHORA COLLECTION,5.0,18.0,Bath & Body,Bath & Shower,19,4,3,15,5.6,1,1,2,0,1,1,0,0,2,2,0,0,0,1,0,0,1
P504459,Moisturizing Body Lotion Body Care,SEPHORA COLLECTION,3.8889,7.0,Bath & Body,Body Moisturizers,21,4,3,15,2.9,0,0,1,0,0,0,2,0,1,1,0,0,0,2,0,2,0
P483090,Firming Day Moisturizer with Peptides,SEPHORA COLLECTION,2.9375,18.0,Skincare,Moisturizers,26,3,1,10,2.9,1,0,1,0,0,0,0,1,2,2,0,0,0,0,0,0,0
P503904,Big By Definition Defining & Volumizing Waterproof Mascara,SEPHORA COLLECTION,2.6842,12.0,Makeup,Eye,26,0,0,0,3.2,0,0,0,0,0,0,0,0,0,0,0,0,0,0,0,0,0
P500743,Vitamin Face Masks,SEPHORA COLLECTION,4.4,5.5,Skincare,Masks,20,0,0,0,7.1,1,0,1,0,1,1,0,1,3,2,0,0,0,0,0,0,1
P500785,Vitamin C Skincare Set,SEPHORA COLLECTION,4.5833,15.0,Skincare,Value & Gift Sets,44,10,7,37,5.3,4,0,1,0,1,3,0,1,3,4,0,0,0,0,0,0,1
P504441,Prebiotic Smoothie Mask,SEPHORA COLLECTION,4.0909,8.0,Skincare,Masks,29,4,3,15,4.3,1,0,1,0,0,0,0,1,2,2,0,0,0,0,0,0,0
P444237,Mini Cleansing Wipes - Coconut Water,SEPHORA COLLECTION,4.3,3.0,Skincare,Cleansers,19,3,3,12,3.8,0,0,1,0,0,0,0,0,1,1,0,0,0,0,0,0,0
P482304,Sigma x Sephora Brush Cleanser,SEPHORA COLLECTION,4.25,19.0,Makeup,Brushes & Applicators,3,1,1,4,4.3,0,0,0,0,0,0,0,0,0,0,0,0,0,0,0,0,0
P504447,Gradual Tanning Drops Face & Body,SEPHORA COLLECTION,3.25,16.0,Skincare,Self Tanners,10,3,2,11,2.9,1,0,1,0,0,0,0,0,1,2,0,0,0,0,0,0,0
P467649,Clean 1 Minute Face Masks,SEPHORA COLLECTION,1.8571,12.0,Skincare,Masks,20,0,0,0,3.0,1,0,0,0,0,0,0,1,1,1,0,0,0,0,0,0,0
P483145,Ultra Glow Mask with Vitamins C + E,SEPHORA COLLECTION,4.5,16.0,Skincare,Masks,19,6,6,24,5.2,2,0,1,0,1,2,0,1,3,3,0,0,0,0,0,0,1
P500729,Best Sellers Set,SEPHORA COLLECTION,4.3333,20.0,Skincare,Value & Gift Sets,58,9,7,34,4.4,3,2,4,1,2,1,0,2,6,5,0,1,0,1,0,1,1
P504514,Bath Bomb Bath Fizzy,SEPHORA COLLECTION,2.1053,3.0,Bath & Body,Bath & Shower,17,5,4,19,1.1,0,0,1,0,0,0,0,0,1,1,0,0,0,0,0,0,0
P502842,Wishing You Essentials Skincare Kit,SEPHORA COLLECTION,3.6667,20.0,Skincare,Value & Gift Sets,61,8,4,28,3.4,2,1,2,1,2,2,0,1,4,2,0,1,0,1,0,1,2
P500763,Lip Sleeping Mask,SEPHORA COLLECTION,3.6667,5.0,Skincare,Lip Balms & Treatments,13,0,0,0,5.4,1,0,1,0,0,1,0,0,1,1,0,0,0,0,0,0,0
P504424,Clarifying Peel Pads Purify + Exfoliate,SEPHORA COLLECTION,5.0,17.0,Skincare,Treatments,13,3,2,11,5.0,2,3,4,1,3,2,0,0,4,3,0,1,0,2,0,1,2
P504417,Acne Treatment Gel,SEPHORA COLLECTION,5.0,20.0,Skincare,Treatments,16,7,4,25,5.2,1,1,2,1,1,0,0,0,2,2,0,1,0,1,0,1,1
P501159,Luxe Vibes Luxury Beauty Sampler Set,Sephora Favorites,2.9524,65.0,Makeup,Value & Gift Sets,163,23,20,89,2.5,3,0,2,2,2,4,0,2,4,3,0,1,0,1,0,0,3
P455926,Retinol Reform Treatment Serum,Shani Darden Skin Care,4.2569,88.0,Skincare,Treatments,46,2,1,7,4.7,5,2,3,1,2,3,0,3,5,5,0,0,0,2,0,1,2
P455927,Mini Retinol Reform,Shani Darden Skin Care,4.2569,30.0,Skincare,Mini Size,46,2,1,7,4.7,5,2,3,1,2,3,0,3,5,5,0,0,0,2,0,1,2
P455929,Cleansing Serum,Shani Darden Skin Care,4.5938,38.0,Skincare,Cleansers,23,2,2,8,4.5,0,0,1,0,0,0,0,0,1,1,0,0,0,0,0,0,0
P467973,Intensive Eye Renewal Cream with Firming Peptides,Shani Darden Skin Care,4.2087,68.0,Skincare,Eye Care,30,3,1,10,4.7,2,0,0,0,0,0,0,2,2,2,0,0,0,0,0,0,0
P478731,Lactic Acid AHA Exfoliating Serum,Shani Darden Skin Care,4.6299,88.0,Skincare,Treatments,39,6,2,20,4.6,2,5,6,0,4,4,0,0,6,5,0,0,0,3,0,0,4
P455930,Weightless Oil-Free Moisturizer,Shani Darden Skin Care,4.2571,48.0,Skincare,Moisturizers,19,3,2,11,3.1,0,0,0,0,0,0,0,0,0,0,0,0,0,0,0,0,0
P471097,Facial Sculpting Wand,Shani Darden Skin Care,4.5462,399.0,Skincare,High Tech Tools,17,2,1,7,4.1,0,0,0,0,0,0,0,0,0,0,0,0,0,0,0,0,0
P503920,Triple Acid Signature Peel,Shani Darden Skin Care,4.876,125.0,Skincare,Treatments,42,5,4,19,4.9,2,3,3,1,3,5,0,1,3,4,0,0,0,3,0,0,3
P455931,Sake Toning Essence,Shani Darden Skin Care,4.4444,52.0,Skincare,Moisturizers,16,0,0,0,5.9,0,0,1,0,0,0,0,0,1,1,0,0,0,0,0,0,0
P474858,Hydra Prep Soothing & Hydrating Gel,Shani Darden Skin Care,4.2713,38.0,Skincare,Moisturizers,17,2,1,7,2.8,0,0,0,0,0,0,0,0,0,0,0,0,0,0,0,0,0
P456398,Ultimate Sun Protector Lotion SPF 50+ Sunscreen,Shiseido,4.4864,50.0,Skincare,Sunscreen,41,4,3,15,3.4,0,0,0,0,0,0,0,0,0,0,0,0,0,0,0,0,0
P173726,Facial Cotton,Shiseido,4.8284,13.0,Skincare,Cleansers,1,0,0,0,5.8,0,0,0,0,0,0,0,0,0,0,0,0,0,0,0,0,0
P429242,Clear Sunscreen Stick SPF 50+,Shiseido,4.6566,30.0,Skincare,Sunscreen,27,0,0,0,6.4,1,0,0,0,0,0,0,1,1,1,0,0,0,0,0,0,0
P448203,Benefiance Wrinkle Smoothing Eye Cream,Shiseido,4.3298,64.0,Skincare,Eye Care,57,10,7,37,5.2,3,0,0,2,0,3,0,1,1,2,1,0,0,0,0,0,0
P482739,Urban Environment Oil-Free Sunscreen Broad-Spectrum SPF 42,Shiseido,4.4533,50.0,Skincare,Sunscreen,48,3,3,12,4.1,2,0,0,0,0,0,0,0,0,2,0,0,0,0,0,0,0
P449106,Synchro Skin Self-Refreshing Foundation SPF 30,Shiseido,4.2702,47.0,Makeup,Face,38,4,3,15,3.7,0,0,1,0,0,0,0,0,1,1,0,0,0,0,0,0,0
P482742,Urban Environment Fresh-Moisture Sunscreen Broad-Spectrum SPF 42,Shiseido,4.6311,38.0,Skincare,Sunscreen,43,4,4,16,4.4,2,0,0,0,0,0,0,0,0,2,0,0,0,0,0,0,0
P448202,Benefiance Wrinkle Smoothing Cream Enriched,Shiseido,4.5776,75.0,Skincare,Moisturizers,50,9,8,35,5.3,2,0,1,1,0,1,0,0,1,2,1,0,0,0,0,0,0
P463105,Benefiance Wrinkle Smoothing Retinol Serum,Shiseido,4.5806,75.0,Skincare,Treatments,54,11,9,42,4.3,1,0,0,1,0,2,0,0,0,0,1,0,0,0,0,0,1
P481164,Essential Energy Hydrating Day Cream Broad Spectrum SPF 20,Shiseido,4.5518,50.0,Skincare,Moisturizers,55,3,3,12,4.1,0,0,0,1,0,1,0,0,1,0,1,0,0,0,0,0,1
P481161,Ultimune Power Infusing Anti-Aging Serum,Shiseido,4.5483,75.0,Skincare,Treatments,43,5,5,20,3.9,1,0,0,0,0,0,0,0,0,1,0,0,0,0,0,0,0
P398736,Full Lash and Brow Serum,Shiseido,3.9681,36.0,Makeup,Eye,19,3,1,10,3.4,1,0,0,0,0,1,0,0,0,1,0,0,0,0,0,0,0
P449107,Synchro Skin Self-Refreshing Concealer,Shiseido,4.4394,31.0,Makeup,Face,39,7,5,26,4.3,1,0,1,0,0,0,0,0,1,2,0,0,0,0,0,0,0
P456399,Ultimate Sun Protector Cream SPF 50+ Face Sunscreen,Shiseido,4.276,40.0,Skincare,Sunscreen,39,4,3,15,3.1,0,0,0,0,0,0,0,0,0,0,0,0,0,0,0,0,0
P435415,MicroLiner Ink Eyeliner,Shiseido,4.1553,22.0,Makeup,Eye,18,1,1,4,4.2,0,0,0,0,0,0,0,0,0,0,0,0,0,0,0,0,0
P468401,Synchro Skin Radiant Lifting Foundation SPF 30,Shiseido,4.4676,47.0,Makeup,Face,39,3,2,11,3.4,0,0,0,0,0,0,0,0,0,0,0,0,0,0,0,0,0
P504986,Urban Environment Vita-Clear Sunscreen SPF 42,Shiseido,4.6126,38.0,Skincare,Sunscreen,45,5,4,19,4.5,2,0,0,0,0,1,0,0,1,2,0,0,0,0,0,0,1
P435416,VisionAiry Gel Lipstick,Shiseido,4.5687,26.0,Makeup,Lip,35,0,0,0,5.5,0,0,0,0,0,0,0,0,0,0,0,0,0,0,0,0,0
P173619,Benefiance WrinkleResist24 Pure Retinol Express Smoothing Eye Mask,Shiseido,4.422,70.0,Skincare,Eye Care,30,4,2,14,4.5,3,1,2,0,1,2,0,1,4,5,0,0,0,1,0,1,2
P482741,Urban Environment Oil-Free Mineral Sunscreen Broad-Spectrum SPF 42,Shiseido,4.3072,38.0,Skincare,Sunscreen,49,4,3,15,4.6,2,0,1,0,0,0,0,0,1,3,0,0,0,0,0,0,0
P481162,Essential Energy Hydrating Cream,Shiseido,4.5465,50.0,Skincare,Moisturizers,52,8,7,31,4.1,0,0,0,1,0,1,0,0,1,0,1,0,0,0,0,0,1
P435412,"Kajal Ink Artist Shadow, Liner, Brow",Shiseido,4.3136,25.0,Makeup,Eye,25,0,0,0,6.0,1,0,0,0,0,1,0,1,1,1,0,0,0,0,0,0,1
P205614,White Lucent Anti-Dark Circles Eye Cream,Shiseido,3.5878,65.0,Skincare,Eye Care,44,11,8,41,3.5,1,0,1,0,0,1,0,0,2,2,0,0,0,0,0,0,1
P480353,Synchro Skin Self-Refreshing Tint SPF 20,Shiseido,4.4185,43.0,Makeup,Face,42,8,5,29,4.5,2,0,0,0,0,0,0,1,1,2,0,0,0,0,0,0,0
P173652,Bio-Performance Advanced Super Revitalizing Cream,Shiseido,4.5335,85.0,Skincare,Moisturizers,38,11,8,41,4.4,1,0,1,0,0,0,0,0,1,2,0,0,0,0,0,0,0
P443795,Color Gel Lip Balm,Shiseido,4.2353,26.0,Makeup,Lip,30,1,1,4,4.3,0,0,0,0,0,0,0,0,0,0,0,0,0,0,0,0,0
P468402,Synchro Skin Soft Blurring Primer,Shiseido,4.3375,36.0,Makeup,Face,34,4,3,15,3.4,0,0,0,0,0,1,0,0,0,0,0,0,0,0,0,0,0
P405944,Ultra Sun Protection Lotion Broad Spectrum SPF 50+ WetForce for Sensitive Skin & Children,Shiseido,3.1858,42.0,Skincare,Sunscreen,32,3,2,11,1.8,0,0,0,0,0,0,0,0,0,0,0,0,0,0,0,0,0
P448201,Benefiance Wrinkle Smoothing Day Cream SPF 23,Shiseido,4.5121,75.0,Skincare,Moisturizers,49,6,5,23,5.2,2,0,1,1,0,1,0,0,1,2,1,0,0,0,0,0,0
P454978,Synchro Skin Self-Refreshing Custom Finish Powder Foundation,Shiseido,4.3839,45.0,Makeup,Face,44,4,4,16,3.3,0,0,0,0,0,0,0,0,0,0,0,0,0,0,0,0,0
P448200,Benefiance Wrinkle Smoothing Cream,Shiseido,4.6037,75.0,Skincare,Moisturizers,52,9,8,35,4.3,1,0,0,1,0,1,0,0,0,0,1,0,0,0,0,0,0
P388545,Perfect Cleansing Oil,Shiseido,4.4514,35.0,Skincare,Cleansers,12,0,0,0,5.3,0,0,0,0,0,0,0,0,0,0,0,0,0,0,0,0,0
P433618,Clarifying Cleansing Foam,Shiseido,4.2455,36.0,Skincare,Cleansers,31,6,6,24,3.1,0,0,0,0,0,0,0,0,0,0,0,0,0,0,0,0,0
P173622,Benefiance Pure Retinol Intensive Revitalizing Face Mask,Shiseido,4.45,70.0,Skincare,Masks,40,11,8,41,4.5,4,1,2,0,1,3,0,1,4,5,0,0,0,1,0,1,2
P482740,Mini Urban Environment Oil-Free Sunscreen Broad-Spectrum SPF 42,Shiseido,4.4348,35.0,Skincare,Sunscreen,48,3,3,12,4.1,2,0,0,0,0,0,0,0,0,2,0,0,0,0,0,0,0
P433617,Deep Cleansing Foam,Shiseido,4.1957,36.0,Skincare,Cleansers,36,7,7,28,3.0,0,0,0,0,0,0,0,0,0,0,0,0,0,0,0,0,0
P423165,Future Solution LX Eye and Lip Contour Regenerating Cream,Shiseido,4.0833,155.0,Skincare,Eye Care,61,16,12,60,4.5,2,0,1,0,0,1,0,0,2,3,0,0,0,0,0,0,1
P202935,Benefiance NutriPerfect Night Cream,Shiseido,4.4722,97.0,Skincare,Moisturizers,43,12,10,46,4.2,0,0,1,1,0,0,0,0,1,1,0,0,0,0,0,0,0
P428423,Refreshing Cleansing Sheets,Shiseido,4.1765,20.0,Skincare,Cleansers,22,4,4,16,4.0,1,0,1,0,0,0,0,0,1,2,0,0,0,0,0,0,0
P443375,White Lucent Brightening Gel Cream,Shiseido,3.4848,75.0,Skincare,Moisturizers,58,10,9,39,4.0,2,0,1,1,0,1,0,0,2,3,1,0,0,0,0,0,1
P428422,Oil Control Blotting Paper,Shiseido,3.9697,20.0,Skincare,Cleansers,15,5,4,19,2.8,0,0,0,0,0,0,0,0,0,0,0,0,0,0,0,0,0
P433621,Treatment Softener Enriched,Shiseido,4.3077,50.0,Skincare,Moisturizers,36,7,7,28,4.6,2,0,1,0,0,0,0,0,1,3,0,0,0,0,0,0,0
P423164,Future Solution LX Extra Rich Cleansing Foam,Shiseido,4.3043,65.0,Skincare,Cleansers,26,8,6,30,3.2,0,0,0,0,0,0,0,0,0,0,0,0,0,0,0,0,0
P455421,Complete Cleansing Microfoam,Shiseido,4.087,36.0,Skincare,Cleansers,25,3,3,12,3.9,1,0,1,0,0,0,0,0,1,2,0,0,0,0,0,0,0
P443376,White Lucent Overnight Cream & Mask,Shiseido,3.2727,110.0,Skincare,Moisturizers,50,7,6,27,3.7,2,0,1,1,0,1,0,0,2,3,1,0,0,0,0,0,1
P433619,Extra Rich Cleansing Milk,Shiseido,4.2381,36.0,Skincare,Cleansers,26,5,5,20,3.7,0,0,1,0,0,0,0,0,1,1,0,0,0,0,0,0,0
P457854,Vital Perfection Uplifting and Firming Cream Day Cream,Shiseido,4.5263,140.0,Skincare,Moisturizers,55,5,4,19,3.4,0,0,0,1,0,0,2,0,0,0,1,0,0,2,0,2,0
P423163,Future Solution LX Concentrated Balancing Softener,Shiseido,4.9375,110.0,Skincare,Moisturizers,46,11,9,42,4.1,0,0,0,0,0,1,0,0,1,0,0,0,0,0,0,0,1
P443377,White Lucent Day Emulsion Broad Spectrum SPF 23,Shiseido,3.5,75.0,Skincare,Sunscreen,52,3,3,12,2.8,0,0,0,1,0,1,0,0,1,0,1,0,0,0,0,0,1
P423169,Future Solution LX Total Regenerating Cream,Shiseido,3.75,290.0,Skincare,Moisturizers,49,13,10,49,3.7,1,0,1,0,0,1,0,0,2,2,0,0,0,0,0,0,1
P433620,Treatment Softener,Shiseido,3.25,50.0,Skincare,Moisturizers,31,7,7,28,2.3,1,0,0,0,0,0,0,0,0,1,0,0,0,0,0,0,0
P484076,Ultimate Sun Protector SPF 50+ Sunscreen Duo,Shiseido,4.4,66.0,Skincare,Value & Gift Sets,45,4,3,15,3.3,0,0,0,0,0,0,0,0,0,0,0,0,0,0,0,0,0
P463951,Mini Benefiance Wrinkle Smoothing Cream Enriched,Shiseido,3.7143,30.0,Skincare,Mini Size,50,9,8,35,4.3,2,0,1,1,0,1,0,0,1,2,1,0,0,0,0,0,0
P463106,Vital Perfection Uplifting and Firming Eye Cream,Shiseido,4.0,85.0,Skincare,Eye Care,61,11,9,42,4.8,2,0,1,1,0,0,0,1,2,3,1,0,0,0,0,0,0
P423166,Future Solution LX Intensive Firming Contour Serum,Shiseido,4.4,310.0,Skincare,Treatments,54,11,10,43,4.5,1,0,1,0,0,1,0,0,2,2,0,0,0,0,0,0,1
P455229,White Lucent Illuminating Micro-Spot Serum,Shiseido,3.0,185.0,Skincare,Treatments,53,9,9,36,3.2,1,0,1,1,0,1,0,0,2,2,1,0,0,0,0,0,1
P423167,Future Solution LX Total Protective Cream Broad Spectrum SPF 20 Sunscreen,Shiseido,5.0,270.0,Skincare,Sunscreen,38,4,3,15,5.2,1,0,1,0,0,1,0,0,2,2,0,0,0,0,0,0,1
P423168,Future Solution LX Total Protective Emulsion Broad Spectrum SPF 20 Sunscreen,Shiseido,4.0,270.0,Skincare,Sunscreen,44,3,3,12,3.0,0,0,0,0,0,1,0,0,1,0,0,0,0,0,0,0,1
P468406,Vital Perfection Intensive WrinkleSpot Treatment,Shiseido,4.2713,100.0,Skincare,Treatments,60,10,7,37,3.6,0,1,2,1,1,1,0,0,2,2,1,0,0,1,0,1,1
P504302,Wrinkle Correcting Skincare Set,Shiseido,4.2713,64.0,Skincare,Value & Gift Sets,110,14,11,53,4.2,5,0,1,2,0,3,0,1,2,5,1,0,0,0,0,0,0
P504291,Daily Hydrating Sun Protection Set,Shiseido,4.2713,52.0,Skincare,Value & Gift Sets,95,9,9,36,3.0,2,0,0,0,0,0,0,0,0,2,0,0,0,0,0,0,0
P505280,Wrinkle Smoothing Starter Set,Shiseido,4.2713,39.0,Skincare,Value & Gift Sets,119,14,11,53,4.2,5,0,1,2,0,3,0,1,2,5,1,0,0,0,0,0,0
P505265,Eudermine Activating Essence,Shiseido,4.2713,90.0,Skincare,Moisturizers,39,10,9,39,3.8,1,0,2,1,0,1,0,0,2,2,0,0,0,0,0,0,1
P504324,Ultimune Eye Power Infusing Eye Concentrate,Shiseido,4.2713,70.0,Skincare,Eye Care,47,6,6,24,2.6,1,0,0,0,0,0,0,1,0,0,0,0,0,0,0,0,0
P468407,Vital Perfection Uplifting and Firming Day Cream SPF 30,Shiseido,4.2713,140.0,Skincare,Moisturizers,55,5,4,19,2.2,0,0,0,1,0,0,2,0,0,0,1,0,0,2,0,2,0
P503349,Velvet Blur Matte Lipstick Balm,SIMIHAZE BEAUTY,4.5221,36.0,Makeup,Lip,24,1,1,4,4.6,0,0,0,0,0,0,0,0,0,0,0,0,0,0,0,0,0
P503333,Sun Flush All-Over Face Tint Liquid Blush,SIMIHAZE BEAUTY,4.7273,35.0,Makeup,Cheek,36,6,5,23,5.7,3,0,1,2,0,1,0,1,2,4,0,0,0,0,0,0,0
P503350,Mini Super Slick Tinted Lip Balm,SIMIHAZE BEAUTY,1.6667,24.0,Makeup,Lip,22,6,6,24,1.0,0,0,1,0,0,0,0,0,1,1,0,0,0,0,0,0,0
P503342,Solar Tint Cream Blush Duo,SIMIHAZE BEAUTY,3.375,42.0,Makeup,Cheek,37,8,7,31,2.8,1,0,0,0,0,0,0,1,1,1,0,0,0,0,0,0,0
P503304,Lunar Lip Gel Lip Gloss,SIMIHAZE BEAUTY,2.1429,30.0,Makeup,Lip,20,4,4,16,1.0,0,0,0,0,0,0,0,0,0,0,0,0,0,0,0,0,0
P503300,Easy Lash Clean Lift Tubing Mascara,SIMIHAZE BEAUTY,3.1667,30.0,Makeup,Eye,25,3,3,12,2.4,0,0,1,0,0,0,0,0,1,1,0,0,0,0,0,0,0
P503310,Eye Play Gem Sticker Pack,SIMIHAZE BEAUTY,3.6667,38.0,Makeup,Accessories,1,1,1,4,3.6,0,0,0,0,0,0,0,0,0,0,0,0,0,0,0,0,0
P375849,Facial Treatment Essence (Pitera Essence),SK-II,4.081,245.0,Skincare,Moisturizers,7,1,0,3,4.3,0,0,0,0,1,1,0,0,1,0,0,1,0,1,0,0,1
P426183,Mini Facial Treatment Essence (Pitera Essence),SK-II,4.0807,99.0,Skincare,Moisturizers,7,1,0,3,4.3,0,0,0,0,1,1,0,0,1,0,0,1,0,1,0,0,1
P375853,Facial Treatment Clear Lotion Toner,SK-II,4.0959,80.0,Skincare,Cleansers,16,3,2,11,3.9,2,3,4,1,3,2,0,0,4,4,0,1,0,3,0,1,3
P375850,Facial Treatment Cleanser,SK-II,4.1306,75.0,Skincare,Cleansers,20,3,2,11,3.0,0,0,0,0,0,1,0,0,0,0,0,0,0,0,0,0,1
P468409,SKINPOWER Airy Milky Lotion,SK-II,4.2647,170.0,Skincare,Moisturizers,47,8,7,31,3.3,0,0,0,0,0,1,0,0,0,0,0,0,0,0,0,0,0
P468408,SKINPOWER Eye Cream,SK-II,4.3226,145.0,Skincare,Eye Care,50,8,6,30,3.8,1,0,0,0,0,1,0,0,0,1,0,0,0,0,0,0,0
P468411,SKINPOWER Cream,SK-II,4.1878,255.0,Skincare,Moisturizers,45,7,6,27,3.2,0,0,0,0,0,1,0,0,0,0,0,0,0,0,0,0,0
P375852,Pitera Facial Treatment Mask,SK-II,4.2972,145.0,Skincare,Masks,7,0,0,0,5.2,0,0,0,0,0,0,0,0,0,0,0,0,0,0,0,0,0
P410756,GenOptics Aura Essence Serum,SK-II,4.0758,245.0,Skincare,Moisturizers,41,8,7,31,3.3,0,0,0,0,1,1,0,0,1,0,0,0,0,0,0,0,1
P410755,GenOptics Spot Essence Serum,SK-II,4.1346,225.0,Skincare,Moisturizers,37,5,3,18,3.4,0,0,0,0,1,1,0,0,1,0,0,0,0,0,0,0,1
P447773,PITERA First Experience Kit,SK-II,3.9146,99.0,Skincare,Value & Gift Sets,21,4,2,14,3.7,2,3,4,1,4,3,0,0,5,4,0,2,0,4,0,1,4
P375864,Brightening Derm Revival Mask,SK-II,4.4194,170.0,Skincare,Masks,15,3,2,11,3.7,0,0,0,0,1,1,0,0,1,0,0,0,0,0,0,0,1
P375854,Ultimate Revival Cream,SK-II,4.4667,400.0,Skincare,Moisturizers,42,5,3,18,5.0,1,2,3,2,1,2,0,0,1,1,0,0,0,1,0,0,1
P468412,Pitera Power Kit,SK-II,4.0588,110.0,Skincare,Value & Gift Sets,62,10,9,39,3.1,0,0,0,0,1,2,0,0,1,0,0,1,0,1,0,0,1
P428103,Ultimate Revival Essence,SK-II,4.5455,315.0,Skincare,Moisturizers,14,2,1,7,4.9,1,0,1,1,1,1,0,0,1,1,0,1,0,1,0,0,1
P468410,SKINPOWER Essence Serum,SK-II,4.0,205.0,Skincare,Moisturizers,36,5,4,19,3.0,0,0,0,0,0,1,0,0,0,0,0,0,0,0,0,0,0
P416312,Gentle Foaming Face Wash,Skin Laundry,4.2526,20.0,Skincare,Cleansers,18,0,0,0,5.7,0,0,1,0,0,0,0,0,1,1,0,0,0,0,0,0,0
P416589,Wrinkle Release Facial Sheet Mask,Skin Laundry,4.5,12.0,Skincare,Masks,24,1,1,4,5.6,1,0,1,1,0,1,0,1,0,0,0,0,0,0,0,0,0
P416588,Wrinkle Release Neck & Chest Sheet Mask,Skin Laundry,3.25,15.0,Skincare,Masks,24,1,1,4,4.1,1,0,1,1,0,1,0,1,0,0,0,0,0,0,0,0,0
P442840,Barrier+ Triple Lipid-Peptide Face Cream,Skinfix,4.2924,54.0,Skincare,Moisturizers,46,3,1,10,5.2,4,1,2,0,1,1,0,3,4,5,0,0,0,0,0,0,0
P479860,Mini Barrier+ Triple Lipid-Peptide Face Cream,Skinfix,4.2924,20.0,Skincare,Moisturizers,46,3,1,10,5.2,4,1,2,0,1,1,0,3,4,5,0,0,0,0,0,0,0
P442844,Resurface+ Glycolic and Lactic Acid Renewing Body Scrub,Skinfix,4.5769,32.0,Bath & Body,Bath & Shower,39,5,2,17,4.7,2,2,3,2,2,3,0,2,4,4,0,0,0,2,0,0,2
P442845,Resurface+ AHA Renewing Body Cream,Skinfix,4.5741,48.0,Bath & Body,Body Moisturizers,37,3,1,10,5.5,1,0,1,2,0,1,0,2,2,2,0,0,0,0,0,0,0
P442836,Barrier+ Foaming Oil Hydrating Cleanser,Skinfix,4.5791,30.0,Skincare,Cleansers,29,2,0,6,6.3,2,1,2,0,1,1,0,1,3,3,0,0,0,0,0,0,0
P442838,Barrier+ Triple Lipid-Boost 360° Brightening Eye Cream,Skinfix,4.3169,44.0,Skincare,Eye Care,35,2,1,7,5.8,2,1,3,1,1,1,0,1,3,3,0,0,0,0,0,0,0
P481739,Barrier+ Skin Barrier Niacinamide Restoring Gel Cream,Skinfix,4.5273,48.0,Skincare,Moisturizers,25,4,3,15,5.4,2,1,2,2,0,3,0,2,2,3,0,0,0,0,0,0,0
P442839,Barrier+ Triple Lipid-Peptide Lotion Moisturizer,Skinfix,4.6503,42.0,Skincare,Moisturizers,39,4,2,14,5.6,3,1,2,0,1,1,0,2,4,4,0,0,0,0,0,0,0
P471101,Resurface+ AHA/BHA Niacinamide Exfoliating Pads for Face and Targeted Body,Skinfix,4.3713,50.0,Skincare,Treatments,23,4,3,15,4.2,1,3,4,1,3,2,0,0,4,3,0,1,0,3,0,1,3
P442842,Eczema+ Hand Repair Cream,Skinfix,4.4588,20.0,Bath & Body,Body Moisturizers,27,0,0,0,6.6,0,0,1,1,0,1,0,1,1,1,0,0,0,0,0,0,0
P442843,Eczema+ Dermatitis Face Balm,Skinfix,4.2109,29.0,Skincare,Moisturizers,9,1,0,3,5.1,0,0,0,1,0,1,0,1,0,0,0,0,0,0,0,0,0
P503668,Barrier+ Triple Lipid + Collagen + Niacinamide Activating Serum,Skinfix,4.8242,69.0,Skincare,Treatments,55,6,1,19,5.4,7,1,2,2,2,5,0,5,5,7,0,0,0,1,0,0,1
P476415,Acne+ 2% BHA + Azelaic Acid + Niacinamide + AHA Cleanser,Skinfix,4.5648,35.0,Skincare,Cleansers,25,4,4,16,4.5,0,3,4,2,3,1,0,0,4,3,0,1,0,2,0,1,2
P479348,Acne+ 2% BHA and Azelaic Acid Acne Spot Treatment,Skinfix,4.6306,30.0,Skincare,Treatments,28,2,2,8,6.0,0,2,3,2,1,1,0,0,2,2,0,0,0,0,0,0,0
P442837,Barrier+ Triple Lipid-Hyaluronate Serum,Skinfix,4.6381,50.0,Skincare,Treatments,38,3,1,10,5.6,2,1,2,0,1,1,0,1,3,3,0,0,0,0,0,0,0
P505049,barrier+ Triple Lipid + Collagen Brightening Eye Treatment,Skinfix,4.7984,54.0,Skincare,Eye Care,64,7,1,22,5.4,11,1,2,4,3,8,0,6,6,9,1,0,0,1,0,0,1
P442847,Eczema+ Foaming Oil Body Wash,Skinfix,4.1301,27.0,Bath & Body,Bath & Shower,26,0,0,0,6.4,1,0,1,0,0,1,0,1,2,2,0,0,0,0,0,0,1
P450599,Barrier+ Lipid-Boost Body Cream,Skinfix,4.6382,48.0,Bath & Body,Body Moisturizers,34,0,0,0,7.6,2,0,1,1,0,1,0,3,2,3,0,0,0,0,0,0,0
P442850,Redness Recovery+ Antioxidant Redness Treatment Overnight Mask,Skinfix,4.1577,52.0,Skincare,Masks,42,1,1,4,6.2,2,0,1,0,0,0,0,2,2,3,0,0,0,0,0,0,0
P442846,Eczema+ Extra Strength Body Cream,Skinfix,4.5982,39.0,Bath & Body,Body Moisturizers,27,0,0,0,6.7,0,0,1,1,0,1,0,1,1,1,0,0,0,0,0,0,0
P446916,Eczema+ Care Kit,Skinfix,4.2,35.0,Skincare,Value & Gift Sets,43,1,0,3,6.2,1,0,1,1,0,2,0,2,2,2,0,0,0,0,0,0,1
P502169,Barrier+ Besties Hydrating and Nourishing Kit,Skinfix,4.7162,40.0,Skincare,Value & Gift Sets,79,7,5,26,5.7,4,1,3,1,1,1,0,3,4,5,0,0,0,0,0,0,0
P448562,Barrier+ Foaming Clay Cleanser,Skinfix,4.4493,32.0,Skincare,Cleansers,25,3,3,12,3.3,0,0,0,0,0,0,0,0,0,0,0,0,0,0,0,0,0
P442848,Eczema+ Targeted Body Balm,Skinfix,4.3786,27.0,Bath & Body,Body Moisturizers,10,1,0,3,5.3,0,0,0,1,0,1,0,1,0,0,0,0,0,0,0,0,0
P442841,Barrier+ Lip Repair Balm,Skinfix,3.0462,15.0,Skincare,Lip Balms & Treatments,6,1,0,3,3.7,0,0,0,1,0,1,0,1,0,0,0,0,0,0,0,0,0
P442851,Remedy+ 911 Ointment,Skinfix,3.7,28.0,Bath & Body,Body Moisturizers,12,1,0,3,4.8,1,0,0,1,0,0,0,1,1,1,0,0,0,0,0,0,0
P502192,Acne Away Kit + Salicylic Acid + Azelaic Acid + Niacinamide,Skinfix,4.0,35.0,Skincare,Value & Gift Sets,38,6,6,24,3.8,0,4,5,3,3,2,0,0,4,3,0,1,0,2,0,1,2
P402944,Silk Pillowcase - Standard/Queen,Slip,4.0094,89.0,Skincare,Wellness,1,0,0,0,4.8,0,0,0,0,0,0,0,0,0,0,0,0,0,0,0,0,0
P402943,Silk Pillowcase - King,Slip,3.8256,110.0,Skincare,Wellness,1,0,0,0,4.6,0,0,0,0,0,0,0,0,0,0,0,0,0,0,0,0,0
P477761,Lovely Lashes Contour Sleep Mask,Slip,4.0,55.0,Skincare,Wellness,2,0,0,0,4.8,0,0,0,0,0,0,0,0,0,0,0,0,0,0,0,0,0
P409317,Always On Longwear Matte Liquid Lipstick,Smashbox,4.2422,27.0,Makeup,Lip,36,3,0,9,3.3,0,0,0,0,0,0,0,0,0,0,0,0,0,0,0,0,0
P9889,Photo Finish Smooth & Blur Oil-Free Foundation Primer,Smashbox,4.319,42.0,Makeup,Face,15,1,0,3,4.2,0,0,0,0,0,1,1,0,0,0,0,0,0,1,0,2,1
P19267373,Cover Shot Eye Shadow Palette,Smashbox,4.3566,32.0,Makeup,Eye,37,1,1,4,4.4,0,0,0,0,0,0,0,0,0,0,0,0,0,0,0,0,0
P387426,Step-By-Step Contour Kit,Smashbox,4.026,40.0,Makeup,Face,10,1,1,4,4.0,0,0,0,0,0,0,0,0,0,0,0,0,0,0,0,0,0
P292403,Studio Skin 24 Hour Oil-Free Hydra Foundation,Smashbox,4.19,43.0,Makeup,Face,37,2,1,7,3.8,0,0,0,1,1,1,0,0,1,0,0,1,0,1,0,0,1
P429909,Cali Contour Face Palette,Smashbox,4.6478,43.0,Makeup,Makeup Palettes,50,1,1,4,4.8,0,0,0,0,0,1,0,0,0,0,0,0,0,0,0,0,1
P477826,Smashbox X Becca Under Eye Brightening Corrector,Smashbox,4.1323,33.0,Makeup,Face,37,3,2,11,4.2,1,0,0,0,1,2,0,1,2,1,0,0,0,0,0,0,2
P447363,Studio Skin 24 Hour Full Coverage Waterproof Foundation,Smashbox,3.5725,38.0,Makeup,Face,29,1,0,3,5.7,3,0,0,1,0,0,0,3,2,3,0,0,0,0,0,0,0
P460019,Halo Healthy Glow Tinted Moisturizer Broad Spectrum SPF 25 with Hyaluronic Acid,Smashbox,4.27,41.0,Makeup,Face,54,4,3,15,5.1,4,0,0,2,0,1,0,2,1,4,0,0,0,0,0,0,0
P380998,Always Sharp Longwear Waterproof Kôhl Eyeliner Pencil,Smashbox,3.4574,27.0,Makeup,Eye,17,0,0,0,4.1,0,0,0,0,0,0,0,0,0,0,0,0,0,0,0,0,0
P427042,Photo Edit Eye Shadow Trio,Smashbox,4.25,23.0,Makeup,Eye,25,0,0,0,5.3,0,0,0,1,0,0,0,0,0,0,0,0,0,0,0,0,0
P375100,Photo Finish Hydrating Under Eye Primer,Smashbox,3.9417,29.0,Makeup,Eye,50,2,2,8,5.1,4,0,0,1,0,3,0,2,3,4,1,0,0,0,0,0,0
P454512,Always On Cream to Matte Lipstick,Smashbox,4.4956,27.0,Makeup,Lip,34,0,0,0,5.4,0,0,0,0,0,0,0,0,0,0,0,0,0,0,0,0,0
P440044,Studio Skin Flawless Oil-Free 24 Hour Concealer,Smashbox,4.3951,29.0,Makeup,Face,37,2,1,7,5.1,1,0,0,1,0,0,0,1,1,1,1,0,0,0,0,0,0
P467974,Always On Cream Shadow,Smashbox,4.3755,28.0,Makeup,Eye,34,0,0,0,5.3,0,0,0,0,0,0,0,0,0,0,0,0,0,0,0,0,0
P439936,Gloss Angeles Lip Gloss,Smashbox,4.5058,25.0,Makeup,Lip,33,1,1,4,4.6,0,0,0,0,0,0,0,0,0,0,0,0,0,0,0,0,0
P477825,Smashbox X BECCA Shimmering Skin Perfector Pressed Highlighter,Smashbox,4.7143,40.0,Makeup,Face,37,2,1,7,4.3,0,0,0,0,0,0,0,0,0,0,0,0,0,0,0,0,0
P284701,Full Exposure Lash Volumizing Mascara,Smashbox,3.9737,28.0,Makeup,Eye,45,2,1,7,4.0,1,0,0,0,0,0,0,1,0,1,0,0,0,0,0,0,0
P429021,Super Fan Lash Lengthening Mascara,Smashbox,4.2082,28.0,Makeup,Eye,43,2,2,8,3.4,0,0,0,0,0,1,0,0,0,0,0,0,0,0,0,0,1
P260311,Waterproof Brow Tech To Go Pencil & Gel Brush,Smashbox,4.273,28.0,Makeup,Eye,15,0,0,0,5.1,0,0,0,0,0,1,0,0,0,0,0,0,0,0,0,0,1
P479985,Photo Finish Primerizer+ Hydrating Face Primer with Hyaluronic Acid,Smashbox,4.5432,42.0,Makeup,Face,35,1,1,4,6.3,2,0,1,2,0,1,0,0,0,1,1,0,0,0,0,0,0
P454358,Jumbo Photo Finish Smooth & Blur Oil-Free Foundation Primer,Smashbox,4.8,60.0,Makeup,Face,15,1,0,3,4.8,0,0,0,0,0,1,1,0,0,0,0,0,0,1,0,2,1
P453267,Mindful 5 Nourishing Lip Oil,Smashbox,4.3695,18.0,Makeup,Lip,28,1,0,3,4.6,0,0,0,0,0,0,0,0,0,0,0,0,0,0,0,0,0
P417882,Always On Waterproof Gel Eye Liner,Smashbox,3.9912,23.0,Makeup,Eye,27,0,0,0,4.8,0,0,0,0,0,0,0,0,0,0,0,0,0,0,0,0,0
P456374,Halo Fresh Setting & Perfecting Powder,Smashbox,4.2727,43.0,Makeup,Face,31,1,1,4,5.5,1,0,0,1,0,2,0,1,0,1,0,0,0,0,0,0,0
P439937,Gloss Angeles Extra Shine Clear Lip Gloss,Smashbox,4.303,25.0,Makeup,Lip,8,0,0,0,6.0,0,1,1,0,1,1,0,0,1,1,0,0,0,1,0,0,1
P479982,Photo Finish Control Mattifying Face Primer with Salicylic Acid,Smashbox,4.3884,42.0,Makeup,Face,49,4,4,16,4.5,2,2,3,4,1,2,0,0,1,1,1,1,0,1,0,1,1
P429910,Always On Liquid Eyeliner,Smashbox,3.1277,23.0,Makeup,Eye,13,3,2,11,1.8,0,0,0,0,0,0,0,0,0,0,0,0,0,0,0,0,0
P479983,Photo Finish Correct Anti-Redness Face Primer,Smashbox,3.9269,42.0,Makeup,Face,51,2,2,8,4.7,2,0,1,2,0,1,0,0,0,1,1,0,0,0,0,0,0
P398372,Brow Tech Matte Pencil & Brush,Smashbox,3.8165,21.0,Makeup,Eye,27,0,0,0,4.6,0,0,0,0,0,1,0,0,0,0,0,0,0,0,0,0,1
P501284,Halo Sheer To Stay Cream Cheek + Lip Tint,Smashbox,4.1971,28.0,Makeup,Cheek,35,0,0,0,5.0,0,0,0,0,0,0,0,0,0,0,0,0,0,0,0,0,0
P479984,Photo Finish Illuminate Glow Face Primer,Smashbox,4.4146,42.0,Makeup,Face,56,7,5,26,5.1,4,0,2,2,1,2,0,1,3,4,1,0,0,0,0,0,1
P482744,Mini Photo Finish Revitalize 8-in-1 Primer Essence,Smashbox,4.3406,17.0,Makeup,Face,27,3,3,12,4.8,2,0,1,2,0,1,0,0,0,1,1,0,0,0,0,0,0
P502061,Photo Finish Endurance Breathable Setting Spray,Smashbox,4.399,32.0,Makeup,Face,22,1,1,4,6.5,2,0,2,2,0,1,0,0,1,2,1,0,0,0,0,0,0
P482743,Photo Finish Revitalize 8-in-1 Primer Essence,Smashbox,4.3406,31.0,Makeup,Face,27,3,3,12,4.8,2,0,1,2,0,1,0,0,0,1,1,0,0,0,0,0,0
P503218,Skin Obsessed Color-Correcting Primer Set,Smashbox,4.2713,42.0,Makeup,Face,65,5,5,20,3.8,2,0,1,2,0,1,0,0,0,1,1,0,0,0,0,0,0
P504170,On-Set Essentials: Primer + Setting Spray Trio Set,Smashbox,4.2713,34.0,Makeup,Face,64,3,1,10,3.4,4,0,2,3,0,2,1,2,3,4,1,0,0,1,0,2,1
P447213,4.5% Retinol Serum,SOBEL SKIN Rx,4.4459,105.0,Skincare,Treatments,30,3,1,10,4.7,2,1,1,2,1,2,0,3,3,3,0,0,0,1,0,1,1
P451748,15% Niacinamide Gel Serum,SOBEL SKIN Rx,4.1591,75.0,Skincare,Treatments,11,0,0,0,6.6,1,0,0,2,0,1,0,2,1,1,0,0,0,0,0,0,0
P451745,30% Glycolic Acid Peel Concentrate,SOBEL SKIN Rx,4.125,46.0,Skincare,Treatments,14,2,2,8,4.2,0,1,1,0,1,1,0,0,1,1,0,0,0,1,0,0,1
P451750,Oligo Peptide Eye Cream,SOBEL SKIN Rx,4.5,65.0,Skincare,Eye Care,38,3,1,10,5.4,1,0,1,0,0,4,0,1,2,2,0,0,0,0,0,0,0
P477706,35% Vitamin C Fusion Serum,SOBEL SKIN Rx,5.0,105.0,Skincare,Treatments,27,1,1,4,6.2,1,1,2,1,4,6,0,1,6,1,0,1,0,1,0,0,5
P504698,Bio Hyaluronic Moisturizer Cream,SOBEL SKIN Rx,4.2713,95.0,Skincare,Moisturizers,35,1,0,3,3.8,0,0,0,0,0,1,0,0,0,0,0,0,0,0,0,0,0
P406080,Brazilian Bum Bum Body Cream,Sol de Janeiro,4.298,48.0,Bath & Body,Body Moisturizers,40,11,9,42,4.0,1,0,0,0,0,0,0,1,1,1,0,0,0,0,0,0,0
P444048,Bum Bum Jet Set,Sol de Janeiro,4.5094,30.0,Bath & Body,Value & Gift Sets,50,10,7,37,4.2,1,0,0,0,1,1,0,1,2,1,0,1,0,1,0,0,1
P442821,Glowmotions Glow Body Oil,Sol de Janeiro,4.081,35.0,Bath & Body,Body Moisturizers,28,5,4,19,2.9,0,0,0,0,0,0,0,0,0,0,0,0,0,0,0,0,0
P411862,Brazilian 4 Play Moisturizing Shower Cream-Gel,Sol de Janeiro,4.2868,26.0,Bath & Body,Bath & Shower,28,9,9,36,3.7,0,0,1,0,0,0,0,0,1,1,0,0,0,0,0,0,0
P482316,Beija Flor Elasti-Cream with Collagen and Squalane,Sol de Janeiro,4.1135,48.0,Bath & Body,Body Moisturizers,39,7,5,26,4.3,1,0,1,0,0,0,0,1,2,2,0,0,0,0,0,0,0
P470125,Bom Dia Bright Body Cream with Vitamin C,Sol de Janeiro,4.4284,48.0,Bath & Body,Body Moisturizers,35,4,4,16,4.3,0,0,1,0,2,2,0,0,3,1,0,1,0,1,0,0,2
P503931,Bum Bum Firmeza Firming & Debloating Body Oil,Sol de Janeiro,4.3943,52.0,Bath & Body,Body Moisturizers,27,10,9,39,4.5,2,0,0,0,0,1,0,1,1,1,0,0,0,0,0,0,0
P459306,Bum Bum Body Scrub,Sol de Janeiro,4.1114,42.0,Bath & Body,Bath & Shower,28,5,5,20,2.9,0,0,0,0,0,0,0,0,0,0,0,0,0,0,0,0,0
P415747,Brazilian Kiss Cupuaçu Lip Butter,Sol de Janeiro,4.1304,18.0,Skincare,Lip Balms & Treatments,13,1,0,3,5.2,1,0,0,0,0,0,0,1,1,1,0,0,0,0,0,0,0
P482317,Mini Beija Flor Elasti-Cream with Collagen and Squalane,Sol de Janeiro,3.9178,22.0,Bath & Body,Body Moisturizers,39,7,5,26,4.1,1,0,1,0,0,0,0,1,2,2,0,0,0,0,0,0,0
P472187,Rio Deo Aluminum-Free Refillable Deodorant Cheirosa '62,Sol de Janeiro,3.7284,16.0,Bath & Body,Body Care,27,9,7,34,2.5,0,0,0,0,0,0,0,0,0,0,0,0,0,0,0,0,0
P448211,Coco Cabana Intense Hydration Body Cream,Sol de Janeiro,3.3654,48.0,Bath & Body,Body Moisturizers,24,3,3,12,4.0,2,0,1,1,0,0,0,1,2,3,0,0,0,0,0,0,0
P470126,Mini Bom Dia Bright Body Cream,Sol de Janeiro,4.2343,22.0,Bath & Body,Mini Size,35,4,4,16,4.1,0,0,1,0,2,2,0,0,3,1,0,1,0,1,0,0,2
P457858,Coco Cabana Jet Set,Sol de Janeiro,3.9063,30.0,Bath & Body,Value & Gift Sets,36,5,5,20,4.7,2,0,1,1,0,0,0,1,2,3,0,0,0,0,0,0,0
P406081,Samba 2-Step Foot Fetish Care,Sol de Janeiro,4.2733,27.0,Bath & Body,Body Moisturizers,17,1,1,4,4.3,0,0,0,0,0,0,0,0,0,0,0,0,0,0,0,0,0
P501775,Bom Dia Bright Clarifying AHA BHA Body Wash,Sol de Janeiro,4.6685,26.0,Bath & Body,Bath & Shower,31,6,5,23,4.6,1,2,2,1,2,1,0,0,2,1,0,1,0,2,0,1,2
P476427,Brazilian Touch Hand Cream,Sol de Janeiro,4.1064,16.0,Bath & Body,Body Moisturizers,34,7,5,26,4.3,1,0,1,0,0,0,0,1,2,2,0,0,0,0,0,0,0
P501809,Bom Dia Body Scrub 10% AHA BHA Resurfacing Complex + Crushed Maracujá Seeds,Sol de Janeiro,4.784,42.0,Bath & Body,Bath & Shower,40,7,4,25,4.7,1,3,5,2,3,2,0,0,4,3,0,1,0,3,0,1,3
P449168,Coco Cabana Body Cream - With New Coconut Scent and Plush Moisture Mini,Sol de Janeiro,3.1165,22.0,Bath & Body,Mini Size,24,3,3,12,3.7,2,0,1,1,0,0,0,1,2,3,0,0,0,0,0,0,0
P447775,Brazilian 4 Play Moisturizing Shower Cream-Gel Mini,Sol de Janeiro,4.1687,10.0,Bath & Body,Mini Size,27,9,8,35,3.0,0,0,0,0,0,0,0,0,0,0,0,0,0,0,0,0,0
P457275,Coco Cabana Moisturizing Body Cream-Cleanser,Sol de Janeiro,4.2128,26.0,Bath & Body,Bath & Shower,16,2,2,8,3.5,0,0,0,0,0,0,0,0,0,0,0,0,0,0,0,0,0
P504143,Rio Deo Aluminum-Free Deodorant Cheirosa '40,Sol de Janeiro,3.4444,16.0,Bath & Body,Body Care,24,5,3,18,2.1,0,0,0,0,0,0,0,0,0,0,0,0,0,0,0,0,0
P457276,Mini Coco Cabana Moisturizing Body Cream-Cleanser,Sol de Janeiro,3.4359,10.0,Bath & Body,Mini Size,16,2,2,8,2.5,0,0,0,0,0,0,0,0,0,0,0,0,0,0,0,0,0
P504508,Set + Protect Makeup Setting Spray SPF 30 with Hyaluronic Acid,Soleil Toujours,4.5,42.0,Makeup,Face,34,3,1,10,4.6,1,0,0,1,1,2,1,1,2,1,0,0,0,1,0,1,2
P504517,Brightening Eye Cream Mineral SPF 15 with Peptides,Soleil Toujours,4.8667,68.0,Skincare,Eye Care,41,2,1,7,6.2,3,0,1,1,1,3,0,2,4,3,0,0,0,0,0,0,1
P504509,Hydra Lip Masque Mineral SPF 15 with Peptides,Soleil Toujours,4.6667,26.0,Skincare,Lip Balms & Treatments,28,1,0,3,6.8,2,0,0,1,1,2,0,2,3,2,0,0,0,0,0,0,1
P504513,Tinted Glow Lotion Mineral SPF 50,Soleil Toujours,4.381,58.0,Bath & Body,Body Moisturizers,32,3,2,11,5.1,3,0,0,2,0,2,0,4,3,3,0,0,0,0,0,0,1
P504515,Daily Defense Moisturizer Mineral SPF 60 with Vitamin C,Soleil Toujours,3.8,58.0,Skincare,Moisturizers,74,16,9,57,4.4,2,0,0,1,1,1,0,2,3,2,0,0,0,0,0,0,1
P504510,Clean Conscious Body Sunscreen Mist with Vitamin C,Soleil Toujours,4.6957,36.0,Bath & Body,Sunscreen,16,0,0,0,6.6,1,0,0,1,1,2,2,1,2,1,0,0,0,2,0,2,2
P504519,Daily Defense Mineral Body Lotion SPF 30,Soleil Toujours,5.0,58.0,Bath & Body,Body Moisturizers,38,7,7,28,4.8,1,0,0,0,0,0,0,1,1,1,0,0,0,0,0,0,0
P481831,Tan Tonic Glow Drops,St. Tropez,4.6686,42.0,Skincare,Self Tanners,28,10,10,40,4.2,0,0,1,0,0,0,0,0,1,1,0,0,0,0,0,0,0
P407450,Self Tan Classic Bronzing Mousse,St. Tropez,4.2602,34.0,Skincare,Self Tanners,30,18,16,70,3.1,0,0,0,0,0,0,0,0,0,0,0,0,0,0,0,0,0
P481830,Self-Tan Luxe Whipped Crème Mousse,St. Tropez,4.6335,48.0,Skincare,Self Tanners,42,14,14,56,3.6,0,0,0,0,0,0,0,0,0,0,0,0,0,0,0,0,0
P407448,Self Tan Express Bronzing Mousse,St. Tropez,4.1109,46.0,Skincare,Self Tanners,23,8,7,31,3.5,0,0,1,0,0,0,0,0,1,1,0,0,0,0,0,0,0
P456206,Self Tan Purity Vitamins Bronzing Water Body Mist,St. Tropez,4.3905,45.0,Skincare,Self Tanners,26,8,6,30,4.7,1,1,2,1,1,1,0,0,1,1,0,0,0,1,0,0,1
P432262,Self Tan Purity Bronzing Water Face Mist,St. Tropez,3.88,33.0,Skincare,Self Tanners,27,15,14,59,2.7,0,0,0,0,0,0,0,0,0,0,0,0,0,0,0,0,0
P481832,Gradual Tan Watermelon Daily Firming Lotion,St. Tropez,4.3238,29.0,Skincare,Self Tanners,37,6,5,23,4.8,2,1,2,0,1,2,0,0,2,2,0,0,0,1,0,0,1
P429683,Self Tan Purity Bronzing Water Mousse,St. Tropez,3.8312,44.0,Skincare,Self Tanners,18,8,7,31,3.6,1,0,1,0,0,0,0,0,1,2,0,0,0,0,0,0,0
P407452,Self Tan Dark Bronzing Mousse,St. Tropez,3.9025,45.0,Bath & Body,Self Tanners,30,16,14,62,3.3,0,0,1,0,0,0,0,0,1,1,0,0,0,0,0,0,0
P442747,Self Tan Purity Water Gel,St. Tropez,3.3103,44.0,Skincare,Self Tanners,28,11,9,42,3.6,2,1,2,0,1,1,0,0,2,3,0,0,0,1,0,0,1
P456204,Purity Tanning Waters Mini Kit,St. Tropez,3.2,25.0,Skincare,Value & Gift Sets,25,11,10,43,3.2,2,0,1,0,0,0,0,0,1,3,0,0,0,0,0,0,0
P456401,Self Tan Express Bronzing Gel,St. Tropez,3.4783,46.0,Skincare,Self Tanners,32,18,17,71,3.8,2,0,1,0,0,1,0,0,1,3,0,0,0,0,0,0,0
P456203,Self Tan Express Starter Kit,St. Tropez,3.5263,20.0,Skincare,Value & Gift Sets,30,15,14,59,2.8,0,0,1,0,0,0,0,0,1,1,0,0,0,0,0,0,0
P482318,Gradual Tan Tinted Daily Firming Lotion,St. Tropez,2.75,29.0,Skincare,Self Tanners,41,9,8,35,1.7,1,0,0,0,0,1,0,0,0,0,0,0,0,0,0,0,0
P409602,Self Tan Classic Bronzing Mist,St. Tropez,3.8095,44.0,Bath & Body,Self Tanners,30,15,12,57,3.2,0,0,1,0,0,0,0,0,1,1,0,0,0,0,0,0,0
P407201,Self Tan Classic Bronzing Lotion,St. Tropez,3.6296,44.0,Bath & Body,Self Tanners,34,17,15,66,2.4,0,0,0,0,0,0,0,0,0,0,0,0,0,0,0,0,0
P504785,Luxe Body Serum,St. Tropez,4.8173,48.0,Bath & Body,Body Moisturizers,28,12,12,48,5.2,2,0,1,0,0,0,0,0,1,3,0,0,0,0,0,0,0
P471796,Self Tan Kit,St. Tropez,4.0,20.0,Bath & Body,Value & Gift Sets,30,18,16,70,2.8,0,0,0,0,0,0,0,0,0,0,0,0,0,0,0,0,0
P483691,Gradual Tan Classic Daily Youth Boosting Cream,St. Tropez,5.0,29.0,Skincare,Self Tanners,44,8,7,31,4.6,0,0,1,0,0,0,0,0,1,1,0,0,0,0,0,0,0
P63087293,Glitter & Glow Liquid Eye Shadow,stila,4.5079,25.0,Makeup,Eye,17,2,1,7,4.8,1,0,0,0,0,0,0,1,1,1,0,0,0,0,0,0,0
P253818,Stay All Day Waterproof Liquid Eye Liner,stila,4.3407,24.0,Makeup,Eye,13,2,2,8,3.6,0,0,0,0,0,0,0,0,0,0,0,0,0,0,0,0,0
P427385,Shimmer & Glow Liquid Eye Shadow,stila,4.6466,25.0,Makeup,Eye,19,2,1,7,5.0,1,0,0,0,0,0,0,1,1,1,0,0,0,0,0,0,0
P261621,Smudge Stick Waterproof Eye Liner,stila,3.9002,22.0,Makeup,Eye,22,2,1,7,3.3,0,0,0,0,0,0,0,0,0,0,0,0,0,0,0,0,0
P269019,One Step Correct,stila,3.9811,36.0,Makeup,Face,51,8,7,31,4.0,1,0,0,1,1,4,0,0,2,1,0,0,0,0,0,1,3
P406281,Correct & Perfect All-In-One Color Correcting Palette,stila,4.16,45.0,Makeup,Face,34,1,1,4,4.0,0,0,0,0,0,2,0,0,0,0,0,0,0,0,0,1,2
P429008,Stay All Day Waterproof Liquid Eye Liner - Micro Tip,stila,4.0805,24.0,Makeup,Eye,16,3,2,11,2.9,0,0,0,0,0,0,0,0,0,0,0,0,0,0,0,0,0
P397901,Huge Extreme Lash Mascara,stila,3.9279,26.0,Makeup,Eye,29,2,2,8,3.1,0,0,0,0,0,0,0,0,0,0,0,0,0,0,0,0,0
P466152,Stay All Day Dual-Ended Waterproof Liquid Eye Liner,stila,3.8276,32.0,Makeup,Eye,13,2,2,8,3.0,0,0,0,0,0,0,0,0,0,0,0,0,0,0,0,0,0
P504316,Glisten & Glow Liquid Eye Shadow,stila,4.2713,25.0,Makeup,Eye,17,2,1,7,3.6,1,0,0,0,0,0,0,1,1,1,0,0,0,0,0,0,0
P474113,TL Advanced  Tightening Neck Cream PLUS for Firming & Brightening,StriVectin,4.0392,95.0,Skincare,Moisturizers,69,8,6,30,3.8,2,1,2,1,2,2,0,1,4,3,0,1,0,2,0,0,2
P474117,Mini TL Advanced  Tightening Neck Cream PLUS for Firming & Brightening,StriVectin,4.0392,15.0,Skincare,Moisturizers,69,8,6,30,3.8,2,1,2,1,2,2,0,1,4,3,0,1,0,2,0,0,2
P474110,Super-C Retinol Brighten & Correct Vitamin C Serum,StriVectin,4.6491,72.0,Skincare,Treatments,48,7,6,27,4.6,2,1,3,1,4,5,0,2,5,2,0,1,0,2,0,1,4
P474121,SD Advanced  PLUS Intensive Moisturizer For Wrinkles & Stretch Marks,StriVectin,4.6848,82.0,Skincare,Moisturizers,70,3,2,11,5.2,4,1,3,2,1,6,0,2,3,4,0,0,0,1,0,0,1
P474109,Daily Reveal  Exfoliating Face Pads with AHA + BHA + PHA + TXA,StriVectin,4.75,45.0,Skincare,Treatments,40,8,5,29,5.3,2,3,6,3,4,3,0,1,5,4,0,0,0,1,0,0,1
P474122,Advanced Retinol Nightly Renewal Face Moisturizer with Retinol,StriVectin,4.7813,119.0,Skincare,Moisturizers,65,3,1,10,4.7,4,3,5,3,4,7,0,3,7,6,0,1,0,4,0,3,5
P474119,Line BlurFector  Instant Wrinkle Blurring Face Primer,StriVectin,4.5882,39.0,Makeup,Face,24,1,0,3,5.5,0,0,1,0,0,0,0,0,1,1,0,0,0,0,0,0,0
P474111,Super-C SPF 30 Vitamin C Face Moisturizer,StriVectin,4.6538,69.0,Skincare,Moisturizers,47,7,7,28,5.0,1,0,1,0,1,1,1,1,3,2,0,0,0,1,0,1,1
P480191,Contour Restore Tightening & Sculpting Moisturizing Face Cream,StriVectin,4.7708,99.0,Skincare,Moisturizers,57,6,5,23,5.7,5,0,2,3,0,2,0,6,4,4,0,0,0,0,0,0,0
P474116,Peptight  360˚ Tightening Eye Serum,StriVectin,4.4894,72.0,Skincare,Eye Care,47,3,3,12,5.4,3,0,3,3,0,3,0,2,2,3,1,0,0,0,0,0,0
P474115,Peptight  Tightening & Brightening Face Serum,StriVectin,4.8085,99.0,Skincare,Treatments,75,9,9,36,5.8,3,0,2,2,0,1,0,3,3,3,0,0,0,0,0,0,0
P474107,Hyaluronic Tripeptide Gel-Cream for Eyes,StriVectin,4.6889,65.0,Skincare,Eye Care,65,11,10,43,5.4,3,0,1,2,1,4,0,2,3,3,0,0,0,0,0,0,1
P481743,Peptight Tightening Neck Serum Roller,StriVectin,4.7955,79.0,Skincare,High Tech Tools,56,7,7,28,5.8,4,0,1,0,0,1,0,1,3,4,0,0,0,0,0,0,0
P481742,Advanced Retinol Daily Repair Face Moisturizer Broad Spectrum SPF 30,StriVectin,4.7143,99.0,Skincare,Moisturizers,58,4,3,15,4.7,4,2,3,2,3,4,0,3,7,6,0,1,0,2,0,1,3
P504050,Advanced Retinol Nightly Multi Correct Serum,StriVectin,4.7857,99.0,Skincare,Treatments,62,6,4,22,4.7,5,1,2,2,2,2,0,5,7,6,0,1,0,2,0,1,2
P474118,Intensive Eye Cream Concentrate for Wrinkles PLUS,StriVectin,4.425,72.0,Skincare,Eye Care,64,5,4,19,5.3,4,0,2,3,0,4,0,3,3,3,1,0,0,0,0,0,0
P502758,Super-C Dark Circle Brightening Eye Serum,StriVectin,4.55,65.0,Skincare,Eye Care,45,4,3,15,4.9,2,1,3,2,1,5,0,1,2,2,0,1,0,1,0,0,1
P474124,Crepe Control  Tightening Body Cream,StriVectin,4.6667,59.0,Bath & Body,Body Moisturizers,63,5,4,19,5.2,3,1,3,2,1,4,0,1,2,3,1,0,0,1,0,0,1
P474125,The Gamechangers,StriVectin,4.68,79.0,Skincare,Value & Gift Sets,129,10,8,38,4.6,4,1,3,2,2,7,0,2,4,4,0,1,0,2,0,0,2
P474123,Crepe Control  Exfoliating Body Scrub,StriVectin,4.8333,35.0,Bath & Body,Bath & Shower,54,9,8,35,4.8,2,3,4,2,2,3,0,1,3,2,1,0,0,2,0,0,3
P474114,Power Starters Tightening Trio,StriVectin,4.5263,89.0,Skincare,Value & Gift Sets,135,18,16,70,4.4,6,1,4,5,2,5,0,4,6,6,1,1,0,2,0,0,2
P505378,Multi Action Clear Acne Control 30-Day Trial Kit,StriVectin,4.875,39.0,Skincare,Value & Gift Sets,76,13,12,51,5.0,4,4,5,6,3,4,0,3,5,5,0,1,0,1,0,1,1
P505381,Multi Action Clear Gentle Daily Brightening & Retexturizing Toner for Acne and Breakouts,StriVectin,5.0,39.0,Skincare,Cleansers,30,7,7,28,5.2,1,2,2,3,3,2,0,1,2,1,0,1,0,1,0,1,1
P505392,Multi Action Clear Acne Clearing Treatment Lotion for Breakouts,StriVectin,5.0,49.0,Skincare,Treatments,39,9,8,35,6.0,3,1,2,2,0,1,0,2,3,4,0,0,0,0,0,0,0
P505379,Multi Action Clear Gentle Daily Clarifying Cleanser for Acne and Breakouts,StriVectin,4.2713,29.0,Skincare,Cleansers,30,8,8,32,3.4,1,2,3,2,1,1,0,0,2,2,0,1,0,1,0,1,1
P469538,Anti-Aging First Care Activating Serum,Sulwhasoo,4.5707,89.0,Skincare,Treatments,55,7,6,27,5.1,1,0,2,1,0,1,0,1,1,1,0,0,0,0,0,0,0
P476729,Mini First Care Activating Serum,Sulwhasoo,4.5707,25.0,Skincare,Mini Size,55,7,6,27,5.1,1,0,2,1,0,1,0,1,1,1,0,0,0,0,0,0,0
P505346,First Care Activating Serum 25th Anniversary Limited Edition,Sulwhasoo,4.5825,110.0,Skincare,Treatments,55,7,6,27,5.1,1,0,2,1,0,1,0,1,1,1,0,0,0,0,0,0,0
P450633,Gentle Cleansing Oil Makeup Remover,Sulwhasoo,4.4532,40.0,Skincare,Cleansers,27,3,2,11,4.1,1,0,0,0,0,0,0,1,1,1,0,0,0,0,0,0,0
P476730,Mini Gentle Cleansing Oil Makeup Remover,Sulwhasoo,4.4532,13.0,Skincare,Mini Size,27,3,2,11,4.1,1,0,0,0,0,0,0,1,1,1,0,0,0,0,0,0,0
P481833,Concentrated Ginseng Renewing Cream,Sulwhasoo,4.4766,260.0,Skincare,Moisturizers,95,15,12,57,4.4,5,2,2,3,3,4,0,3,5,6,0,1,0,2,0,2,3
P469537,Bestsellers Trial Kit,Sulwhasoo,4.702,58.0,Skincare,Value & Gift Sets,124,13,11,50,5.6,4,0,2,2,0,2,0,4,4,4,0,0,0,0,0,0,0
P450632,Gentle Cleansing Foam Hydrating Makeup Remover,Sulwhasoo,4.5596,38.0,Skincare,Cleansers,32,5,4,19,3.5,0,0,0,0,0,0,0,0,0,0,0,0,0,0,0,0,0
P476731,Mini Gentle Cleansing Foam Hydrating Makeup Remover,Sulwhasoo,4.5596,12.0,Skincare,Mini Size,32,5,4,19,3.5,0,0,0,0,0,0,0,0,0,0,0,0,0,0,0,0,0
P483708,Mini Essential Comfort Firming Cream,Sulwhasoo,4.5019,28.0,Skincare,Moisturizers,52,9,7,34,4.4,1,0,1,1,0,1,0,1,0,0,0,0,0,0,0,0,0
P483692,Essential Comfort Firming Cream,Sulwhasoo,4.5019,120.0,Skincare,Moisturizers,52,9,7,34,4.4,1,0,1,1,0,1,0,1,0,0,0,0,0,0,0,0,0
P502395,Concentrated Ginseng Renewing Serum,Sulwhasoo,4.6972,210.0,Skincare,Treatments,55,7,7,28,5.0,1,1,1,0,1,2,0,1,2,2,0,0,0,1,0,1,1
P475172,Overnight Vitalizing Mask,Sulwhasoo,4.717,54.0,Skincare,Masks,63,11,8,41,4.9,2,0,0,0,0,0,0,1,1,2,0,0,0,0,0,0,0
P481834,Concentrated Ginseng Renewing Cream Classic,Sulwhasoo,4.8,260.0,Skincare,Moisturizers,55,7,6,27,5.6,2,0,0,0,0,1,0,2,2,2,0,0,0,0,0,0,0
P463110,Clarifying Peel Off Mask,Sulwhasoo,4.5,45.0,Skincare,Masks,30,3,3,12,3.4,0,0,0,0,0,0,0,0,0,0,0,0,0,0,0,0,0
P483694,Essential Comfort Balancing Water,Sulwhasoo,5.0,68.0,Skincare,Moisturizers,38,4,3,15,5.0,1,0,0,1,0,0,0,1,1,1,0,0,0,0,0,0,0
P463109,Overnight Vitalizing Sleeping Mask,Sulwhasoo,3.25,54.0,Skincare,Masks,63,11,8,41,3.1,2,0,0,0,0,0,0,1,1,2,0,0,0,0,0,0,0
P502448,Concentrated Ginseng Renewing Eye Cream,Sulwhasoo,4.3333,140.0,Skincare,Eye Care,55,7,6,27,4.6,2,1,1,0,1,2,0,2,3,3,0,0,0,1,0,1,1
P483693,Essential Comfort Moisture Cream,Sulwhasoo,5.0,80.0,Skincare,Moisturizers,50,10,7,37,5.0,1,0,1,1,0,1,0,1,0,0,0,0,0,0,0,0,0
P501175,White Ginseng Radiance Refining Mask,Sulwhasoo,5.0,68.0,Skincare,Masks,34,4,4,16,4.0,0,0,0,0,0,0,0,0,0,0,0,0,0,0,0,0,0
P483086,Essential Comfort Balancing Emulsion,Sulwhasoo,4.0,72.0,Skincare,Moisturizers,55,6,6,24,3.8,1,0,0,1,0,0,0,1,1,1,0,0,0,0,0,0,0
P502474,Concentrated Ginseng Renewing Rescue Ampoule,Sulwhasoo,4.2713,130.0,Skincare,Treatments,45,4,3,15,3.4,1,0,1,1,0,2,0,1,0,0,0,0,0,0,0,0,0
P502381,Concentrated Ginseng Renewing Sheet Masks,Sulwhasoo,4.2713,120.0,Skincare,Masks,64,10,7,37,4.2,3,0,1,1,0,1,0,3,2,2,0,0,0,0,0,0,0
P505270,First Care Radiance Set,Sulwhasoo,4.2713,95.0,Skincare,Value & Gift Sets,119,14,10,52,4.2,2,0,2,1,0,1,0,2,2,2,0,0,0,0,0,0,0
P429952,Jet Lag Mask,Summer Fridays,4.0262,49.0,Skincare,Masks,33,1,0,3,6.2,3,0,0,2,0,1,0,4,2,3,0,0,0,0,0,0,0
P480630,Mini Jet Lag Mask,Summer Fridays,4.0262,26.0,Skincare,Masks,33,1,0,3,6.2,3,0,0,2,0,1,0,4,2,3,0,0,0,0,0,0,0
P501777,Sheer Skin Tint with Hyaluronic Acid + Squalane,Summer Fridays,4.4694,42.0,Makeup,Face,36,4,2,14,4.2,1,0,0,0,0,0,0,1,1,1,0,0,0,0,0,0,0
P455936,Lip Butter Balm,Summer Fridays,4.2662,24.0,Skincare,Lip Balms & Treatments,17,0,0,0,5.1,0,0,0,0,0,0,0,0,0,0,0,0,0,0,0,0,0
P449180,CC Me Vitamin C + Niacinamide Serum,Summer Fridays,4.0893,68.0,Skincare,Treatments,40,7,6,27,4.5,2,0,1,0,1,4,0,1,4,3,0,0,0,0,0,0,2
P466153,Cloud Dew Gel Cream Moisturizer,Summer Fridays,4.4613,45.0,Skincare,Moisturizers,52,6,3,21,4.8,13,0,2,3,1,7,0,3,3,14,0,1,0,1,0,0,1
P479125,Mini Cloud Dew Oil-Free Gel Cream,Summer Fridays,4.4613,17.0,Skincare,Moisturizers,52,6,3,21,4.8,13,0,2,3,1,7,0,3,3,14,0,1,0,1,0,0,1
P436387,Overtime Mask,Summer Fridays,4.4087,49.0,Skincare,Masks,29,1,1,4,4.5,0,0,0,0,0,0,0,0,0,0,0,0,0,0,0,0,0
P469189,Summer Silk Nourishing Body Lotion,Summer Fridays,3.7407,28.0,Bath & Body,Body Moisturizers,47,5,4,19,4.1,8,1,2,2,1,1,0,6,7,9,0,0,0,1,0,0,1
P440504,R + R Mask,Summer Fridays,3.7972,54.0,Skincare,Masks,17,0,0,0,5.0,0,0,0,0,1,1,0,0,1,0,0,0,0,0,0,0,1
P482074,Dream Oasis Deep Hydration Serum,Summer Fridays,4.7361,44.0,Skincare,Treatments,44,3,2,11,5.7,12,0,1,2,1,5,0,2,2,13,0,0,0,0,0,0,0
P480192,Light Aura Vitamin C + Peptide Eye Cream,Summer Fridays,4.3596,42.0,Skincare,Eye Care,56,2,1,7,5.6,1,0,0,2,1,2,0,2,2,1,1,0,0,0,0,0,1
P455242,Super Amino Gel Cleanser,Summer Fridays,4.0833,35.0,Skincare,Cleansers,31,2,2,8,5.3,10,0,0,1,0,3,0,1,0,10,0,0,0,0,0,0,0
P471283,Babymoon Belly Balm,Summer Fridays,4.0882,29.0,Bath & Body,Body Moisturizers,10,1,1,4,4.1,0,0,0,0,0,0,0,0,0,0,0,0,0,0,0,0,0
P503827,Midnight Ritual Retinol Renewal Serum,Summer Fridays,4.7588,69.0,Skincare,Treatments,38,2,1,7,5.7,2,2,3,1,1,1,0,2,4,4,0,0,0,1,0,1,1
P476028,Heavenly Sixteen All-In-One Face Oil,Summer Fridays,4.4507,55.0,Skincare,Moisturizers,19,2,0,6,4.9,1,0,0,0,0,0,0,1,1,1,0,0,0,0,0,0,0
P309308,Good Genes All-In-One AHA Lactic Acid Treatment,Sunday Riley,4.3375,122.0,Skincare,Treatments,32,3,1,10,4.8,2,1,2,1,1,1,0,1,2,2,0,0,0,1,0,0,1
P393718,Luna Sleeping Retinoid Night Oil,Sunday Riley,4.0827,105.0,Skincare,Moisturizers,16,2,0,6,3.7,0,0,0,0,0,0,0,0,0,0,0,0,0,0,0,0,0
P410400,U.F.O. Salicylic Acid BHA Acne Treatment Face Oil,Sunday Riley,4.135,80.0,Skincare,Moisturizers,35,2,1,7,3.8,0,1,1,1,1,0,0,0,1,0,0,1,0,1,0,1,1
P418346,C.E.O. 15% Vitamin C Brightening Serum,Sunday Riley,4.1036,85.0,Skincare,Treatments,26,6,5,23,4.3,1,1,1,0,2,2,0,1,3,2,0,0,0,1,0,0,2
P476414,5 Stars Retinol + Niacinamide Eye Serum,Sunday Riley,4.6414,65.0,Skincare,Eye Care,39,3,2,11,4.6,2,2,3,0,2,2,0,1,4,5,0,0,0,2,0,2,2
P424948,Auto Correct Brightening + Depuffing Eye Cream for Dark Circles,Sunday Riley,4.0286,65.0,Skincare,Eye Care,40,2,2,8,4.8,1,1,1,1,1,1,0,0,1,2,1,0,0,1,0,0,1
P402718,Power Couple Advanced Retinol and Lactic Acid Duo,Sunday Riley,4.3017,72.0,Skincare,Value & Gift Sets,42,5,1,16,4.0,1,0,0,0,0,0,0,1,1,1,0,0,0,0,0,0,0
P448937,ICE Ceramide Moisturizer with Vitamin F,Sunday Riley,4.084,65.0,Skincare,Moisturizers,53,6,3,21,4.9,6,1,2,2,0,0,0,6,5,6,0,0,0,0,0,0,0
P418629,C.E.O. Vitamin C Brightening Rich Hydration Moisturizer,Sunday Riley,3.9918,22.0,Skincare,Moisturizers,48,8,5,29,4.6,4,0,1,1,1,2,0,3,5,4,0,0,0,0,0,0,1
P416139,Mini C.E.O. Vitamin C Brightening Rich Hydration Moisturizer,Sunday Riley,4.0133,65.0,Skincare,Moisturizers,48,8,5,29,4.6,4,0,1,1,1,2,0,3,5,4,0,0,0,0,0,0,1
P309310,Ceramic Slip French Green Clay Cleanser,Sunday Riley,3.8453,35.0,Skincare,Cleansers,23,6,5,23,4.4,2,0,0,1,0,0,0,2,2,2,0,0,0,0,0,0,0
P442761,C.E.O Glow Vitamin C + Turmeric Face Oil,Sunday Riley,4.0759,80.0,Skincare,Moisturizers,30,1,0,3,5.7,1,0,0,1,1,1,0,1,2,1,0,0,0,0,0,0,1
P503726,B3 Nice 10% Niacinamide Serum,Sunday Riley,4.726,65.0,Skincare,Treatments,49,5,2,17,3.9,0,0,0,0,0,1,0,0,0,0,0,0,0,0,0,0,0
P309306,Juno Antioxidant + Superfood Face Oil,Sunday Riley,4.3299,72.0,Skincare,Moisturizers,9,0,0,0,5.2,0,0,0,0,0,0,0,0,0,0,0,0,0,0,0,0,0
P482551,C.E.O. Afterglow Brightening Vitamin C Moisturizer,Sunday Riley,4.666,65.0,Skincare,Moisturizers,33,2,1,7,5.8,0,0,1,1,1,2,0,1,2,1,0,0,0,0,0,0,1
P483076,C.E.O. Afterglow Brightening Vitamin C Moisturizer,Sunday Riley,4.666,22.0,Skincare,Moisturizers,33,2,1,7,5.8,0,0,1,1,1,2,0,1,2,1,0,0,0,0,0,0,1
P440075,A+ High-Dose Retinol Serum,Sunday Riley,4.2016,85.0,Skincare,Treatments,55,2,1,7,4.6,4,2,3,2,2,3,0,3,5,5,0,0,0,2,0,2,2
P402014,Blue Moon Clean-Rinse Cleansing Balm,Sunday Riley,4.2717,50.0,Skincare,Cleansers,29,2,1,7,4.5,1,0,0,0,0,0,0,1,1,1,0,0,0,0,0,0,0
P432053,Multivitamins 15% Vitamin C + Retinol Mini Set,Sunday Riley,3.8481,28.0,Skincare,Value & Gift Sets,39,5,2,17,4.0,1,1,1,0,2,2,0,1,3,2,0,0,0,1,0,0,2
P460627,Saturn Sulfur + Niacinamide Spot Treatment Mask,Sunday Riley,3.1515,20.0,Skincare,Masks,34,1,1,4,4.6,0,1,2,2,0,2,0,1,0,0,0,0,0,0,0,0,0
P463964,Pink Drink Firming Resurfacing Peptide Face Mist,Sunday Riley,3.8085,48.0,Skincare,Moisturizers,56,5,1,16,4.6,4,0,0,0,0,3,0,3,2,3,0,0,0,0,0,0,0
P455235,Superstars Anti-Aging Serum and Eye Kit,Sunday Riley,4.16,130.0,Skincare,Value & Gift Sets,134,11,8,41,4.0,6,3,5,3,4,5,0,4,9,9,1,0,0,3,0,2,4
P461535,All About Acne Breakout + Blackhead Set,Sunday Riley,4.2,95.0,Skincare,Value & Gift Sets,158,14,10,52,4.0,7,5,7,5,4,6,0,5,8,8,0,1,0,4,0,3,4
P483495,Wake Up With Me Morning Routine Kit,Sunday Riley,4.0769,95.0,Skincare,Value & Gift Sets,217,25,17,92,3.9,10,2,4,4,3,6,1,6,9,11,1,0,0,3,0,1,3
P454380,Unseen Sunscreen SPF 40 PA+++,Supergoop!,4.26,48.0,Skincare,Sunscreen,26,1,1,4,4.7,1,0,0,0,0,0,3,1,1,1,0,0,0,3,0,3,0
P470255,Mini Unseen Sunscreen SPF 40 PA+++,Supergoop!,4.2604,22.0,Skincare,Mini Size,26,1,1,4,4.7,1,0,0,0,0,0,3,1,1,1,0,0,0,3,0,3,0
P456218,Glowscreen Sunscreen SPF 40 PA+++ with Hyaluronic Acid + Niacinamide,Supergoop!,4.1513,38.0,Skincare,Sunscreen,41,1,0,3,5.4,2,0,0,0,0,1,2,1,1,2,0,0,0,2,0,2,0
P482320,Mini Glowscreen Sunscreen SPF 40 PA+++ with Hyaluronic Acid + Niacinamide,Supergoop!,3.9659,22.0,Skincare,Sunscreen,41,1,0,3,5.2,2,0,0,0,0,1,2,1,1,2,0,0,0,2,0,2,0
P454383,PLAY Everyday Sunscreen Lotion SPF 50 PA++++,Supergoop!,4.0954,34.0,Skincare,Sunscreen,45,5,3,18,3.7,0,0,1,1,0,1,2,1,1,1,0,0,0,2,0,2,0
P454384,Mini PLAY Everyday Lotion SPF 50 with Sunflower Extract,Supergoop!,4.0954,22.0,Skincare,Mini Size,45,5,3,18,3.7,0,0,1,1,0,1,2,1,1,1,0,0,0,2,0,2,0
P442701,Shimmershade Illuminating Cream Eyeshadow SPF 30,Supergoop!,4.0567,24.0,Makeup,Eye,21,0,0,0,4.9,0,0,0,0,0,0,0,0,0,0,0,0,0,0,0,0,0
P439928,Superscreen Daily Moisturizer Sunscreen SPF 40 PA+++,Supergoop!,3.6997,44.0,Skincare,Moisturizers,21,1,1,4,3.2,0,0,0,0,0,0,2,0,0,0,0,0,0,2,0,2,0
P466154,Daily Dose Vitamin C + SPF 40 Sunscreen Serum PA+++,Supergoop!,3.6736,46.0,Skincare,Sunscreen,32,5,3,18,4.2,2,0,1,1,0,2,0,0,2,2,0,0,0,0,0,0,1
P463353,CC Screen 100% Mineral CC Cream SPF 50 PA++++,Supergoop!,3.4004,44.0,Skincare,Moisturizers,26,1,1,4,3.3,0,0,0,0,0,0,0,0,0,0,0,0,0,0,0,0,0
P429953,Glow Stick Sunscreen SPF 50 PA++++,Supergoop!,3.6587,26.0,Skincare,Sunscreen,20,0,0,0,4.0,0,0,0,0,0,0,2,0,0,0,0,0,0,2,0,2,0
P470057,Mineral Sheerscreen Sunscreen SPF 30 PA+++,Supergoop!,3.9473,38.0,Skincare,Sunscreen,28,3,1,10,4.7,2,0,1,0,0,0,0,2,3,3,0,0,0,0,0,0,0
P482321,Mini Mineral Sheerscreen Sunscreen SPF 30 PA+++,Supergoop!,3.9473,22.0,Skincare,Sunscreen,28,3,1,10,4.7,2,0,1,0,0,0,0,2,3,3,0,0,0,0,0,0,0
P454387,Glow Oil Body Sunscreen SPF 50 PA++++,Supergoop!,3.947,38.0,Skincare,Sunscreen,29,0,0,0,5.3,1,0,1,0,0,1,3,0,1,1,0,0,0,3,0,3,0
P454388,Mini Glow Oil SPF 50 PA++++,Supergoop!,3.947,15.0,Skincare,Mini Size,29,0,0,0,5.3,1,0,1,0,0,1,3,0,1,1,0,0,0,3,0,3,0
P482323,(Re) Setting Refreshing Mist SPF 40,Supergoop!,3.6649,34.0,Skincare,Sunscreen,23,0,0,0,5.4,1,0,0,1,0,0,0,1,1,1,0,0,0,0,0,0,0
P467976,(Re)setting 100% Mineral Powder Sunscreen SPF 35 PA+++,Supergoop!,4.0426,35.0,Skincare,Sunscreen,17,0,0,0,4.9,0,0,0,0,0,1,0,0,0,0,0,0,0,0,0,0,1
P504045,Daily Dose Bioretinol + Mineral SPF 40 with Bakuchiol,Supergoop!,4.7357,46.0,Skincare,Treatments,28,1,1,4,5.3,0,0,0,1,0,1,0,0,0,0,0,0,0,0,0,0,0
P454392,Handscreen Sunscreen SPF 40,Supergoop!,3.9964,38.0,Bath & Body,Body Moisturizers,39,1,0,3,4.4,1,0,0,0,0,1,2,0,0,1,0,0,0,2,0,2,0
P446909,Zincscreen 100% Mineral Sunscreen Lotion SPF 40 PA+++,Supergoop!,3.8729,44.0,Skincare,Sunscreen,31,2,2,8,4.6,1,1,1,1,1,1,0,0,1,1,0,0,0,0,0,0,0
P482325,Every. Single. Face. Watery Lotion SPF 50,Supergoop!,4.2805,34.0,Skincare,Sunscreen,35,2,2,8,3.1,0,0,0,0,0,0,3,0,0,0,0,0,0,3,0,3,0
P454389,PLAY Antioxidant Body Sunscreen Mist SPF 50 PA++++,Supergoop!,3.9048,21.0,Skincare,Sunscreen,28,3,0,9,3.3,0,0,0,0,1,1,0,0,1,0,0,0,0,0,0,0,1
P479351,Daily Dose Hydra-Ceramide Boost + SPF 40 Sunscreen Oil PA+++,Supergoop!,4.3783,46.0,Skincare,Moisturizers,30,2,0,6,5.1,2,0,1,1,0,0,3,2,2,2,0,0,0,3,0,3,0
P470058,Glowscreen Body Sunscreen SPF 40 PA+++,Supergoop!,4.4389,42.0,Skincare,Sunscreen,32,0,0,0,5.9,1,0,0,1,0,0,3,1,1,1,0,0,0,3,0,3,0
P454393,Mini Handscreen SPF 40,Supergoop!,3.9964,14.0,Bath & Body,Mini Size,39,1,0,3,4.4,1,0,0,0,0,1,2,0,0,1,0,0,0,2,0,2,0
P476733,Mineral Mattescreen Sunscreen SPF 40 PA+++,Supergoop!,4.0153,38.0,Skincare,Sunscreen,19,0,0,0,4.8,0,0,0,0,0,0,0,0,0,0,0,0,0,0,0,0,0
P505211,(Glow)Setting 100% Mineral Powder SPF 35,Supergoop!,4.4758,36.0,Skincare,Sunscreen,24,0,0,0,5.4,0,0,0,0,0,1,0,0,0,0,0,0,0,0,0,0,1
P454385,Mini PLAY Everyday Sunscreen Lotion SPF 30 PA++++,Supergoop!,4.3333,34.0,Skincare,Sunscreen,45,5,3,18,4.0,0,0,1,1,0,1,2,1,1,1,0,0,0,2,0,2,0
P482322,Mini Mineral Mattescreen Sunscreen SPF 40 PA+++,Supergoop!,4.125,22.0,Skincare,Sunscreen,19,0,0,0,5.0,0,0,0,0,0,0,0,0,0,0,0,0,0,0,0,0,0
P456407,PLAY Body Sunscreen Mousse SPF 50,Supergoop!,3.9583,34.0,Skincare,Sunscreen,48,3,0,9,2.9,1,0,0,0,0,0,2,0,0,1,0,0,0,2,0,2,0
P482746,PLAY 100% Mineral Lotion SPF 30 with Green Algae,Supergoop!,4.0909,36.0,Skincare,Sunscreen,36,3,2,11,4.5,1,0,1,1,0,0,0,1,2,2,0,0,0,0,0,0,0
P504320,SPF Bestsellers Kit,Supergoop!,3.75,30.0,Skincare,Value & Gift Sets,93,7,4,25,3.5,3,0,1,1,0,2,5,3,3,4,0,0,0,5,0,5,0
P500782,100% Mineral SPF Starter Kit,Supergoop!,1.8,29.0,Skincare,Value & Gift Sets,60,3,1,10,2.2,2,0,1,0,0,0,0,2,3,3,0,0,0,0,0,0,0
P500060,Play! Mineral SPF Stick,Supergoop!,3.0,24.0,Skincare,Sunscreen,18,0,0,0,4.6,1,0,0,1,0,0,0,1,1,1,0,0,0,0,0,0,0
P482747,PLAY Mineral Mist SPF 30 with Marigold Extract,Supergoop!,2.5,34.0,Skincare,Sunscreen,20,0,0,0,3.0,0,0,0,0,0,0,0,0,0,0,0,0,0,0,0,0,0
P505208,100% Mineral Sunscreen Starter Kit,Supergoop!,5.0,30.0,Skincare,Value & Gift Sets,58,3,1,10,6.0,2,0,1,0,0,0,0,2,3,3,0,0,0,0,0,0,0
P504911,Everyday SPF Faves,Supergoop!,4.2713,60.0,Skincare,Value & Gift Sets,93,6,4,22,3.2,3,0,1,0,0,1,6,2,3,4,0,0,0,6,0,6,0
P424988,THE FACE Illuminating Self-Tan Drops,TAN-LUXE,3.9894,50.0,Skincare,Self Tanners,22,8,7,31,2.8,0,0,0,0,0,0,0,0,0,0,0,0,0,0,0,0,0
P424989,THE BODY Illuminating Self-Tan Drops,TAN-LUXE,4.1959,60.0,Skincare,Self Tanners,25,8,7,31,4.2,1,0,0,1,0,0,0,1,1,1,1,0,0,0,0,0,0
P424986,THE BUTTER Illuminating Tanning Butter,TAN-LUXE,4.3425,38.0,Skincare,Self Tanners,37,8,7,31,3.8,0,0,1,0,0,0,0,0,1,1,0,0,0,0,0,0,0
P424990,THE GRADUAL Illuminating Gradual Tan Lotion,TAN-LUXE,4.1111,34.0,Skincare,Self Tanners,33,7,6,27,4.1,1,0,0,1,0,0,0,1,1,1,1,0,0,0,0,0,0
P447199,Super Glow Hyaluronic Self-Tan Serum,TAN-LUXE,3.9845,49.0,Skincare,Self Tanners,43,10,8,38,3.4,0,0,1,0,1,1,0,0,2,1,0,1,0,1,0,0,1
P424985,THE WATER Hydrating Self-Tan Water,TAN-LUXE,4.0,48.0,Skincare,Self Tanners,26,9,9,36,4.0,1,0,0,1,1,1,0,1,2,1,1,1,0,1,0,0,1
P424984,HYDRA MOUSSE Hydrating Self-Tan Mousse,TAN-LUXE,4.0769,49.0,Skincare,Self Tanners,27,9,8,35,4.3,1,0,1,1,1,1,0,1,3,2,1,1,0,1,0,0,1
P456989,Super Glow Body Hyaluronic Self-Tan Serum,TAN-LUXE,3.6809,49.0,Skincare,Self Tanners,47,11,9,42,3.8,1,0,1,1,1,1,0,1,3,2,1,1,0,1,0,0,1
P474376,Mini THE FACE Illuminating Self-Tan Drops,TAN-LUXE,3.7632,25.0,Skincare,Self Tanners,22,8,7,31,2.5,0,0,0,0,0,0,0,0,0,0,0,0,0,0,0,0,0
P433440,Wonder Oil Illuminating Self-Tan Oil,TAN-LUXE,3.8182,69.0,Skincare,Self Tanners,32,9,7,34,3.8,1,0,0,1,0,0,0,1,1,1,1,0,0,0,0,0,0
P424987,SLEEP OIL Rejuvenating Miracle Tanning Oil,TAN-LUXE,3.5,52.0,Skincare,Self Tanners,34,8,6,30,3.8,2,0,0,1,0,1,0,1,1,1,1,0,0,0,0,0,0
P470545,Super Gloss Instant Bronzing Face Drops with SPF 30,TAN-LUXE,4.4286,49.0,Skincare,Self Tanners,27,2,0,6,5.9,2,0,0,1,0,0,0,2,2,2,0,0,0,0,0,0,0
P432664,Instant Hero Skin Perfector,TAN-LUXE,3.4545,36.0,Bath & Body,Self Tanners,30,9,6,33,3.3,1,0,0,1,1,1,0,1,2,1,1,1,0,1,0,0,1
P481837,The Crème Gradual Self-Tanning Face Moisturizer,TAN-LUXE,4.4444,49.0,Skincare,Self Tanners,47,5,4,19,5.3,13,2,2,2,1,6,0,3,2,13,0,0,0,0,0,0,0
P432665,Glyco Water Self-Tan Eraser,TAN-LUXE,2.1429,35.0,Bath & Body,Self Tanners,18,4,4,16,1.6,1,1,1,0,2,2,0,0,3,2,0,1,0,2,0,0,2
P278610,Amazonian Clay 12-Hour Blush,tarte,4.6131,30.0,Makeup,Cheek,21,1,1,4,4.7,0,0,0,0,0,1,0,0,0,0,0,0,0,0,0,0,1
P403812,Tartelette In Bloom Clay Eyeshadow Palette,tarte,4.6624,45.0,Makeup,Eye,27,1,1,4,4.8,0,0,0,0,0,0,0,0,0,0,0,0,0,0,0,0,0
P482750,Maracuja Juicy Lip Plump,tarte,3.6902,24.0,Makeup,Lip,35,2,1,7,3.0,0,0,0,0,0,0,0,0,0,0,0,0,0,0,0,0,0
P391759,Tartelette Amazonian Clay Matte Eyeshadow Palette,tarte,4.4715,45.0,Makeup,Eye,24,1,1,4,4.6,0,0,0,0,1,1,0,0,1,0,0,1,0,1,0,0,1
P405601,SEA Quench Lip Rescue Balm,tarte,4.2672,19.0,Makeup,Lip,34,2,2,8,4.3,1,0,0,0,1,2,0,0,1,0,0,0,0,0,0,0,1
P423935,Tartelette Toasted Eyeshadow Palette,tarte,4.4568,45.0,Makeup,Eye,40,1,1,4,4.5,0,0,0,0,1,1,0,0,1,0,0,1,0,1,0,0,1
P467977,Maracuja Juicy Lip Balm,tarte,4.0149,24.0,Makeup,Lip,31,3,2,11,2.8,0,0,0,0,0,0,0,0,0,0,0,0,0,0,0,0,0
P433206,Maracuja Creaseless Concealer,tarte,3.2345,29.0,Makeup,Face,46,1,1,4,3.1,0,0,0,0,0,1,0,0,0,0,0,0,0,0,0,0,1
P376726,Maracuja Oil,tarte,4.396,48.0,Skincare,Moisturizers,9,4,3,15,3.3,0,0,0,0,0,0,0,0,0,0,0,0,0,0,0,0,0
P377542,BB blur tinted moisturizer Broad Spectrum SPF 30 Sunscreen,tarte,4.254,40.0,Makeup,Face,15,1,0,3,4.5,0,0,0,0,0,0,0,0,0,0,0,0,0,0,0,0,0
P111902,"Lights, Camera, Lashes 4-in-1 Mascara",tarte,4.1675,25.0,Makeup,Eye,19,3,2,11,3.0,0,0,0,0,0,1,0,0,0,0,0,0,0,0,0,0,1
P427600,Chrome Paint Shadow Pot,tarte,4.6314,22.0,Makeup,Eye,8,0,0,0,5.6,0,0,0,0,0,0,0,0,0,0,0,0,0,0,0,0,0
P405599,SEA drink of H2O hydrating boost moisturizer,tarte,4.2373,39.0,Skincare,Moisturizers,35,4,3,15,4.5,3,0,1,0,1,2,0,2,4,3,0,1,0,1,0,0,1
P429612,SEA H2O Lip Gloss,tarte,4.2838,19.0,Makeup,Lip,31,0,0,0,5.1,0,0,0,0,0,0,0,0,0,0,0,0,0,0,0,0,0
P290629,Amazonian Clay Waterproof 12-Hour Concealer,tarte,4.0378,25.0,Makeup,Face,35,7,5,26,4.2,3,0,0,1,1,3,0,2,3,3,0,0,0,0,0,1,2
P67617,Amazonian Clay BB Tinted Moisturizer Broad Spectrum SPF 20 Sunscreen,tarte,4.2289,39.0,Makeup,Face,38,6,3,21,3.5,0,0,0,0,1,3,0,0,2,0,0,0,0,0,0,1,3
P262113,Amazonian Clay Matte Waterproof Bronzer,tarte,4.5594,32.0,Makeup,Cheek,17,1,1,4,4.7,0,0,0,0,1,1,0,0,1,0,0,1,0,1,0,0,1
P408432,Double Take Eyeliner,tarte,4.2154,26.0,Makeup,Eye,25,3,2,11,3.1,0,0,0,0,0,0,0,0,0,0,0,0,0,0,0,0,0
P405096,SEA Deep Dive Cleansing Gel,tarte,4.312,12.0,Skincare,Cleansers,30,5,5,20,4.8,1,0,1,1,0,2,0,1,1,1,0,0,0,0,0,0,0
P387228,Timeless Smoothing Primer,tarte,3.9469,39.0,Makeup,Face,40,7,6,27,3.7,0,0,1,0,0,3,0,0,1,1,0,0,0,0,0,0,1
P392636,Tarteist Clay Paint Liner,tarte,3.7019,24.0,Makeup,Eye,16,0,0,0,4.4,0,0,0,0,0,0,0,0,0,0,0,0,0,0,0,0,0
P409631,SEA FRXXXTION Stick Exfoliating Cleanser,tarte,4.5315,22.0,Skincare,Cleansers,17,0,0,0,5.4,0,0,0,0,0,0,0,0,0,0,0,0,0,0,0,0,0
P377545,Maracuja C-Brighter Eye Treatment,tarte,4.0089,39.0,Skincare,Eye Care,50,4,2,14,4.0,6,0,1,2,1,5,0,5,5,4,0,0,0,0,0,1,3
P415984,Fake Awake Eye Highlighter,tarte,3.9923,22.0,Makeup,Eye,13,1,0,3,4.2,0,0,0,0,0,0,0,0,0,0,0,0,0,0,0,0,0
P310018,Poreless Mattifying Primer,tarte,3.9068,32.0,Makeup,Face,18,2,0,6,3.5,0,0,0,0,0,0,0,0,0,0,0,0,0,0,0,0,0
P456371,Maracuja Hydrating Tinted Moisturizer,tarte,4.0428,30.0,Makeup,Face,37,1,1,4,4.3,0,0,0,1,0,0,0,0,0,0,0,0,0,0,0,0,0
P442792,babassu foundcealer skincare foundation SPF 20,tarte,3.8002,40.0,Makeup,Face,41,5,2,17,3.4,1,0,0,0,0,0,0,1,1,1,0,0,0,0,0,0,0
P473000,SEA Hydroflex Serum Foundation,tarte,3.8897,39.0,Makeup,Face,51,2,2,8,3.7,1,0,0,1,0,1,0,0,0,0,0,0,0,0,0,0,0
P286101,Gifted Amazonian Clay Smart Mascara,tarte,4.3345,25.0,Makeup,Eye,20,3,2,11,3.2,0,0,0,0,0,1,0,0,0,0,0,0,0,0,0,0,1
P408285,Lippie Lingerie Matte Lip Tint,tarte,3.7698,24.0,Makeup,Lip,22,1,1,4,3.7,0,0,0,0,0,0,0,0,0,0,0,0,0,0,0,0,0
P450535,Mini Amazonian Clay 12-Hour Blush,tarte,4.2152,16.0,Makeup,Cheek,21,1,1,4,4.3,0,0,0,0,0,1,0,0,0,0,0,0,0,0,0,0,1
P427525,Clay Play Face Shaping Palette II,tarte,4.1957,49.0,Makeup,Makeup Palettes,37,1,1,4,4.2,0,0,0,0,0,0,0,0,0,0,0,0,0,0,0,0,0
P387175,Colored Clay CC Undereye Corrector,tarte,4.2839,28.0,Makeup,Face,31,1,0,3,6.1,1,0,0,1,1,2,0,1,2,1,1,0,0,0,0,0,2
P504200,maracuja juicy lip crème,tarte,4.6667,24.0,Makeup,Lip,52,3,2,11,3.6,0,0,0,0,0,0,0,0,0,0,0,0,0,0,0,0,0
P179924,"Lights, Camera, Splashes Waterproof Mascara",tarte,3.6866,25.0,Makeup,Eye,13,2,1,7,3.0,0,0,0,0,0,0,0,0,0,0,0,0,0,0,0,0,0
P99809,Amazonian Clay Waterproof Bronzer,tarte,4.6236,32.0,Makeup,Cheek,18,0,0,0,5.5,0,0,0,0,0,1,0,0,0,0,0,0,0,0,0,0,1
P456586,SEA Jelly Glaze Anytime Lip Mask,tarte,4.1618,16.0,Makeup,Lip,43,4,3,15,4.4,1,0,1,0,0,0,0,1,2,2,0,0,0,0,0,0,0
P420231,Sex Kitten Liquid Liner,tarte,4.1388,22.0,Makeup,Eye,18,2,2,8,3.8,1,0,0,0,0,1,0,0,0,0,0,0,0,0,0,0,0
P397383,Opening Act Lash Primer,tarte,4.4476,25.0,Makeup,Eye,18,2,2,8,3.7,0,0,0,0,0,1,0,0,0,0,0,0,0,0,0,0,1
P456601,SEA Breezy Cream Bronzer,tarte,4.4239,29.0,Makeup,Cheek,19,0,0,0,5.3,0,0,0,0,0,0,0,0,0,0,0,0,0,0,0,0,0
P407637,Lash Paint Mascara,tarte,4.0474,25.0,Makeup,Eye,21,3,3,12,2.9,0,0,0,0,0,0,0,0,0,0,0,0,0,0,0,0,0
P481746,SEA Power Flex Full Coverage Vegan Concealer,tarte,3.681,28.0,Makeup,Face,39,3,2,11,2.6,0,0,0,1,0,0,0,0,0,0,0,0,0,0,0,0,0
P481744,Mini SEA Power Flex Full Coverage Vegan Concealer,tarte,4.5,12.0,Makeup,Face,39,3,2,11,3.6,0,0,0,1,0,0,0,0,0,0,0,0,0,0,0,0,0
P152703,Smooth Operator Amazonian Clay Tinted Pressed Finishing Powder,tarte,4.1933,35.0,Makeup,Face,29,1,1,4,4.0,0,0,0,0,0,2,0,0,0,0,0,0,0,0,0,1,2
P453271,SEA Surfer Curl Volumizing Mascara,tarte,3.3956,24.0,Makeup,Eye,26,4,3,15,2.9,2,0,0,0,0,1,0,0,0,1,0,0,0,0,0,0,0
P456602,SEA Mini Breezy Cream Bronzer,tarte,4.4,14.0,Makeup,Mini Size,19,0,0,0,5.3,0,0,0,0,0,0,0,0,0,0,0,0,0,0,0,0,0
P414737,Pearly Girl Vegan Teeth Whitening Pen,tarte,4.1788,25.0,Skincare,High Tech Tools,9,2,2,8,3.4,0,0,0,0,0,0,0,0,0,0,0,0,0,0,0,0,0
P413182,Tarteist Pro Lash Adhesive,tarte,3.7105,15.0,Makeup,Eye,7,0,0,0,4.5,0,0,0,0,0,0,0,0,0,0,0,0,0,0,0,0,0
P500780,Maracuja Juicy Glow Highlighting Stick,tarte,4.1667,29.0,Makeup,Face,30,1,1,4,5.0,1,0,0,0,0,0,0,1,1,1,0,0,0,0,0,0,0
P500620,Mini Clay Play To-Go Cheek Palette,tarte,4.303,25.0,Makeup,Cheek,23,0,0,0,5.2,0,0,0,0,0,0,0,0,0,0,0,0,0,0,0,0,0
P472191,SEA Mini Breezy Cream Blush,tarte,4.4167,14.0,Makeup,Mini Size,20,0,0,0,5.3,0,0,0,0,0,0,0,0,0,0,0,0,0,0,0,0,0
P473001,Mini SEA Hydroflex Serum Foundation,tarte,3.1071,15.0,Makeup,Face,51,2,2,8,2.7,1,0,0,1,0,1,0,0,0,0,0,0,0,0,0,0,0
P440260,Tarteist Double Take Eyeliner- Travel Size,tarte,3.4722,15.0,Makeup,Eye,25,3,2,11,2.2,0,0,0,0,0,0,0,0,0,0,0,0,0,0,0,0,0
P500182,tartelette tubing mascara,tarte,3.6218,25.0,Makeup,Eye,18,2,2,8,2.7,0,0,0,0,0,0,0,0,0,0,0,0,0,0,0,0,0
P469864,SEA Breezy Cream Blush,tarte,4.3636,27.0,Makeup,Cheek,19,0,0,0,5.2,0,0,0,0,0,0,0,0,0,0,0,0,0,0,0,0,0
P242810,Amazonian Clay Waterproof Brow Pencil,tarte,4.3535,22.0,Makeup,Eye,25,1,0,3,4.4,0,0,0,0,0,1,0,0,0,0,0,0,0,0,0,1,1
P472190,SEA H2O Balm Lip Tint,tarte,3.7872,21.0,Makeup,Lip,37,2,1,7,5.1,3,0,0,1,0,1,0,2,2,2,0,0,0,0,0,0,0
P470550,Quick Stick Waterproof Shadow & Liner,tarte,3.7541,26.0,Makeup,Eye,37,3,2,11,3.7,1,0,1,0,0,2,0,1,2,2,0,0,0,0,0,1,2
P473840,Tartelette Juicy Amazonian Clay Eyeshadow Palette,tarte,4.2083,45.0,Makeup,Eye,35,1,1,4,4.2,0,0,0,0,0,0,0,0,0,0,0,0,0,0,0,0,0
P456604,Mini Maracuja Hydrating Tinted Moisturizer,tarte,3.3704,16.0,Makeup,Mini Size,38,1,1,4,3.4,0,0,0,1,0,0,0,0,0,0,0,0,0,0,0,0,0
P441841,Micellar Magic Makeup Remover & Cleanser,tarte,3.414,18.0,Makeup,Accessories,14,1,1,4,3.9,0,0,1,0,0,0,0,0,1,1,0,0,0,0,0,0,0
P430818,SEA Mermaid Skin Hyaluronic H2O Serum,tarte,4.1093,15.0,Skincare,Treatments,9,1,1,4,4.5,1,0,0,0,0,1,0,0,0,0,0,0,0,0,0,0,0
P409630,SEA Pack Your Bags Undereye Patches,tarte,4.1779,22.0,Skincare,Eye Care,21,0,0,0,6.4,3,0,0,0,0,3,0,0,0,1,0,0,0,0,0,0,0
P385760,Smooth Operator Amazonian Clay Finishing Setting Powder,tarte,3.7654,35.0,Makeup,Face,12,0,0,0,4.5,0,0,0,0,0,0,0,0,0,0,0,0,0,0,0,0,0
P453920,Mini SEA Surfer Curl Volumizing Mascara,tarte,3.0037,15.0,Makeup,Eye,26,4,3,15,2.4,2,0,0,0,0,1,0,0,0,1,0,0,0,0,0,0,0
P450537,Mini Timeless Smoothing Primer,tarte,3.6222,19.0,Makeup,Face,40,7,6,27,3.3,0,0,1,0,0,3,0,0,1,1,0,0,0,0,0,0,1
P450536,Mini Amazonian Clay Waterproof Bronzer,tarte,4.2857,16.0,Makeup,Cheek,19,1,1,4,4.3,0,0,0,0,0,0,0,0,0,0,0,0,0,0,0,0,0
P473821,Amazonian Clay 16-Hour Full Coverage Foundation,tarte,3.3624,40.0,Makeup,Face,30,10,8,38,2.6,1,0,0,1,0,0,0,0,0,1,0,0,0,0,0,0,0
P439932,"Mini Lights, Camera, Lashes 4-in-1 Mascara",tarte,3.6266,15.0,Makeup,Eye,19,3,2,11,2.4,0,0,0,0,0,1,0,0,0,0,0,0,0,0,0,0,1
P468224,Cheeky Claymate Face Palette,tarte,4.359,25.0,Makeup,Cheek,25,1,1,4,4.4,0,0,0,0,0,0,0,0,0,0,0,0,0,0,0,0,0
P468223,Mini BB Blur Tinted Moisturizer Broad Spectrum SPF 30,tarte,2.6842,16.0,Makeup,Face,15,1,0,3,2.6,0,0,0,0,0,0,0,0,0,0,0,0,0,0,0,0,0
P450534,Mini Opening Act Lash Primer,tarte,3.8824,15.0,Makeup,Eye,18,2,2,8,3.1,0,0,0,0,0,1,0,0,0,0,0,0,0,0,0,0,1
P415990,Sex Kitten Eyeliner,tarte,4.0595,22.0,Makeup,Eye,11,1,0,3,4.3,0,0,0,0,0,0,0,0,0,0,0,0,0,0,0,0,0
P420230,Pout Prep Lip Exfoliant,tarte,4.1024,16.0,Skincare,Lip Balms & Treatments,11,0,0,0,4.9,0,0,0,0,0,0,0,0,0,0,0,0,0,0,0,0,0
P432866,SEA Quench Hydrating Primer,tarte,3.805,32.0,Makeup,Face,40,3,2,11,3.8,2,0,1,1,0,1,0,0,0,1,0,0,0,0,0,0,0
P505244,tint & plump maracuja juicy lip duo,tarte,4.5,29.0,Makeup,Lip,39,3,2,11,3.4,0,0,0,0,0,0,0,0,0,0,0,0,0,0,0,0,0
P469865,SEA Surfer Curl Waterproof Gel Eyeliner,tarte,4.0345,20.0,Makeup,Eye,17,0,0,0,4.8,0,0,0,0,0,0,0,0,0,0,0,0,0,0,0,0,0
P505127,Maracuja Juicy Glow Skin Tint,tarte,3.68,40.0,Makeup,Face,43,5,2,17,3.2,1,0,0,0,0,0,0,1,1,1,0,0,0,0,0,0,0
P442989,Youth or Dare Multi-Acid & C-Serum,tarte,3.1014,42.0,Skincare,Treatments,17,3,3,12,2.7,2,2,2,0,2,3,0,1,3,2,0,1,0,2,0,0,2
P444433,Big Ego Mascara,tarte,3.4153,25.0,Makeup,Eye,31,1,1,4,3.3,0,0,0,0,0,0,0,0,0,0,0,0,0,0,0,0,0
P447200,Baba Bomb Moisturizer,tarte,4.4104,39.0,Skincare,Moisturizers,28,3,2,11,3.3,0,0,0,0,0,0,0,0,0,0,0,0,0,0,0,0,0
P454990,Mini babassu foundcealer skincare foundation SPF 20,tarte,3.52,16.0,Makeup,Face,41,5,2,17,3.0,1,0,0,0,0,0,0,1,1,1,0,0,0,0,0,0,0
P452909,Frameworker Brow Pomade,tarte,4.2,20.0,Makeup,Eye,22,2,0,6,4.2,1,0,0,0,0,0,0,1,0,0,0,0,0,0,0,0,0
P453918,Sketch & Set Brow Pencil and Tinted Gel,tarte,4.0408,25.0,Makeup,Eye,38,5,4,19,2.8,0,0,0,0,0,0,0,0,0,0,0,0,0,0,0,0,0
P504215,Amazonian clay blurring powder foundation,tarte,4.125,39.0,Makeup,Face,26,3,1,10,3.8,1,0,0,0,0,0,0,1,1,1,0,0,0,0,0,0,0
P479994,Shimmering Light Highlighter,tarte,4.6,32.0,Makeup,Face,15,0,0,0,5.5,0,0,0,0,0,0,0,0,0,0,0,0,0,0,0,0,0
P440306,SEA Mini Drink of H2O Hydrating Boost Moisturizer,tarte,3.5814,14.0,Skincare,Mini Size,35,4,3,15,3.7,3,0,1,0,1,2,0,2,4,3,0,1,0,1,0,0,1
P469800,SEA Glowtion Skin Perfector Primer,tarte,3.9429,32.0,Makeup,Face,43,2,1,7,5.3,4,0,1,0,0,0,0,4,4,5,0,0,0,0,0,0,0
P420232,Tarteist Brow Gel,tarte,3.8679,19.0,Makeup,Eye,7,2,1,7,3.2,0,0,0,0,0,0,0,0,0,0,0,0,0,0,0,0,0
P474862,Best of SEA Must-Haves Hydroflex Foundation Customizable Set,tarte,2.25,39.0,Makeup,Face,115,10,8,38,2.1,4,0,1,1,1,2,0,2,4,4,0,1,0,1,0,0,1
P446871,Mini Big Ego Mascara,tarte,3.5385,15.0,Makeup,Eye,31,1,1,4,3.4,0,0,0,0,0,0,0,0,0,0,0,0,0,0,0,0,0
P454376,knockout daily exfoliating cleanser,tarte,3.8983,12.0,Skincare,Cleansers,28,10,9,39,3.7,2,3,4,1,3,2,0,0,4,4,0,1,0,3,0,1,3
P449835,Mini Maracuja Oil,tarte,3.898,16.0,Skincare,Mini Size,9,4,3,15,2.7,0,0,0,0,0,0,0,0,0,0,0,0,0,0,0,0,0
P443762,Mini Lash Paint Mascara,tarte,3.6667,15.0,Makeup,Eye,21,3,3,12,2.4,0,0,0,0,0,0,0,0,0,0,0,0,0,0,0,0,0
P454989,Mini Sketch & Set Brow Pencil and Tinted Gel,tarte,3.3846,14.0,Makeup,Eye,38,5,4,19,2.1,0,0,0,0,0,0,0,0,0,0,0,0,0,0,0,0,0
P449836,Mini SEA Deep Dive Cleansing Gel,tarte,4.2889,12.0,Skincare,Mini Size,30,5,5,20,4.7,1,0,1,1,0,2,0,1,1,1,0,0,0,0,0,0,0
P479998,Amazonian Clay 16-Hour Full Coverage Foundation Custom Value Set,tarte,2.0,39.0,Makeup,Face,72,8,6,30,1.0,0,0,0,0,0,1,0,0,0,0,0,0,0,0,0,0,1
P463968,Big Ego DIY Brow Detailing Pen,tarte,3.5769,21.0,Makeup,Eye,20,4,3,15,2.3,0,0,0,0,0,0,0,0,0,0,0,0,0,0,0,0,0
P447409,Mini Baba Bomb Moisturizer,tarte,4.1111,14.0,Skincare,Mini Size,28,3,2,11,2.9,0,0,0,0,0,0,0,0,0,0,0,0,0,0,0,0,0
P504220,tartelette energy Amazonian clay palette,tarte,4.3333,25.0,Makeup,Eye,27,1,1,4,4.4,0,0,0,0,0,0,0,0,0,0,0,0,0,0,0,0,0
P457468,Brazilliance 2HR Express Deep Foaming Self-Tanner,tarte,3.0417,39.0,Skincare,Self Tanners,37,4,4,16,1.7,0,0,0,0,1,1,0,0,1,0,0,1,0,1,0,0,1
P504573,tartelette spark Amazonian clay palette,tarte,4.2713,25.0,Makeup,Eye,27,1,1,4,3.4,0,0,0,0,0,0,0,0,0,0,0,0,0,0,0,0,0
P454822,Mini SEA Mermaid Skin Hyaluronic H2O Serum,tarte,3.6667,15.0,Skincare,Mini Size,9,1,1,4,4.0,1,0,0,0,0,1,0,0,0,0,0,0,0,0,0,0,0
P454377,Mini knockout daily exfoliating cleanser,tarte,3.7895,12.0,Skincare,Mini Size,28,10,9,39,3.5,2,3,4,1,3,2,0,0,4,4,0,1,0,3,0,1,3
P502375,Brighter Smile Value Set,tarte,4.2713,29.0,Makeup,Value & Gift Sets,46,3,2,11,4.2,3,0,0,1,0,1,0,2,2,2,0,0,0,0,0,0,0
P449411,Mini Micellar Magic Makeup Remover & Cleanser,tarte,3.4286,9.0,Skincare,Mini Size,14,1,1,4,3.9,0,0,1,0,0,0,0,0,1,1,0,0,0,0,0,0,0
P456434,knockout brightening gel moisturizer,tarte,4.25,14.0,Skincare,Moisturizers,35,5,4,19,4.9,2,0,1,0,0,1,0,1,2,2,0,0,0,0,0,0,0
P457279,Moisturizer Mini knockout brightening gel,tarte,4.6667,14.0,Skincare,Mini Size,35,5,4,19,5.4,2,0,1,0,0,1,0,1,2,2,0,0,0,0,0,0,0
P502885,Amazonian Clay Finishing Powder,tarte,4.3333,35.0,Makeup,Face,7,0,0,0,5.2,0,0,0,0,0,0,0,0,0,0,0,0,0,0,0,0,0
P470548,Knockout 10% Acid Complex Serum,tarte,5.0,39.0,Skincare,Treatments,23,6,3,21,5.2,2,2,3,0,2,2,0,1,4,4,0,0,0,2,0,0,2
P470547,Brazilliance Overnight Mask Gradual Self-Tanner,tarte,2.8333,29.0,Bath & Body,Self Tanners,16,2,1,7,2.0,0,0,0,0,0,0,0,0,0,0,0,0,0,0,0,0,0
P505256,lashes & splashes mascara duo,tarte,4.2713,32.0,Makeup,Eye,32,4,3,15,2.2,0,0,0,0,0,1,0,0,0,0,0,0,0,0,0,0,1
P379707,Resurfacing BHA Glow Mask,Tata Harper,4.3471,68.0,Skincare,Masks,22,7,7,28,3.6,0,0,1,1,0,0,0,0,0,0,0,0,0,0,0,0,0
P379710,Regenerating Exfoliating Cleanser,Tata Harper,4.4649,88.0,Skincare,Cleansers,28,8,8,32,3.2,0,0,0,0,0,1,0,0,0,0,0,0,0,0,0,1,1
P458917,Water-Lock Moisturizer with Skin-Smoothing Peptides,Tata Harper,4.4461,68.0,Skincare,Moisturizers,42,7,6,27,4.9,2,1,2,0,1,1,0,0,2,3,0,0,0,1,0,0,1
P432048,Resurfacing AHA + BHA Serum,Tata Harper,4.2562,92.0,Skincare,Treatments,53,9,6,33,4.3,3,1,3,1,1,2,0,1,3,4,0,0,0,1,0,1,2
P429954,Clarifying Blemish & Oil Control Cleanser,Tata Harper,3.9476,88.0,Skincare,Cleansers,44,3,3,12,4.3,2,1,3,1,1,1,0,0,2,3,0,0,0,1,0,0,1
P462747,Mini Clarifying Blemish & Oil Control Cleanser,Tata Harper,3.9476,46.0,Skincare,Mini Size,44,3,3,12,4.3,2,1,3,1,1,1,0,0,2,3,0,0,0,1,0,0,1
P420143,Clarifying AHA + BHA Mask,Tata Harper,3.916,75.0,Skincare,Masks,46,9,8,35,3.9,2,2,3,2,1,1,0,0,2,2,0,1,0,1,0,0,2
P379711,Rejuvenating Anti-Aging Serum,Tata Harper,3.4232,146.0,Skincare,Treatments,40,6,6,24,2.1,0,0,0,0,0,0,0,0,0,0,0,0,0,0,0,0,0
P386739,Restorative Plumping + Brightening Eye Cream,Tata Harper,4.11,130.0,Skincare,Eye Care,60,5,5,20,4.9,2,0,3,3,0,1,0,0,1,2,1,0,0,0,0,0,0
P392144,Purifying Pore Detox Cleanser,Tata Harper,4.2059,88.0,Skincare,Cleansers,35,8,7,31,3.0,0,0,0,0,0,0,0,0,0,0,0,0,0,0,0,0,0
P462748,Mini Purifying Pore Detox Cleanser,Tata Harper,4.2059,46.0,Skincare,Mini Size,35,8,7,31,3.0,0,0,0,0,0,0,0,0,0,0,0,0,0,0,0,0,0
P379709,Repairative Anti-Aging Moisturizer,Tata Harper,3.4118,130.0,Skincare,Moisturizers,38,6,6,24,1.9,0,0,0,0,0,1,0,0,0,0,0,0,0,0,0,1,1
P408301,Purifying Pore & Blackhead Detox Mask,Tata Harper,3.845,75.0,Skincare,Masks,45,5,5,20,3.4,1,0,1,1,0,1,0,0,0,0,0,0,0,0,0,0,0
P392143,Tata's Daily Essentials Kit,Tata Harper,3.65,75.0,Skincare,Value & Gift Sets,65,8,8,32,2.6,0,0,1,1,0,1,0,0,0,0,0,0,0,0,0,1,1
P392142,Nourishing Makeup Removing Oil Cleanser,Tata Harper,4.0211,88.0,Skincare,Cleansers,29,5,4,19,3.6,1,0,0,0,0,0,0,1,1,1,0,0,0,0,0,0,0
P379705,Hydrating Hyaluronic Acid Floral Essence,Tata Harper,3.883,76.0,Skincare,Moisturizers,21,1,1,4,4.9,1,0,1,0,0,0,0,0,1,2,0,0,0,0,0,0,0
P392001,Revitalizing Anti-Aging Body Oil,Tata Harper,3.8421,120.0,Bath & Body,Body Moisturizers,24,7,7,28,2.6,0,0,0,0,0,0,0,0,0,0,0,0,0,0,0,0,0
P412407,Clarifying Moisturizer,Tata Harper,3.8519,130.0,Skincare,Moisturizers,54,10,9,39,4.6,1,1,3,3,0,1,0,1,1,1,0,0,0,0,0,0,0
P379704,Retinoic Nutrient Face Oil With Vitamin A,Tata Harper,4.2,165.0,Skincare,Moisturizers,17,6,6,24,3.8,1,0,0,0,0,0,0,1,1,1,0,0,0,0,0,0,0
P472341,Superkind Fragrance-Free Fortifying Moisturizer,Tata Harper,4.58,130.0,Skincare,Moisturizers,41,1,0,3,6.1,2,1,1,0,1,2,0,1,2,2,0,0,0,1,0,1,2
P472343,Superkind Fragrance-Free Softening Cleanser,Tata Harper,4.5417,88.0,Skincare,Cleansers,34,1,0,3,6.1,2,1,1,0,1,2,0,1,2,2,0,0,0,1,0,1,2
P476736,Superkind Fragrance-Free Bio-Barrier Serum,Tata Harper,4.7273,146.0,Skincare,Treatments,50,2,1,7,6.3,6,1,4,2,0,3,0,2,3,4,0,0,0,0,0,0,0
P442748,Hydrating Floral Mask,Tata Harper,4.375,95.0,Skincare,Masks,49,2,1,7,5.7,4,0,2,1,0,1,0,3,4,5,0,0,0,0,0,0,1
P422848,Crème Riche Anti-Aging Peptide Night Cream,Tata Harper,4.1429,230.0,Skincare,Moisturizers,64,9,8,35,5.0,4,0,1,0,0,0,0,3,4,5,0,0,0,0,0,0,0
P500781,Resurfacing + Smoothing Body Serum with AHAs,Tata Harper,4.7778,155.0,Bath & Body,Bath & Shower,57,12,8,44,5.5,2,0,2,1,0,1,0,0,1,2,0,0,0,0,0,0,0
P449410,Boosted Contouring Retinol Eye Balm,Tata Harper,3.4167,260.0,Skincare,Eye Care,56,7,7,28,2.9,2,0,0,0,0,3,0,0,0,0,0,0,0,0,0,0,1
P472342,Superkind Fragrance-Free Radiance Mask,Tata Harper,4.75,68.0,Skincare,Masks,23,2,2,8,5.7,2,2,5,2,1,1,0,0,2,3,0,0,0,1,0,0,1
P500482,The Clean Dream Team Set,Tata Harper,4.0,75.0,Skincare,Value & Gift Sets,92,16,11,59,4.0,3,1,3,1,1,3,0,0,2,3,0,0,0,1,0,1,2
P480354,Glow Facial Set,Tata Harper,3.0,98.0,Skincare,Value & Gift Sets,41,7,5,26,1.8,0,0,1,1,0,1,0,0,0,0,0,0,0,0,0,1,1
P503877,Superkind Refining Cleanser,Tata Harper,5.0,88.0,Skincare,Cleansers,36,4,3,15,5.6,4,2,4,1,1,1,0,2,3,4,0,0,0,1,0,0,1
P476737,Bio-Barrier Eye Crème,Tata Harper,4.2713,130.0,Skincare,Eye Care,53,2,1,7,4.4,4,1,2,1,0,3,0,2,2,2,0,0,0,0,0,1,1
P502434,Deep Clean Kit,Tata Harper,4.2713,85.0,Skincare,Value & Gift Sets,67,6,4,22,3.4,2,1,3,1,1,2,0,0,2,3,0,0,0,1,0,1,2
P418218,The Water Cream Oil-Free Pore Minimizing Moisturizer,Tatcha,4.0245,70.0,Skincare,Moisturizers,29,3,2,11,4.0,2,0,0,0,0,0,0,1,1,2,0,0,0,0,0,0,0
P454794,Mini The Water Cream,Tatcha,4.0245,22.0,Skincare,Mini Size,29,3,2,11,4.0,2,0,0,0,0,0,0,1,1,2,0,0,0,0,0,0,0
P441101,The Dewy Skin Cream Plumping & Hydrating Moisturizer,Tatcha,4.1023,70.0,Skincare,Moisturizers,47,5,4,19,4.9,2,1,1,0,1,1,0,1,2,2,0,0,0,0,0,0,0
P428661,The Silk Canvas Protective Primer,Tatcha,4.0885,54.0,Makeup,Face,36,7,4,25,3.7,1,0,0,0,0,0,0,1,1,1,0,0,0,0,0,0,0
P415771,The Essence Skincare Boosting Treatment,Tatcha,4.4442,110.0,Skincare,Moisturizers,6,0,0,0,5.3,0,0,0,0,0,0,0,0,0,0,0,0,0,0,0,0,0
P473160,Mini The Essence  Skincare Boosting Treatment,Tatcha,4.4442,65.0,Skincare,Moisturizers,6,0,0,0,5.3,0,0,0,0,0,0,0,0,0,0,0,0,0,0,0,0,0
P461537,The Rice Wash Skin-Softening Cleanser,Tatcha,4.5018,40.0,Skincare,Cleansers,23,3,3,12,3.4,0,0,0,0,0,0,0,0,0,0,0,0,0,0,0,0,0
P504595,Mini Rice Wash Skin-Softening Cleanser,Tatcha,4.5018,18.0,Skincare,Mini Size,23,3,3,12,3.4,0,0,0,0,0,0,0,0,0,0,0,0,0,0,0,0,0
P456446,The Liquid Silk Canvas: Featherweight Protective Primer,Tatcha,4.3976,54.0,Makeup,Face,41,9,8,35,3.7,1,0,0,0,0,0,0,0,0,1,0,0,0,0,0,0,0
P427536,The Deep Cleanse Gentle Exfoliating Cleanser,Tatcha,4.1478,40.0,Skincare,Cleansers,22,3,3,12,3.0,0,0,0,0,0,0,0,0,0,0,0,0,0,0,0,0,0
P504615,Mini Deep Cleanse Gentle Exfoliating Cleanser,Tatcha,4.1478,18.0,Skincare,Mini Size,22,3,3,12,3.0,0,0,0,0,0,0,0,0,0,0,0,0,0,0,0,0,0
P399623,Luminous Dewy Skin Mist,Tatcha,3.951,49.0,Skincare,Moisturizers,36,4,3,15,4.7,2,1,1,0,1,1,0,1,2,2,0,0,0,0,0,0,0
P392235,The Camellia Oil 2-in-1 Makeup Remover & Cleanser,Tatcha,4.4815,50.0,Skincare,Cleansers,16,1,1,4,4.6,0,0,0,0,0,0,0,0,0,0,0,0,0,0,0,0,0
P460512,Mini Liquid Silk Canvas: Featherweight Protective Primer,Tatcha,4.3976,24.0,Skincare,Mini Size,41,9,8,35,3.7,1,0,0,0,0,0,0,0,0,1,0,0,0,0,0,0,0
P426340,The Rice Polish Foaming Enzyme Powder,Tatcha,4.4278,68.0,Skincare,Cleansers,23,2,2,8,4.3,0,0,1,0,1,1,0,0,1,0,0,0,0,0,0,0,1
P439058,Violet-C Brightening Serum 20% Vitamin C + 10% AHA,Tatcha,4.2124,89.0,Skincare,Treatments,30,5,1,16,4.5,2,1,1,0,1,1,0,0,1,2,0,0,0,1,0,0,1
P447780,The Silk Peony Melting Eye Cream,Tatcha,4.1593,62.0,Skincare,Eye Care,44,6,5,23,5.0,2,1,1,0,1,1,0,1,2,2,0,0,0,0,0,0,0
P466155,The Dewy Serum Resurfacing and Plumping Treatment,Tatcha,4.6355,89.0,Skincare,Treatments,39,6,5,23,4.4,1,0,0,0,0,0,0,1,1,1,0,0,0,0,0,0,0
P454018,The Serum Stick: Treatment & Touch Up Balm,Tatcha,4.3761,49.0,Skincare,Treatments,14,2,0,6,4.9,1,0,0,0,0,0,0,1,1,1,0,0,0,0,0,0,0
P453225,The Kissu Lip Mask,Tatcha,3.7724,29.0,Skincare,Lip Balms & Treatments,32,2,1,7,4.7,1,0,0,1,0,2,0,2,1,1,0,0,0,0,0,0,0
P474377,Indigo Overnight Repair Serum in Cream Treatment,Tatcha,4.5474,92.0,Skincare,Moisturizers,38,2,2,8,4.9,1,0,0,1,0,0,0,1,1,1,0,0,0,0,0,0,0
P503191,Mini Indigo Overnight Repair Serum in Cream Treatment,Tatcha,4.5474,22.0,Skincare,Moisturizers,37,2,2,8,4.9,1,0,0,1,0,0,0,1,1,1,0,0,0,0,0,0,0
P469546,The Silk Powder Protective Setting Powder,Tatcha,4.4021,49.0,Makeup,Face,26,2,2,8,3.7,0,0,0,0,0,0,0,0,0,0,0,0,0,0,0,0,0
P440934,The Silk Canvas Protective Primer Mini,Tatcha,3.6444,24.0,Skincare,Mini Size,36,7,4,25,3.2,1,0,0,0,0,0,0,1,1,1,0,0,0,0,0,0,0
P413326,Camellia Gold Spun Lip Balm,Tatcha,4.2806,30.0,Skincare,Lip Balms & Treatments,18,1,0,3,5.7,2,0,0,0,0,1,0,1,1,1,0,0,0,0,0,0,0
P420699,Violet-C Radiance Mask,Tatcha,4.0507,70.0,Skincare,Masks,35,4,1,13,2.9,0,0,0,0,0,0,0,0,0,0,0,0,0,0,0,0,0
P481169,The Silk Sunscreen Mineral Broad Spectrum SPF 50 PA++++ with Hyaluronic Acid and Niacinamide,Tatcha,3.3975,62.0,Skincare,Sunscreen,47,4,3,15,4.1,3,0,0,2,0,1,0,4,3,3,0,0,0,0,0,0,0
P417867,The Silk Cream,Tatcha,4.1885,125.0,Skincare,Moisturizers,40,6,5,23,4.4,2,0,0,0,0,1,0,1,1,2,0,0,0,0,0,0,0
P479352,The Texture Tonic AHA Liquid Exfoliating Treatment,Tatcha,4.6484,62.0,Skincare,Treatments,40,4,1,13,4.6,1,0,1,0,0,0,0,0,1,2,0,0,0,0,0,0,0
P482552,The Clarifying Clay Mask Exfoliating Pore Treatment,Tatcha,4.6316,70.0,Skincare,Masks,41,5,5,20,3.6,0,0,0,0,0,0,0,0,0,0,0,0,0,0,0,0,0
P403315,Gold Camellia Beauty Oil,Tatcha,4.4751,98.0,Skincare,Moisturizers,21,1,0,3,6.0,2,0,0,0,0,1,0,1,1,1,0,0,0,0,0,0,0
P502469,Hinoki Gentle Exfoliating Body Wash,Tatcha,4.8059,34.0,Bath & Body,Bath & Shower,29,6,5,23,4.2,1,0,0,0,0,0,0,0,0,1,0,0,0,0,0,0,0
P502491,Hinoki Hydrating Body Oil,Tatcha,4.8698,58.0,Bath & Body,Body Moisturizers,29,6,5,23,4.6,1,0,0,0,0,0,0,1,1,1,0,0,0,0,0,0,0
P502455,Hinoki Body Milk Lotion,Tatcha,4.8488,48.0,Bath & Body,Body Moisturizers,36,7,6,27,4.6,1,0,0,0,0,0,0,1,1,1,0,0,0,0,0,0,0
P504506,The Silk Serum Wrinkle-Smoothing Retinol Alternative,Tatcha,4.8387,98.0,Skincare,Treatments,46,10,6,36,5.6,2,0,1,0,0,0,0,1,2,3,0,0,0,0,0,0,0
P399622,Luminous Deep Hydration Lifting Mask,Tatcha,4.4074,95.0,Skincare,Masks,25,0,0,0,5.7,1,0,0,0,0,1,0,0,0,0,0,0,0,0,0,0,0
P504218,Dewy Cleanse + Hydrate Duo,Tatcha,4.5405,27.0,Skincare,Value & Gift Sets,60,8,7,31,5.4,2,1,1,0,1,1,0,1,2,2,0,0,0,0,0,0,0
P468229,Ageless Revitalizing Neck Cream,Tatcha,4.15,112.0,Skincare,Moisturizers,39,4,2,14,4.2,2,0,0,0,0,1,0,1,1,1,0,0,0,0,0,0,0
P504327,Mini Favorites Set,Tatcha,4.4211,68.0,Skincare,Value & Gift Sets,83,11,9,42,5.3,4,1,1,0,1,1,0,2,3,4,0,0,0,0,0,0,0
P504203,Clarifying Cleanse + Hydrate Duo,Tatcha,3.25,27.0,Skincare,Value & Gift Sets,47,8,7,31,3.1,2,0,0,0,0,0,0,1,1,2,0,0,0,0,0,0,0
P501323,Overnight Recovery Duo,Tatcha,4.2,88.0,Skincare,Value & Gift Sets,61,4,3,15,5.0,2,0,0,2,0,2,0,3,2,2,0,0,0,0,0,0,0
P504303,Strengthening Nighttime Ritual Set,Tatcha,4.875,95.0,Skincare,Value & Gift Sets,70,8,7,31,5.8,3,1,1,1,1,1,0,2,3,3,0,0,0,0,0,0,0
P502365,Clarifying Cleanse + Hydrate Duo,Tatcha,3.5,27.0,Skincare,Value & Gift Sets,47,8,7,31,3.4,2,0,0,0,0,0,0,1,1,2,0,0,0,0,0,0,0
P454795,Mini The Dewy Skin Cream,Tatcha,4.0,22.0,Skincare,Mini Size,47,5,4,19,4.8,2,1,1,0,1,1,0,1,2,2,0,0,0,0,0,0,0
P480355,The Essence Skincare Boosting Treatment – Lunar New Year Edition,Tatcha,5.0,110.0,Skincare,Moisturizers,8,0,0,0,6.0,0,0,0,0,0,0,0,0,0,0,0,0,0,0,0,0,0
P503716,The Essence Skincare Boosting Treatment – Lunar New Year Edition,Tatcha,4.2713,110.0,Skincare,Moisturizers,8,0,0,0,4.2,0,0,0,0,0,0,0,0,0,0,0,0,0,0,0,0,0
P481168,Mini The Dewy Skin Cream Plumping & Hydrating Moisturizer,Tatcha,4.2713,22.0,Skincare,Moisturizers,47,5,4,19,4.2,2,1,1,0,1,1,0,1,2,2,0,0,0,0,0,0,0
P468852,Vanilla Woods Gemstone Perfume Oil,The 7 Virtues,4.4789,69.0,Bath & Body,Body Moisturizers,3,0,0,0,5.4,0,0,0,0,0,0,0,0,0,0,0,0,0,0,0,0,0
P468851,Blackberry Lily Gemstone Perfume Oil,The 7 Virtues,4.6364,69.0,Bath & Body,Body Moisturizers,8,5,5,20,3.6,0,0,0,0,0,0,0,0,0,0,0,0,0,0,0,0,0
P468855,Santal Vanille Gemstone Perfume Oil,The 7 Virtues,4.6364,69.0,Bath & Body,Body Moisturizers,9,6,6,24,3.6,0,0,0,0,0,0,0,0,0,0,0,0,0,0,0,0,0
P455364,Oat Cleansing Balm,The INKEY List,3.6098,11.99,Skincare,Cleansers,19,1,1,4,4.3,1,0,0,0,0,1,0,1,1,1,0,0,0,0,0,0,1
P478030,Mini Oat Cleansing Balm,The INKEY List,3.6098,5.99,Skincare,Cleansers,19,1,1,4,4.3,1,0,0,0,0,1,0,1,1,1,0,0,0,0,0,0,1
P443845,Hyaluronic Acid Hydrating Serum,The INKEY List,4.4073,9.99,Skincare,Treatments,14,1,1,4,5.3,1,0,0,0,0,2,0,0,0,1,0,0,0,0,0,0,0
P443840,Caffeine Eye Cream,The INKEY List,3.898,10.99,Skincare,Eye Care,33,2,1,7,5.3,3,0,0,1,0,2,0,3,2,2,1,0,0,0,0,0,0
P443833,Salicylic Acid Acne + Pore Cleanser,The INKEY List,4.3775,11.99,Skincare,Cleansers,26,5,5,20,4.5,0,2,3,3,1,2,0,1,2,1,0,1,0,1,0,1,1
P443842,Retinol Anti-Aging Serum,The INKEY List,4.3826,12.99,Skincare,Treatments,31,2,1,7,4.9,3,2,2,0,2,4,0,3,4,4,0,0,0,2,0,2,2
P448802,Brighten-i Eye Cream,The INKEY List,3.7617,12.99,Skincare,Eye Care,30,2,2,8,2.9,0,0,0,0,0,0,0,0,0,0,0,0,0,0,0,0,0
P446942,Niacinamide Oil Control Serum,The INKEY List,4.199,9.99,Skincare,Treatments,23,1,0,3,6.4,3,0,1,1,0,1,0,4,3,3,0,0,0,0,0,0,0
P443830,Polyglutamic Acid Hydrating Serum,The INKEY List,4.3937,14.99,Skincare,Treatments,25,1,1,4,4.5,0,0,0,0,0,0,0,0,0,0,0,0,0,0,0,0,0
P467655,Succinic Acid Acne Treatment,The INKEY List,3.8503,9.99,Skincare,Treatments,22,4,3,15,3.6,1,1,1,1,1,0,0,1,2,1,0,1,0,1,0,1,1
P455369,Peptide Moisturizer,The INKEY List,3.7913,15.99,Skincare,Moisturizers,23,2,2,8,3.1,0,0,0,0,0,1,0,0,0,0,0,0,0,0,0,0,0
P455368,15% Vitamin C and EGF Brightening Serum,The INKEY List,3.9446,15.99,Skincare,Treatments,13,3,3,12,3.7,0,1,1,0,1,2,0,0,1,0,0,0,0,0,0,0,1
P455366,Retinol Eye Cream,The INKEY List,3.9532,12.99,Skincare,Eye Care,29,2,2,8,4.3,0,1,2,0,1,1,0,0,2,2,0,0,0,1,0,1,1
P443843,Q10 Antioxidant Serum,The INKEY List,4.3088,9.99,Skincare,Treatments,26,2,1,7,5.8,4,0,0,0,0,0,0,4,3,3,0,0,0,0,0,0,0
P443846,Collagen Booster Firming Peptide Serum,The INKEY List,4.3103,12.99,Skincare,Treatments,15,0,0,0,5.6,0,0,0,0,0,2,0,0,0,0,0,0,0,0,0,0,0
P479354,Omega Water Cream Moisturizer,The INKEY List,4.073,10.99,Skincare,Moisturizers,17,2,2,8,5.3,3,0,1,1,0,0,0,3,3,3,0,0,0,0,0,0,0
P443841,Vitamin C Brightening Cream,The INKEY List,3.0271,10.99,Skincare,Treatments,4,0,0,0,3.6,0,0,0,0,1,1,0,0,1,0,0,1,0,1,0,0,1
P450614,Tranexamic Acid Hyperpigmentation Treatment,The INKEY List,3.9335,15.99,Skincare,Treatments,23,4,3,15,4.5,2,0,1,1,2,1,0,2,4,2,0,0,0,0,0,0,1
P450262,Polyhydroxy Acid (PHA) Gentle Exfoliating Toner,The INKEY List,4.2619,12.99,Skincare,Cleansers,16,2,1,7,5.7,1,1,2,0,1,1,0,0,2,2,0,0,0,0,0,0,0
P442871,Beta Hydroxy Acid (BHA) Blemish + Blackhead Serum,The INKEY List,4.0835,12.99,Skincare,Treatments,13,3,3,12,3.9,0,2,2,2,1,1,0,0,1,0,0,1,0,1,0,1,1
P447778,Bakuchiol Retinol Alternative Moisturizer,The INKEY List,4.0376,12.99,Skincare,Treatments,19,2,1,7,4.8,1,1,1,0,0,1,0,1,1,1,0,0,0,0,0,0,0
P469088,Fulvic Acid Brightening Cleanser,The INKEY List,4.4203,11.99,Skincare,Cleansers,19,1,1,4,4.5,0,0,0,0,0,0,0,0,0,0,0,0,0,0,0,0,0
P478029,Mini Fulvic Acid Brightening Cleanser,The INKEY List,4.4203,5.99,Skincare,Cleansers,19,1,1,4,4.5,0,0,0,0,0,0,0,0,0,0,0,0,0,0,0,0,0
P450244,Ceramide Hydrating Night Treatment,The INKEY List,4.2899,15.99,Skincare,Treatments,38,3,2,11,5.1,13,0,0,1,0,3,0,4,2,13,0,0,0,0,0,0,0
P455365,"Vitamin B, C, and E Moisturizer",The INKEY List,4.1429,7.99,Skincare,Moisturizers,23,2,2,8,4.8,1,0,1,0,1,2,0,1,2,1,0,0,0,0,0,0,2
P443838,Glycolic Acid Exfoliating Toner,The INKEY List,4.3918,12.99,Skincare,Cleansers,14,2,2,8,4.5,0,1,1,0,1,1,0,0,1,1,0,0,0,1,0,0,1
P443837,Kaolin Mask,The INKEY List,4.3084,7.49,Skincare,Masks,27,2,2,8,3.6,0,0,0,0,0,0,0,0,0,0,0,0,0,0,0,0,0
P479353,Hyaluronic Acid Cleanser,The INKEY List,4.1735,10.99,Skincare,Cleansers,19,3,3,12,3.8,1,0,0,0,0,0,0,1,1,1,0,0,0,0,0,0,0
P479722,Mandelic Acid Treatment,The INKEY List,4.4615,11.99,Skincare,Treatments,29,2,2,8,4.8,0,2,2,0,2,2,0,0,2,2,0,0,0,2,0,1,2
P443834,Rosehip Nourishing Night Oil,The INKEY List,4.1029,11.99,Skincare,Moisturizers,1,0,0,0,4.9,0,0,0,0,0,0,0,0,0,0,0,0,0,0,0,0,0
P448537,Alpha Arbutin Brightening Serum,The INKEY List,4.2174,12.99,Skincare,Treatments,22,2,1,7,5.7,3,0,0,0,0,0,0,3,2,2,0,0,0,0,0,0,0
P502749,SuperSolutions 5% Benzoyl Peroxide Cleanser Acne Solution,The INKEY List,3.7722,17.99,Skincare,Cleansers,16,5,5,20,2.5,0,0,0,0,0,0,0,0,0,0,0,0,0,0,0,0,0
P502691,SuperSolutions 1% Retinol Serum,The INKEY List,4.1558,24.99,Skincare,Treatments,24,3,2,11,4.4,3,1,1,0,1,1,0,3,3,3,0,0,0,1,0,1,1
P474972,Symbright Brightening Moisturizer,The INKEY List,3.3467,13.99,Skincare,Moisturizers,19,2,2,8,2.4,0,0,0,0,0,0,0,0,0,0,0,0,0,0,0,0,0
P502741,SuperSolutions 10% Azelaic Serum Redness Relief Solution,The INKEY List,3.863,17.99,Skincare,Treatments,16,1,1,4,5.6,0,1,1,2,1,1,0,1,1,1,0,0,0,0,0,0,0
P502710,SuperSolutions 20% Niacinamide Serum,The INKEY List,3.8971,17.99,Skincare,Treatments,14,4,3,15,4.3,1,1,1,1,0,1,0,1,1,1,0,0,0,0,0,0,0
P502756,SuperSolutions 10% Urea Moisturizer Textured Skin Solution,The INKEY List,4.1935,19.99,Skincare,Moisturizers,16,2,1,7,5.6,2,0,1,0,0,0,0,1,3,3,0,0,0,0,0,0,0
P469544,C-50 Blemish Night Treatment,The INKEY List,4.1724,15.99,Skincare,Treatments,21,4,4,16,4.0,1,1,2,1,2,2,0,1,3,1,0,1,0,1,0,1,3
P505711,Polyglutamic Acid Dewy Sunscreen SPF 30,The INKEY List,4.8654,14.99,Skincare,Sunscreen,40,3,1,10,4.6,1,0,1,1,0,0,3,1,1,1,0,0,0,3,0,3,0
P500775,Back to Basics: Hydration Heroes Skincare Set,The INKEY List,3.75,27.0,Skincare,Value & Gift Sets,54,4,3,15,4.3,5,0,0,1,0,4,0,4,3,4,1,0,0,0,0,0,1
P476459,Forest Lungs Anti-Stress Fragrance Travel Spray,The Nue Co.,4.2042,30.0,Skincare,Wellness,10,8,8,32,3.0,0,0,0,0,0,0,0,0,0,0,0,0,0,0,0,0,0
P476447,Debloat+ Anti-Bloat Supplement with Digestive Enzymes,The Nue Co.,4.2651,45.0,Skincare,Wellness,7,0,0,0,6.5,1,0,0,1,1,1,0,1,1,1,0,0,0,0,0,0,0
P476538,Prebiotic + Probiotic Vegan Gut Microbiome Supplement,The Nue Co.,4.4356,55.0,Skincare,Wellness,6,0,0,0,5.3,0,0,0,0,0,0,0,0,0,0,0,0,0,0,0,0,0
P476554,Skin Hydrator Ceramide and Hyaluronic Acid Supplement,The Nue Co.,4.1883,45.0,Skincare,Wellness,11,0,0,0,5.0,0,0,0,0,0,0,0,0,0,0,0,0,0,0,0,0,0
P476553,Skin Filter Vitamin A and Zinc Blemish + Brightening Supplement,The Nue Co.,4.1544,45.0,Skincare,Wellness,12,1,1,4,5.4,2,0,0,0,1,3,0,1,1,1,0,1,0,1,0,0,1
P480358,Mini Debloat+ Anti-Bloat Supplement with Digestive Enzymes,The Nue Co.,4.6,18.0,Skincare,Wellness,7,0,0,0,6.9,1,0,0,1,1,1,0,1,1,1,0,0,0,0,0,0,0
P504049,Skin Filter Daily Brightening Phyto-Retinol + AHA Serum,The Nue Co.,5.0,65.0,Skincare,Treatments,28,7,4,25,5.2,1,3,3,2,2,4,0,0,2,2,1,0,0,2,0,0,2
P505209,Barrier Culture Moisturizer with Niacinamide & Squalane,The Nue Co.,5.0,65.0,Skincare,Moisturizers,25,1,0,3,7.4,1,0,3,2,0,1,0,1,2,2,0,0,0,0,0,0,0
P505210,"Barrier Culture Cleanser Pre-, Pro- & Postbiotic Face Wash",The Nue Co.,5.0,42.0,Skincare,Cleansers,19,1,0,3,7.0,1,1,4,2,1,1,0,0,2,2,0,0,0,1,0,0,1
P427417,Niacinamide 10% + Zinc 1% Oil Control Serum,The Ordinary,4.2439,6.0,Skincare,Treatments,11,3,2,11,3.9,0,1,1,1,0,1,0,0,0,0,0,0,0,0,0,0,0
P500423,Multi-Peptide Lash and Brow Serum,The Ordinary,3.9864,14.5,Makeup,Eye,30,3,2,11,4.8,3,0,0,1,0,5,0,1,1,3,1,0,0,0,0,0,0
P427419,Hyaluronic Acid 2% + B5 Hydrating Serum,The Ordinary,4.2133,15.7,Skincare,Treatments,17,2,1,7,4.7,1,0,1,0,0,1,0,0,1,1,0,0,0,0,0,0,0
P442563,AHA 30% + BHA 2% Exfoliating Peeling Solution,The Ordinary,4.5734,9.5,Skincare,Treatments,25,6,4,22,4.5,1,4,5,1,3,2,0,0,5,3,0,1,0,3,0,1,4
P427406,Glycolic Acid 7% Exfoliating Toning Solution,The Ordinary,4.3456,13.0,Skincare,Cleansers,42,4,4,16,4.8,11,1,2,1,1,4,0,1,3,13,0,0,0,1,0,0,1
P427416,Caffeine 5% + EGCG Depuffing Eye Serum,The Ordinary,3.7715,8.9,Skincare,Treatments,26,4,2,14,4.1,2,1,1,1,1,1,0,0,2,2,1,0,0,1,0,0,1
P427414,Natural Moisturizing Factors + HA,The Ordinary,4.1472,6.5,Skincare,Treatments,46,6,5,23,5.0,15,0,1,2,0,4,0,5,5,16,0,0,0,0,0,0,0
P427408,High-Adherence Silicone Primer,The Ordinary,3.902,6.7,Makeup,Face,14,0,0,0,4.7,0,0,0,0,0,0,0,0,0,0,0,0,0,0,0,0,0
P427415,100% Organic Cold-Pressed Rose Hip Seed Oil,The Ordinary,4.3988,10.9,Skincare,Moisturizers,1,0,0,0,5.3,0,0,0,0,0,0,0,0,0,0,0,0,0,0,0,0,0
P427420,Multi-Peptide + HA Serum,The Ordinary,4.1429,30.8,Skincare,Treatments,51,4,3,15,5.0,12,0,2,3,0,10,0,2,2,13,0,0,0,0,0,0,0
P427413,Lactic Acid 10% + HA 2% Exfoliating Serum,The Ordinary,4.5035,8.9,Skincare,Treatments,15,3,1,10,4.4,1,1,1,0,1,1,0,0,1,1,0,0,0,1,0,0,1
P427410,Vitamin C Suspension 23% + HA Spheres 2%,The Ordinary,3.4454,7.8,Skincare,Treatments,15,2,1,7,3.5,1,0,0,0,1,1,0,1,2,1,0,1,0,1,0,0,1
P427411,Azelaic Acid 10% Suspension Brightening Cream,The Ordinary,4.1578,11.1,Skincare,Treatments,17,2,2,8,4.6,0,1,1,1,1,0,0,0,1,1,0,0,0,0,0,0,0
P444718,Squalane Cleanser,The Ordinary,4.0068,9.0,Skincare,Cleansers,20,2,1,7,5.0,1,1,1,0,1,1,0,1,2,2,0,0,0,1,0,0,1
P447598,High-Spreadability Fluid Primer,The Ordinary,4.0462,10.0,Makeup,Face,7,1,0,3,4.3,0,0,0,0,0,0,0,0,0,0,0,0,0,0,0,0,0
P427412,Alpha Arbutin 2% + HA Hyperpigmentation Serum,The Ordinary,4.0411,11.1,Skincare,Treatments,12,3,2,11,3.8,1,1,1,0,1,1,0,0,1,1,0,0,0,1,0,0,1
P427418,Granactive Retinoid* 2% Emulsion,The Ordinary,4.4548,11.7,Skincare,Treatments,31,0,0,0,6.3,1,2,2,1,2,3,0,1,3,3,0,0,0,2,0,3,3
P448530,Salicylic Acid 2% Masque,The Ordinary,4.3736,13.3,Skincare,Masks,19,3,1,10,4.4,1,2,2,1,1,0,0,1,2,1,0,1,0,1,0,1,1
P442754,Ascorbic Acid 8% + Alpha Arbutin 2%,The Ordinary,3.7505,12.2,Skincare,Treatments,3,0,0,0,4.5,0,0,0,0,1,1,0,0,1,0,0,1,0,1,0,0,1
P442758,Mandelic Acid 10% + HA,The Ordinary,4.464,7.5,Skincare,Treatments,13,2,1,7,4.8,0,1,1,0,1,1,0,0,1,1,0,0,0,1,0,0,1
P427409,Vitamin C Suspension 30% in Silicone,The Ordinary,3.6345,8.3,Skincare,Treatments,4,0,0,0,4.4,0,0,0,0,1,1,0,0,1,0,0,1,0,1,0,0,1
P447596,100% Organic Cold-Pressed Moroccan Argan Oil,The Ordinary,4.1709,7.5,Skincare,Moisturizers,1,0,0,0,5.0,0,0,0,0,0,0,0,0,0,0,0,0,0,0,0,0,0
P479732,Salicylic Acid 2% Anhydrous Solution Pore Clearing Serum,The Ordinary,3.8389,7.2,Skincare,Treatments,9,3,1,10,3.6,1,1,1,1,1,0,0,1,2,1,0,1,0,1,0,1,1
P455900,100% Plant-Derived Hemi-Squalane,The Ordinary,4.398,5.0,Skincare,Treatments,1,0,0,0,5.3,0,0,0,0,0,0,0,0,0,0,0,0,0,0,0,0,0
P442752,"""Buffet"" + Copper Peptides 1%",The Ordinary,4.1804,30.9,Skincare,Treatments,49,3,2,11,5.0,12,0,2,3,0,10,0,2,2,13,0,0,0,0,0,0,0
P442753,Argireline Solution 10%,The Ordinary,4.1984,9.4,Skincare,Treatments,11,1,1,4,4.2,0,0,0,0,0,0,0,0,0,0,0,0,0,0,0,0,0
P442757,"""B"" Oil",The Ordinary,4.2286,11.1,Skincare,Moisturizers,19,1,0,3,6.3,2,0,0,1,0,0,0,2,2,2,0,0,0,0,0,0,0
P455899,Marine Hyaluronics,The Ordinary,4.209,8.9,Skincare,Treatments,33,2,2,8,4.7,14,1,2,2,1,7,0,1,2,11,0,1,0,1,0,1,1
P427405,Matrixyl* 10% + HA,The Ordinary,4.3165,10.5,Skincare,Treatments,17,2,2,8,4.2,0,0,0,0,0,3,0,0,0,0,0,0,0,0,0,0,0
P442759,Amino Acids + B5,The Ordinary,4.4123,8.9,Skincare,Treatments,26,0,0,0,7.3,10,0,1,1,0,3,0,1,1,11,0,0,0,0,0,0,0
P504028,Multi-Peptide Eye Serum,The Ordinary,3.9714,25.0,Skincare,Eye Care,34,4,3,15,4.4,3,1,2,2,2,7,0,0,2,5,1,0,0,1,0,0,1
P455898,Pycnogenol 5%,The Ordinary,4.5243,11.1,Skincare,Treatments,2,0,0,0,5.4,0,0,0,0,0,0,0,0,0,0,0,0,0,0,0,0,0
P455338,100% L-Ascorbic Acid Powder,The Ordinary,4.3317,6.4,Skincare,Treatments,1,0,0,0,5.2,0,0,0,0,1,1,0,0,1,0,0,1,0,1,0,0,1
P455339,Lactic Acid 5% + HA,The Ordinary,4.3081,7.8,Skincare,Treatments,15,3,1,10,4.2,1,1,1,0,1,1,0,0,1,1,0,0,0,1,0,0,1
P427404,Ascorbyl Tetraisopalmitate Solution 20% in Vitamin F,The Ordinary,3.8193,19.8,Skincare,Treatments,7,1,0,3,5.2,1,0,0,0,1,1,0,1,2,1,0,0,0,0,0,0,1
P442755,Resveratrol 3% + Ferulic Acid 3%,The Ordinary,4.0,10.0,Skincare,Treatments,3,0,0,0,5.0,0,0,0,0,0,1,0,0,0,0,0,0,0,0,0,0,0
P442756,Ascorbyl Glucoside Solution 12%,The Ordinary,4.0926,14.3,Skincare,Treatments,12,3,3,12,3.3,0,0,0,0,1,1,0,0,1,0,0,0,0,0,0,0,1
P442833,EUK 134 0.1%,The Ordinary,4.35,11.1,Skincare,Treatments,2,0,0,0,5.2,0,0,0,0,0,0,0,0,0,0,0,0,0,0,0,0,0
P482327,Mini Squalane Cleanser,The Ordinary,3.9537,9.0,Skincare,Cleansers,20,2,1,7,4.9,1,1,1,0,1,1,0,1,2,2,0,0,0,1,0,0,1
P468709,100% Niacinamide Powder,The Ordinary,4.3187,6.4,Skincare,Treatments,1,0,0,0,5.2,0,0,0,0,0,0,0,0,0,0,0,0,0,0,0,0,0
P482328,Mini Natural Moisturizing Factors + HA,The Ordinary,3.9213,6.5,Skincare,Treatments,46,6,5,23,4.7,15,0,1,2,0,4,0,5,5,16,0,0,0,0,0,0,0
P447597,100% Organic Virgin Chia Seed Oil,The Ordinary,4.1892,8.5,Skincare,Moisturizers,1,0,0,0,5.0,0,0,0,0,0,0,0,0,0,0,0,0,0,0,0,0,0
P483496,Salicylic Acid 2% Exfoliating Blemish Solution,The Ordinary,4.2535,6.5,Skincare,Treatments,11,3,3,12,4.3,1,1,2,1,1,0,0,0,2,2,0,1,0,1,0,1,1
P455897,Ethylated Ascorbic Acid 15% Solution,The Ordinary,4.0,20.0,Skincare,Treatments,2,0,0,0,5.0,0,0,0,0,0,1,0,0,1,0,0,0,0,0,0,0,1
P479861,The Bright Set,The Ordinary,4.0625,40.7,Skincare,Value & Gift Sets,78,9,6,33,3.9,13,4,5,2,4,8,0,2,8,17,1,0,0,4,0,0,5
P500139,The Skinimalist Set,The Ordinary,4.5,22.0,Skincare,Value & Gift Sets,37,5,3,18,5.0,2,1,2,1,1,2,0,0,2,2,1,0,0,1,0,0,1
P505274,Glucoside Foaming Cleanser,The Ordinary,4.3333,12.5,Skincare,Cleansers,8,1,1,4,4.8,0,1,1,0,0,0,0,0,0,0,0,0,0,0,0,0,0
P504702,Juicy Optimism 7 Piece MakeUp Eraser Set,The Original MakeUp Eraser,4.5,25.0,Makeup,Accessories,1,0,0,0,5.4,0,0,0,0,0,0,0,0,0,0,0,0,0,0,0,0,0
P483475,Earth Day Set,The Original MakeUp Eraser,4.4,25.0,Makeup,Value & Gift Sets,1,0,0,0,5.3,0,0,0,0,0,0,0,0,0,0,0,0,0,0,0,0,0
P500018,Smiley MakeUp Eraser 7-Day Set,The Original MakeUp Eraser,4.875,25.0,Makeup,Accessories,1,0,0,0,5.8,0,0,0,0,0,0,0,0,0,0,0,0,0,0,0,0,0
P504898,Mini Pink Reusable MakeUp Eraser,The Original MakeUp Eraser,5.0,10.0,Makeup,Accessories,1,0,0,0,6.0,0,0,0,0,0,0,0,0,0,0,0,0,0,0,0,0,0
P504073,Ultralight Moisture-Boosting Botanical Oil,The Outset,4.836,44.0,Skincare,Moisturizers,23,1,0,3,6.0,1,0,0,0,0,0,0,1,1,1,0,0,0,0,0,0,0
P483697,Firming Vegan Collagen Prep Serum,The Outset,4.6898,46.0,Skincare,Treatments,37,3,3,12,4.6,0,0,1,0,1,1,0,0,2,1,0,0,0,0,0,0,1
P504076,Exfoliating Revitalizing & Energizing Caffeine Micro Polish,The Outset,4.7705,34.0,Skincare,Cleansers,17,0,0,0,6.7,0,0,0,2,0,1,0,1,0,0,1,0,0,0,0,0,0
P483699,Restorative Niacinamide Night Cream,The Outset,4.6225,54.0,Skincare,Moisturizers,50,4,1,13,4.5,1,0,1,0,0,2,0,0,1,2,0,0,0,0,0,1,1
P483700,Smoothing Vitamin C Eye + Expression Lines Cream,The Outset,4.374,42.0,Skincare,Eye Care,36,6,4,22,4.0,0,0,1,0,1,2,0,0,2,1,0,0,0,0,0,1,2
P483698,Nourishing Squalane Daily Moisturizer,The Outset,4.5893,44.0,Skincare,Moisturizers,45,5,3,18,4.9,1,0,1,0,0,0,0,1,2,2,0,0,0,0,0,0,0
P483696,Gentle Micellar Antioxidant Cleanser,The Outset,4.6937,32.0,Skincare,Cleansers,37,3,3,12,4.6,0,0,1,0,1,1,0,0,2,1,0,0,0,0,0,0,1
P483701,Daily Essentials Travel Set,The Outset,4.5741,50.0,Skincare,Value & Gift Sets,89,6,3,21,5.3,8,0,1,0,1,4,0,1,3,9,0,0,0,0,0,0,1
P422568,Eye Color Quad Eyeshadow Palette,TOM FORD,4.3658,90.0,Makeup,Eye,28,1,0,3,5.8,2,0,0,0,0,1,0,1,1,1,0,0,0,0,0,0,0
P416057,Lip Color Lipstick,TOM FORD,4.5791,59.0,Makeup,Lip,47,3,1,10,5.5,3,0,0,0,0,0,0,3,2,3,0,0,0,0,0,0,0
P416222,Lip Color Matte Lipstick,TOM FORD,4.5879,59.0,Makeup,Lip,49,3,1,10,4.7,2,0,0,0,0,0,0,2,2,2,0,0,1,0,1,0,0
P449372,Gloss Luxe Lip Gloss,TOM FORD,4.6643,59.0,Makeup,Lip,7,0,0,0,6.4,1,0,0,1,0,0,0,1,0,1,0,0,0,0,0,0,0
P459506,Traceless Soft Matte Foundation,TOM FORD,4.3998,90.0,Makeup,Face,55,4,4,16,5.1,4,0,0,2,2,2,0,2,2,4,1,0,0,0,0,0,1
P422453,Traceless Foundation Stick,TOM FORD,4.3422,90.0,Makeup,Face,19,0,0,0,6.6,1,0,0,2,0,0,0,1,1,1,1,0,0,0,0,0,0
P422574,Shade And Illuminate Cream Contour Duo,TOM FORD,4.5059,90.0,Makeup,Face,21,0,0,0,5.4,0,0,0,0,0,0,0,0,0,0,0,0,0,0,0,0,0
P464313,Soleil Balm Frost Lip Balm,TOM FORD,3.3918,58.0,Makeup,Lip,43,0,0,0,4.1,0,0,0,0,0,0,0,0,0,0,0,0,0,0,0,0,0
P429018,Ultra Shine Lip Color,TOM FORD,4.6596,59.0,Makeup,Lip,40,1,1,4,4.8,0,0,0,0,0,0,0,0,0,0,0,0,0,0,0,0,0
P422571,Eye Defining Pen Liquid Eyeliner Duo,TOM FORD,4.5055,62.0,Makeup,Eye,30,3,3,12,3.4,0,0,0,0,0,0,0,0,0,0,0,0,0,0,0,0,0
P443930,Soleil Glow Bronzer,TOM FORD,4.4894,70.0,Makeup,Face,26,1,1,4,4.6,0,0,0,0,0,0,0,0,0,0,0,0,0,0,0,0,0
P481356,Eye Color Crème Eyeshadow Quad,TOM FORD,4.4063,90.0,Makeup,Eye,2,0,0,0,5.3,0,0,0,0,0,0,0,0,0,0,0,0,0,0,0,0,0
P422552,Shade and Illuminate Highlighting Duo,TOM FORD,4.4924,89.0,Makeup,Face,21,0,0,0,5.4,0,0,0,0,0,0,0,0,0,0,0,0,0,0,0,0,0
P476743,Lip Blush Lip Balm,TOM FORD,4.2258,58.0,Makeup,Lip,19,1,1,4,4.3,0,0,0,0,0,0,0,0,0,0,0,0,0,0,0,0,0
P476744,Shade & Illuminate Blush Duo,TOM FORD,4.5987,95.0,Makeup,Cheek,30,2,2,8,4.3,0,0,0,1,0,0,0,0,0,0,1,0,0,0,0,0,0
P443932,Lip Blush,TOM FORD,3.7297,58.0,Makeup,Lip,19,1,1,4,3.7,0,0,0,0,0,0,0,0,0,0,0,0,0,0,0,0,0
P481174,Bitter Peach Lip Color Matte Lipstick,TOM FORD,4.6818,58.0,Makeup,Lip,49,3,1,10,4.8,2,0,0,0,0,0,0,2,2,2,0,0,1,0,1,0,0
P428908,Brow Sculptor,TOM FORD,4.5911,56.0,Makeup,Eye,11,1,1,4,4.7,0,0,0,0,0,0,0,0,0,0,0,0,0,0,0,0,0
P450195,Soleil Neige Shimmering Body Oil,TOM FORD,4.4615,100.0,Bath & Body,Body Moisturizers,26,10,10,40,3.4,0,0,0,0,0,0,0,0,0,0,0,0,0,0,0,0,0
P445433,Emotionproof Mascara,TOM FORD,4.0698,50.0,Makeup,Eye,46,0,0,0,5.5,1,0,0,0,0,0,0,1,0,1,0,0,0,0,0,0,0
P503100,Soleil Neige Eye Color Quad,TOM FORD,2.5,90.0,Makeup,Eye,31,1,0,3,3.6,2,0,0,0,0,1,0,1,1,1,0,0,0,0,0,0,0
P422546,Extreme Mascara,TOM FORD,4.1337,50.0,Makeup,Eye,55,3,2,11,3.8,1,0,0,1,0,0,0,1,0,1,0,0,0,0,0,0,0
P483499,Sheer Cheek Duo,TOM FORD,3.625,84.0,Makeup,Cheek,43,1,0,3,4.5,1,0,0,0,0,0,0,1,1,1,0,0,0,0,0,0,0
P481173,Bitter Peach Eye Colour Eyeshadow Palette,TOM FORD,2.5455,89.0,Makeup,Eye,38,2,2,8,1.9,1,0,0,0,0,0,0,0,0,1,0,0,0,0,0,0,0
P481747,Traceless Soft Matte Primer,TOM FORD,4.342,90.0,Makeup,Face,53,6,6,24,4.2,0,2,2,2,1,1,0,0,1,0,0,1,0,1,0,1,1
P411725,Brow Gel Comb,TOM FORD,3.5,54.0,Makeup,Eye,13,1,1,4,3.4,0,0,0,0,0,0,0,0,0,0,0,0,0,0,0,0,0
P505166,Rose Prick Eye Color Crème Eyeshadow Quad,TOM FORD,3.4286,90.0,Makeup,Eye,44,1,1,4,3.3,0,0,0,0,0,0,0,0,0,0,0,0,0,0,0,0,0
P505165,Rose Prick Lip Color Satin Matte,TOM FORD,4.2713,60.0,Makeup,Lip,49,1,0,3,4.8,1,1,1,0,1,2,0,0,1,1,0,0,0,1,0,0,1
P458271,Most Wanted Lip Color Lipstick Collection,TOM FORD,4.5684,59.0,Makeup,Lip,49,3,1,10,4.7,2,0,0,0,0,0,0,2,2,2,0,0,1,0,1,0,0
P505387,Traceless Soft Matte Concealer,TOM FORD,5.0,60.0,Makeup,Face,25,1,1,4,5.2,0,0,0,0,0,0,0,0,0,0,0,0,0,0,0,0,0
P501516,Eyebrow Laminator,TOM FORD,4.0884,55.0,Makeup,Eye,26,2,1,7,5.1,2,0,0,0,0,2,0,1,1,2,0,0,0,0,0,0,0
P505393,Eye Color Quad - Cherry Collection,TOM FORD,4.2713,90.0,Makeup,Eye,29,1,0,3,4.4,1,0,0,0,0,0,0,1,1,1,0,0,0,0,0,0,0
P381000,Better Than Sex Volumizing & Lengthening Mascara,Too Faced,3.7373,28.0,Makeup,Eye,34,3,3,12,3.3,1,0,0,0,0,0,0,1,1,1,0,0,0,0,0,0,0
P432298,Born This Way Super Coverage Multi-Use Longwear Concealer,Too Faced,4.339,34.0,Makeup,Face,31,2,1,7,3.8,0,0,0,0,0,0,0,0,0,0,0,0,0,0,0,0,0
P397517,Born This Way Natural Finish Longwear Liquid Foundation,Too Faced,4.0437,45.0,Makeup,Face,32,2,1,7,4.9,1,0,0,1,1,1,0,1,2,1,0,0,0,0,0,0,1
P407636,Melted Matte Liquid Lipstick,Too Faced,4.1661,26.0,Makeup,Lip,31,3,1,10,3.0,0,0,0,0,0,2,0,0,0,0,0,0,0,0,0,1,1
P229406,Chocolate Soleil Matte Bronzer,Too Faced,4.625,35.0,Makeup,Cheek,19,3,3,12,3.5,0,0,0,0,0,1,0,0,0,0,0,0,0,0,0,0,1
P378111,Lip Injection Extreme Hydrating Lip Plumper,Too Faced,3.6516,29.0,Makeup,Lip,27,2,1,7,3.2,0,0,0,0,0,1,0,0,0,0,0,0,0,0,0,0,0
P407907,Sweet Peach Eyeshadow Palette,Too Faced,4.4938,49.0,Makeup,Eye,42,5,5,20,3.4,0,0,0,0,1,1,0,0,1,0,0,1,0,1,0,0,1
P387589,Hangover Replenishing Face Primer,Too Faced,4.0941,37.0,Makeup,Face,28,2,1,7,5.3,1,0,2,1,0,1,0,1,2,2,0,0,0,0,0,0,1
P420166,Hangover 3-in-1 Replenishing Primer & Setting Spray,Too Faced,4.2129,36.0,Makeup,Face,27,3,2,11,4.1,2,0,0,0,0,0,0,0,1,2,0,0,0,0,0,0,0
P426850,Diamond Light Highlighter,Too Faced,4.1511,39.0,Makeup,Face,30,1,0,3,5.6,2,0,0,0,0,1,0,1,1,1,0,0,0,0,0,0,0
P202625,Shadow Insurance 24-Hour Eyeshadow Primer,Too Faced,4.0437,26.0,Makeup,Eye,40,4,4,16,4.5,2,0,0,0,0,0,0,2,2,2,0,0,0,0,0,0,0
P407908,Better Than Sex Volumizing & Lengthening Waterproof Mascara,Too Faced,2.9841,28.0,Makeup,Eye,23,3,2,11,1.6,0,0,0,0,0,0,0,0,0,0,0,0,0,0,0,0,0
P455201,Born This Way The Natural Nudes Eyeshadow Palette,Too Faced,3.9965,52.0,Makeup,Eye,50,2,2,8,3.2,0,0,0,0,0,0,0,0,0,0,0,0,0,0,0,0,0
P429602,Natural Eyes Eyeshadow Palette,Too Faced,4.3351,44.0,Makeup,Eye,37,3,3,12,3.2,0,0,0,0,1,1,0,0,1,0,0,1,0,1,0,0,1
P74520,Lip Injection Hydrating & Plumping Lip Gloss,Too Faced,3.7268,26.0,Makeup,Lip,15,2,2,8,2.9,0,0,0,0,0,0,0,0,0,0,0,0,0,0,0,0,0
P467795,Lip Injection Power Plumping Hydrating Lip Gloss,Too Faced,4.4161,26.0,Makeup,Lip,40,1,0,3,5.7,1,1,1,0,1,3,0,0,1,1,0,0,0,1,0,1,2
P504072,Cloud Crush Blurring Blush,Too Faced,4.5428,29.0,Makeup,Cheek,25,2,2,8,3.7,0,0,0,0,0,1,0,0,0,0,0,0,0,0,0,1,1
P429604,Natural Face Palette,Too Faced,4.5449,44.0,Makeup,Makeup Palettes,32,3,3,12,3.5,0,0,0,0,1,1,0,0,1,0,0,1,0,1,0,0,1
P467794,Lip Injection Maximum Plump Extra Strength Hydrating Lip Plumper,Too Faced,4.0842,33.0,Makeup,Lip,30,2,1,7,3.7,0,0,0,0,0,1,0,0,0,0,0,0,0,0,0,0,0
P442803,Peach Puff Long-Wearing Diffused Matte Lip Color,Too Faced,4.2839,19.0,Makeup,Lip,36,3,3,12,3.1,0,0,0,0,0,0,0,0,0,0,0,0,0,0,0,0,0
P460018,Hangover Pillow Balm Ultra-Hydrating Lip Balm,Too Faced,4.494,26.0,Makeup,Lip,65,1,0,3,6.2,1,0,1,1,1,1,0,1,1,1,0,0,0,0,0,0,1
P48406,Sun Bunny Natural Bronzer,Too Faced,4.5176,35.0,Makeup,Cheek,15,1,1,4,4.6,0,0,0,0,1,1,0,0,1,0,0,1,0,1,0,0,1
P458586,Born This Way Matte Longwear Liquid Foundation,Too Faced,4.2657,45.0,Makeup,Face,34,3,2,11,4.1,1,0,0,1,0,0,0,1,1,1,0,0,0,0,0,0,0
P471584,Mini Lip Injection Maximum Plump Extra Strength Hydrating Lip Plumper,Too Faced,3.6645,18.0,Makeup,Mini Size,30,2,1,7,3.2,0,0,0,0,0,1,0,0,0,0,0,0,0,0,0,0,0
P444600,Damn Girl! 24-Hour Mascara,Too Faced,3.1733,29.0,Makeup,Eye,29,2,2,8,2.2,0,0,0,0,0,0,0,0,0,0,0,0,0,0,0,0,0
P439069,Pretty Rich Diamond Light Eyeshadow Palette,Too Faced,4.1953,49.0,Makeup,Eye,64,4,4,16,3.0,0,0,0,0,1,1,0,0,1,0,0,1,0,1,0,0,1
P447123,Born This Way Pressed Powder Foundation,Too Faced,4.0047,39.0,Makeup,Face,34,1,1,4,5.2,1,0,0,0,1,1,0,1,2,1,0,0,0,0,0,0,1
P467151,Killer Liner 36 Hour Waterproof Gel Eyeliner,Too Faced,3.5,23.0,Makeup,Eye,12,0,0,0,4.2,0,0,0,0,0,0,0,0,0,0,0,0,0,0,0,0,0
P441854,Better Than Sex Easy Glide Waterproof Liquid Eyeliner,Too Faced,3.6175,24.0,Makeup,Eye,9,2,2,8,2.7,0,0,0,0,0,0,0,0,0,0,0,0,0,0,0,0,0
P484079,Born This Way Ethereal Light Smoothing Concealer,Too Faced,4.2849,26.0,Makeup,Face,50,2,1,7,5.7,2,0,1,0,0,0,0,2,3,3,0,0,0,0,0,0,0
P502382,Mini Lip Injection Plumping Mobile Lip Plumper Set,Too Faced,4.0,36.0,Makeup,Lip,44,4,3,15,3.0,0,0,0,0,0,1,0,0,0,0,0,0,0,0,0,0,0
P456594,Peach Perfect Instant Coverage Concealer - Peaches and Cream Collection,Too Faced,3.5887,22.0,Makeup,Face,44,5,4,19,2.1,0,0,0,0,0,1,0,0,0,0,0,0,0,0,0,1,1
P480363,Too Femme Heart Core Lipstick,Too Faced,4.625,26.0,Makeup,Lip,37,0,0,0,5.5,0,0,0,0,0,0,0,0,0,0,0,0,0,0,0,0,0
P476747,Lady Bold Cream Lipstick,Too Faced,4.4481,28.0,Makeup,Lip,58,5,4,19,4.1,1,0,0,0,0,0,0,1,1,1,0,0,0,0,0,0,0
P483500,Born This Way Sunset Stripped Eyeshadow Palette,Too Faced,4.543,52.0,Makeup,Eye,63,0,0,0,5.5,0,0,0,0,0,0,0,0,0,0,0,0,0,0,0,0,0
P475179,Lip Injection Power Plumping Cream Liquid Lipstick,Too Faced,3.3548,28.0,Makeup,Lip,29,0,0,0,4.0,0,0,0,0,0,0,0,0,0,0,0,0,0,0,0,0,0
P476746,Lady Bold Waterproof Longwear Lip Liner,Too Faced,4.5546,20.0,Makeup,Lip,25,0,0,0,5.5,0,0,0,0,0,0,0,0,0,0,0,0,0,0,0,0,0
P501036,Cocoa Bold Cream Lipstick,Too Faced,4.4762,28.0,Makeup,Lip,22,1,1,4,4.6,0,0,0,0,0,0,0,0,0,0,0,0,0,0,0,0,0
P484078,Fluff & Hold Laminating Brow Wax,Too Faced,4.0156,25.0,Makeup,Eye,8,1,1,4,4.6,0,0,1,0,0,0,0,0,1,1,0,0,0,0,0,0,0
P467981,Plump & Prime Face Plumping Primer Serum,Too Faced,4.2543,45.0,Makeup,Face,113,14,11,53,4.1,11,1,3,3,3,6,0,4,8,10,1,1,0,2,0,0,2
P475178,Lip Injection Power Plumping Hydrating Liquid Lip Balm,Too Faced,3.5714,26.0,Makeup,Lip,58,1,0,3,4.7,1,0,0,0,1,1,0,1,1,1,0,0,0,0,0,0,1
P501013,Born This Way Ethereal Setting Powder,Too Faced,4.4699,38.0,Makeup,Face,29,2,1,7,4.8,1,0,0,0,0,0,0,1,1,1,0,0,0,0,0,0,0
P501033,Better Than Chocolate Eyeshadow Palette,Too Faced,4.3387,54.0,Makeup,Eye,44,0,0,0,5.4,0,0,0,1,1,1,0,0,1,0,0,1,0,1,0,0,1
P502499,Melted Matte PSL Liquid Lipstick,Too Faced,4.375,26.0,Makeup,Lip,46,9,6,33,3.2,0,0,0,0,0,2,0,0,0,0,0,0,0,0,0,1,1
P501027,Chocolate Soleil Natural Bronzer,Too Faced,4.5028,35.0,Makeup,Cheek,22,2,2,8,3.8,0,0,0,0,0,0,0,0,0,0,0,0,0,0,0,0,0
P504178,Cheek Popper Blushing Highlighter,Too Faced,3.6667,27.0,Makeup,Face,30,6,6,24,2.2,0,0,0,0,0,1,0,0,0,0,0,0,0,0,0,1,1
P473825,Brow Wig Brush on Eyebrow Gel,Too Faced,4.2687,25.0,Makeup,Eye,36,1,1,4,4.3,0,0,0,0,0,0,0,0,0,0,0,0,0,0,0,0,0
P473851,Pomade In A Pencil Eyebrow Shaper & Filler,Too Faced,4.4092,25.0,Makeup,Eye,15,1,1,4,4.5,0,0,0,0,0,0,0,0,0,0,0,0,0,0,0,0,0
P473854,Super Fine Brow Detailer Eyebrow Pencil,Too Faced,4.554,25.0,Makeup,Eye,20,1,1,4,4.7,0,0,0,0,0,0,0,0,0,0,0,0,0,0,0,0,0
P504037,Makeup Insurance Longwear Setting Spray + Blue Light Defense,Too Faced,4.4697,34.0,Makeup,Face,26,5,4,19,4.8,1,0,1,1,0,0,0,0,1,2,1,0,0,0,0,0,0
P505390,Lip Injection Extreme Lip Shaper Plumping Lip Liner,Too Faced,4.4253,24.0,Makeup,Lip,44,0,0,0,5.3,0,0,0,0,0,0,0,0,0,0,0,0,0,0,0,0,0
P505386,Born This Way Healthy Glow Spf 30 Moisturizing Skin Tint,Too Faced,4.2713,42.0,Makeup,Face,63,4,3,15,3.8,3,0,0,0,0,0,0,1,1,3,0,0,0,0,0,0,0
P479355,High Roller Ingrown Hair Tonic with AHA and BHA,Topicals,4.5749,26.0,Bath & Body,Bath & Shower,18,5,4,19,4.5,0,3,3,3,2,3,0,1,2,1,0,1,0,2,0,1,2
P470259,Faded Serum for Dark Spots & Discoloration,Topicals,3.6634,38.0,Skincare,Treatments,37,2,1,7,4.6,3,2,2,2,2,3,0,3,4,4,0,0,0,0,0,1,1
P484080,Mini Faded Serum for Dark Spots & Discoloration,Topicals,3.6634,18.0,Skincare,Treatments,37,2,1,7,4.6,3,2,2,2,2,3,0,3,4,4,0,0,0,0,0,1,1
P481500,Slather Exfoliating Body Serum with Retinol and AHAs,Topicals,4.4477,30.0,Bath & Body,Body Moisturizers,27,5,3,18,4.3,4,3,3,0,3,3,0,2,6,6,0,0,0,3,0,1,3
P474378,Faded Brightening & Clearing Mist,Topicals,3.7778,32.0,Bath & Body,Body Moisturizers,31,2,1,7,4.5,1,1,1,1,5,2,0,0,4,2,0,0,0,1,0,1,1
P474379,"Like Butter Body Hydrating and Soothing Mist for Dry, Sensitive & Eczema-Prone Skin",Topicals,4.0896,30.0,Bath & Body,Body Moisturizers,45,2,0,6,5.3,2,1,2,2,1,2,0,1,2,2,0,0,0,1,0,0,1
P480529,Power Mist Hydrating Hand Sanitizer,Touchland,4.2429,10.0,Bath & Body,Body Care,12,6,4,22,3.1,0,0,0,0,0,0,0,0,0,0,0,0,0,0,0,0,0
P480530,Glow Mist Rejuvenating Hand Sanitizer,Touchland,4.1591,16.0,Bath & Body,Body Care,17,9,7,34,3.4,1,0,0,0,0,0,0,0,0,1,0,0,0,0,0,0,0
P449342,BeachPlease Lip + Cheek Cream Blush,Tower 28 Beauty,4.507,20.0,Makeup,Cheek,31,0,0,0,5.4,0,0,0,0,0,0,0,0,0,0,0,0,0,0,0,0,0
P477829,SunnyDays SPF 30 Tinted Sunscreen Foundation,Tower 28 Beauty,4.2277,32.0,Makeup,Face,31,1,1,4,5.1,1,0,0,0,0,0,0,1,1,1,0,0,0,0,0,0,0
P502484,MakeWaves Lengthening + Volumizing Mascara,Tower 28 Beauty,4.1975,20.0,Makeup,Eye,26,1,1,4,5.6,1,0,1,0,0,1,0,1,2,2,0,0,0,0,0,0,1
P458281,Bronzino Illuminating Cream Bronzer,Tower 28 Beauty,4.172,20.0,Makeup,Cheek,31,0,0,0,5.0,0,0,0,0,0,0,0,0,0,0,0,0,0,0,0,0,0
P448852,SOS Daily Rescue Facial Spray,Tower 28 Beauty,4.2481,12.0,Skincare,Moisturizers,3,1,1,4,4.3,0,0,0,0,0,0,0,0,0,0,0,0,0,0,0,0,0
P504183,JuiceBalm Vegan Tinted Lip Balm,Tower 28 Beauty,4.5195,16.0,Makeup,Lip,17,0,0,0,5.4,0,0,0,0,0,0,0,0,0,0,0,0,0,0,0,0,0
P448855,SuperDew Shimmer-Free Highlight Balm,Tower 28 Beauty,3.7799,18.0,Makeup,Face,27,0,0,0,4.5,0,0,0,0,0,0,0,0,0,0,0,0,0,0,0,0,0
P501332,Dreamy Gleamy Holiday Lip Gloss Duo Set,Tower 28 Beauty,4.6923,22.0,Makeup,Lip,32,1,1,4,4.8,0,0,0,0,0,0,0,0,0,0,0,0,0,0,0,0,0
P504041,OneLiner Lip Liner + Eyeliner + Cheek Pencil,Tower 28 Beauty,4.7322,15.0,Makeup,Lip,18,0,0,0,5.7,0,0,0,0,0,1,0,0,0,0,0,0,0,0,0,0,1
P503943,Sculptino Soft Matte Cream Contour + Bronzer,Tower 28 Beauty,4.6338,20.0,Makeup,Face,29,0,0,0,5.6,0,0,0,0,0,0,0,0,0,0,0,0,0,0,0,0,0
P448853,Mini SOS Daily Rescue Facial Spray,Tower 28 Beauty,3.9091,12.0,Skincare,Moisturizers,3,1,1,4,3.9,0,0,0,0,0,0,0,0,0,0,0,0,0,0,0,0,0
P500121,SOS Intensive Redness Relief Serum,Tower 28 Beauty,4.1902,34.0,Skincare,Treatments,5,1,1,4,4.2,0,0,0,0,0,0,0,0,0,0,0,0,0,0,0,0,0
P475182,The Cult Classic Purifying Face Cleanser,TULA Skincare,3.9064,34.0,Skincare,Cleansers,49,12,11,47,3.7,0,0,2,1,1,2,0,0,2,1,0,1,0,1,0,0,2
P482757,Mini The Cult Classic Purifying Face Cleanser,TULA Skincare,3.9064,12.0,Skincare,Cleansers,49,12,11,47,3.7,0,0,2,1,1,2,0,0,2,1,0,1,0,1,0,0,2
P475185,24-7 Moisture Hydrating Day & Night Cream,TULA Skincare,4.1884,54.0,Skincare,Moisturizers,59,11,8,41,4.4,3,1,6,4,1,2,0,1,3,4,0,0,0,1,0,0,2
P475203,Mini 24-7 Moisture Hydrating Day & Night Cream,TULA Skincare,4.1884,26.0,Skincare,Moisturizers,59,11,8,41,4.4,3,1,6,4,1,2,0,1,3,4,0,0,0,1,0,0,2
P475190,Rose Glow + Get It Cooling & Brightening Eye Balm,TULA Skincare,4.0732,32.0,Skincare,Eye Care,37,2,1,7,5.1,2,1,3,2,1,1,0,0,2,3,1,0,0,1,0,0,1
P475181,Glow + Get It Cooling & Brightening Eye Balm,TULA Skincare,3.9578,30.0,Skincare,Eye Care,32,1,1,4,5.1,1,0,1,2,0,0,0,0,0,1,1,0,0,0,0,0,0
P475194,Brightening Treatment Drops Triple Vitamin C Serum,TULA Skincare,4.2572,56.0,Skincare,Treatments,38,5,3,18,4.1,3,1,3,1,3,4,0,1,6,4,0,1,0,2,0,0,4
P481748,Bright Start Vitamin C Antioxidant Brightening Moisturizer,TULA Skincare,4.4061,56.0,Skincare,Moisturizers,63,7,5,26,4.3,2,1,5,3,3,5,0,0,5,3,0,0,0,1,0,0,4
P482753,Protect + Glow Daily Sunscreen Gel Broad Spectrum SPF 30,TULA Skincare,4.4256,38.0,Skincare,Sunscreen,41,6,2,20,4.3,3,1,2,1,1,2,2,1,1,2,0,0,0,3,0,2,1
P475201,24-7 Power Swipe Hydrating Day & Night Treatment Eye Balm,TULA Skincare,4.2595,38.0,Skincare,Eye Care,58,3,1,10,4.7,4,1,4,4,1,2,0,1,2,4,1,0,0,1,0,0,1
P484081,Eye Recharge + Replenish Pro-Ferm Overnight Eye Cream with Bakuchiol and Peptides,TULA Skincare,4.5397,56.0,Skincare,Eye Care,55,6,2,20,5.0,7,2,6,5,1,3,0,6,7,8,0,0,0,1,0,0,1
P503652,24-7 Moisture Intense Ultra Hydrating Day & Night Cream with Hyaluronic Acid + Squalane,TULA Skincare,4.4182,58.0,Skincare,Moisturizers,61,8,5,29,4.7,5,1,4,3,1,2,0,3,4,5,0,0,0,1,0,0,2
P475180,On The Go Best Sellers Travel Kit,TULA Skincare,4.2366,49.0,Skincare,Value & Gift Sets,124,20,16,76,4.1,5,1,6,4,4,6,0,2,8,6,0,2,0,3,0,0,6
P475188,Instant De-Puff Eye Renewal Serum,TULA Skincare,4.2105,58.0,Skincare,Treatments,47,7,4,25,4.1,2,1,4,2,2,4,0,0,3,2,0,1,0,2,0,0,3
P501316,Beauty Sleep Overnight Repair Treatment Cream with AHA's and Vitamin C,TULA Skincare,4.0417,68.0,Skincare,Moisturizers,76,12,9,45,3.9,4,2,5,3,3,4,0,1,4,4,0,0,0,2,0,0,3
P475189,Secret Solutions Pro-Glycolic 10% Resurfacing Toner,TULA Skincare,4.1343,46.0,Skincare,Cleansers,28,4,3,15,4.2,1,2,3,1,2,2,0,0,2,2,0,0,0,2,0,0,2
P482754,Mineral Magic Oil-Free Mineral Sunscreen Fluid Broad Spectrum SPF 30,TULA Skincare,4.3548,38.0,Skincare,Sunscreen,74,10,7,37,4.8,2,1,4,4,1,1,0,0,1,2,0,0,0,1,0,0,1
P475197,Balancing Act Purifying & pH Balancing Biodegradable Toner Pads,TULA Skincare,4.0545,36.0,Skincare,Cleansers,59,6,3,21,4.5,2,2,6,3,1,1,0,0,2,3,0,0,0,1,0,0,1
P475184,Hello Radiance Illuminating Serum,TULA Skincare,4.2182,68.0,Skincare,Treatments,42,4,3,15,4.3,1,0,2,1,1,2,0,0,2,2,0,1,0,1,0,0,2
P475195,Protect + Plump Firming & Hydrating Face Moisturizer,TULA Skincare,3.963,64.0,Skincare,Moisturizers,64,6,3,21,3.8,6,2,3,1,3,7,0,4,7,6,0,0,0,1,0,1,4
P475192,So Poreless Deep Exfoliating Blackhead Scrub,TULA Skincare,3.9038,34.0,Skincare,Cleansers,51,6,2,20,4.3,2,1,2,2,1,1,0,1,2,2,0,0,0,1,0,0,1
P475183,So Polished Exfoliating Sugar Scrub,TULA Skincare,4.32,34.0,Skincare,Cleansers,27,6,4,22,4.6,1,1,2,1,1,1,0,0,1,1,0,0,0,1,0,0,1
P475204,Sensitive Skin Treatment Drops Calming Vitamin B Serum,TULA Skincare,4.1489,48.0,Skincare,Treatments,40,5,3,18,4.6,1,1,5,2,1,1,0,0,3,3,0,0,0,1,0,0,1
P475193,Wrinkle Treatment Drops Retinol Alternative Serum,TULA Skincare,4.2979,68.0,Skincare,Treatments,46,5,2,17,4.8,5,3,6,3,2,3,0,3,6,6,0,0,0,1,0,0,1
P475186,Revive + Rewind Revitalizing Eye Cream,TULA Skincare,4.2391,52.0,Skincare,Eye Care,47,8,5,29,4.1,2,1,3,1,2,4,0,1,4,3,0,1,0,2,0,0,3
P475196,So Smooth Resurfacing & Brightening Fruit Enzyme Mask,TULA Skincare,4.25,36.0,Skincare,Masks,33,5,4,19,4.3,2,3,4,1,3,3,0,0,3,3,0,0,0,2,0,0,2
P475200,Your Best Skin at Every Age Firming & Smoothing Discovery Kit,TULA Skincare,3.8293,66.0,Skincare,Value & Gift Sets,172,20,13,73,3.6,11,4,9,5,5,12,0,5,11,10,0,1,0,3,0,1,6
P475187,Firm Up Deep Wrinkle Serum,TULA Skincare,4.1579,84.0,Skincare,Treatments,41,5,3,18,4.2,0,0,2,1,1,3,0,0,2,1,0,1,0,1,0,0,2
P482755,Claydate Detoxifying & Toning Face Mask Stick,TULA Skincare,4.3333,36.0,Skincare,Masks,38,4,3,15,4.8,2,1,6,4,1,1,0,0,2,3,0,0,0,1,0,0,1
P475198,Prime of Your Life Smoothing & Firming Treatment Primer,TULA Skincare,3.7917,42.0,Makeup,Face,63,1,0,3,5.8,0,0,5,4,1,3,0,0,2,1,0,0,0,0,0,0,1
P475191,Brighten Up Smoothing Primer Gel,TULA Skincare,4.3036,34.0,Makeup,Face,37,8,6,30,4.6,1,1,2,1,1,1,0,0,1,1,0,0,0,1,0,0,1
P505409,"24-7 Ultra Hydration Triple-Hydra Complex Day & Night Serum with Hyaluronic Acid, Squalane & Collagen",TULA Skincare,4.2713,48.0,Skincare,Treatments,48,6,3,21,3.8,3,1,4,3,1,1,0,1,2,3,0,0,0,1,0,0,1
P263504,All Nighter Long-Lasting Makeup Setting Spray,Urban Decay,4.447,36.0,Makeup,Face,25,2,2,8,3.7,0,0,0,0,0,0,0,0,0,0,0,0,0,0,0,0,0
P409523,Vice Hydrating Lipstick,Urban Decay,4.5825,21.0,Makeup,Lip,33,0,0,0,5.5,0,0,0,0,0,0,0,0,0,0,0,0,0,0,0,0,0
P133707,24/7 Glide-On Waterproof Eyeliner Pencil,Urban Decay,4.3773,25.0,Makeup,Eye,15,2,1,7,3.9,0,0,0,0,0,0,0,0,0,0,0,0,0,0,0,0,0
P309813,24/7 Eyeshadow,Urban Decay,4.5045,21.0,Makeup,Eye,16,1,1,4,5.0,0,0,0,1,1,1,0,0,1,0,1,1,0,1,0,0,1
P384099,Naked3 Eyeshadow Palette,Urban Decay,4.3522,59.0,Makeup,Eye,15,1,1,4,4.4,0,0,0,0,1,1,0,0,1,0,0,1,0,1,0,0,1
P284716,Eyeshadow Primer Potion,Urban Decay,4.5273,27.0,Makeup,Eye,20,2,1,7,4.0,0,0,0,0,0,0,0,0,0,0,0,0,0,0,0,0,0
P74312,Heavy Metal Glitter Eyeliner,Urban Decay,4.584,25.0,Makeup,Eye,36,3,3,12,3.5,0,0,0,0,0,0,0,0,0,0,0,0,0,0,0,0,0
P378821,24/7 Moondust Eyeshadow,Urban Decay,4.6801,24.0,Makeup,Eye,15,1,1,4,5.2,0,0,0,1,0,0,0,0,0,0,1,0,0,0,0,0,0
P420913,Naked Heat Eyeshadow Palette,Urban Decay,4.6585,59.0,Makeup,Eye,42,3,3,12,3.6,0,0,0,0,1,1,0,0,1,0,0,1,0,1,0,0,1
P219001,24/7 Glide-On Lip Pencil,Urban Decay,4.4068,25.0,Makeup,Lip,33,1,0,3,4.7,0,0,0,0,0,1,0,0,0,0,0,0,0,0,0,0,1
P277222,De-Slick Oil-Control Makeup Setting Spray,Urban Decay,3.9422,36.0,Makeup,Face,30,7,7,28,2.7,0,0,0,0,0,0,0,0,0,0,0,0,0,0,0,0,0
P410548,All Nighter Liquid Foundation,Urban Decay,3.4258,40.0,Makeup,Face,20,3,2,11,2.3,0,0,0,1,0,0,0,0,0,0,0,0,0,0,0,0,0
P387956,Perversion Volumizing Mascara,Urban Decay,3.9338,28.0,Makeup,Eye,29,3,2,11,3.5,1,0,0,0,0,0,0,1,1,1,0,0,0,0,0,0,0
P381306,Eyeshadow Primer Potion - Anti-Aging,Urban Decay,4.027,27.0,Makeup,Eye,33,2,1,7,4.0,1,0,0,0,0,2,0,0,0,0,0,0,0,0,0,0,0
P447143,Stay Naked Weightless Foundation,Urban Decay,4.117,40.0,Makeup,Face,33,2,2,8,3.5,0,0,0,1,0,0,0,0,0,0,0,0,0,0,0,0,0
P440905,Brow Blade Waterproof Eyebrow Pencil & Ink Stain,Urban Decay,4.1106,28.0,Makeup,Eye,30,1,1,4,4.1,0,0,0,0,0,0,0,0,0,0,0,0,0,0,0,0,0
P440907,Naked Reloaded Eyeshadow Palette,Urban Decay,4.0458,50.0,Makeup,Eye,44,3,3,12,2.9,0,0,0,0,1,1,0,0,1,0,0,1,0,1,0,0,1
P468712,Naked Wild West Eyeshadow Palette,Urban Decay,4.4483,49.0,Makeup,Eye,35,2,2,8,3.7,0,0,0,0,1,1,0,0,1,0,0,1,0,1,0,0,1
P474380,Mini Naked3 Eyeshadow Palette,Urban Decay,4.3865,33.0,Makeup,Eye,25,1,1,4,4.5,0,0,0,0,1,1,0,0,1,0,0,1,0,1,0,0,1
P467658,Hydromaniac Glowy Tinted Hydrator Foundation,Urban Decay,4.3181,33.0,Makeup,Face,32,4,3,15,4.2,1,0,1,0,0,0,0,0,1,2,0,0,0,0,0,0,0
P447553,Stay Naked Correcting Concealer,Urban Decay,4.345,30.0,Makeup,Face,36,4,2,14,4.4,1,0,0,0,1,3,0,0,1,1,0,0,0,0,0,0,1
P501181,Vice Lip Bond Glossy Liquid Lipstick,Urban Decay,4.3876,27.0,Makeup,Lip,18,0,0,0,5.3,0,0,0,0,0,0,0,0,0,0,0,0,0,0,0,0,0
P431455,All Nighter Waterproof Setting Powder,Urban Decay,4.1881,35.0,Makeup,Face,13,0,0,0,5.0,0,0,0,0,0,0,0,0,0,0,0,0,0,0,0,0,0
P401771,24/7 Waterline Eye Pencil,Urban Decay,3.3484,25.0,Makeup,Eye,20,0,0,0,4.0,0,0,0,0,0,0,0,0,0,0,0,0,0,0,0,0,0
P432630,24/7 Glide-On Eye Pencil - Born To Run Collection,Urban Decay,4.4167,25.0,Makeup,Eye,33,2,1,7,3.9,0,0,0,0,0,1,0,0,0,0,0,0,0,0,0,0,1
P387594,Subversion Lash Primer,Urban Decay,4.2685,26.0,Makeup,Eye,25,1,1,4,4.3,0,0,0,0,0,1,0,0,0,0,0,0,0,0,0,0,1
P482758,All Nighter Long-Lasting Makeup Setting Spray with Vitamin C,Urban Decay,4.6683,36.0,Makeup,Face,16,5,5,20,4.0,0,0,0,0,1,1,0,0,1,0,0,0,0,0,0,0,1
P454337,All Nighter Face Primer,Urban Decay,4.3129,38.0,Makeup,Face,25,2,2,8,4.8,1,0,0,0,1,3,0,0,1,1,0,0,0,0,0,0,1
P395733,Ultimate Ozone Multipurpose Primer Pencil,Urban Decay,4.052,22.0,Makeup,Lip,18,2,0,6,3.7,0,0,0,0,0,1,0,0,0,0,0,0,0,0,0,0,1
P501510,UD x Robin Eisenberg All Nighter Setting Spray Duo Set,Urban Decay,5.0,42.0,Makeup,Value & Gift Sets,30,7,7,28,4.0,0,0,0,0,0,0,0,0,0,0,0,0,0,0,0,0,0
P503994,Quickie 24H Multi-Use Hydrating Full-Coverage Concealer,Urban Decay,4.3813,33.0,Makeup,Face,29,3,2,11,3.5,0,0,0,1,0,0,0,0,0,0,0,0,0,0,0,0,0
P415988,Quick Fix Hydracharged Complexion Prep Priming Spray,Urban Decay,4.13,36.0,Makeup,Face,24,7,7,28,4.6,1,3,3,3,1,1,0,1,2,2,1,0,0,1,0,0,1
P461544,Ultra Glow All Nighter Setting Spray,Urban Decay,4.5442,36.0,Makeup,Face,30,2,2,8,3.9,0,0,0,0,0,0,0,0,0,0,0,0,0,0,0,0,0
P453943,All Nighter Ultra Matte Makeup Setting Spray,Urban Decay,3.5157,36.0,Makeup,Face,27,2,2,8,2.6,0,0,0,0,0,0,0,0,0,0,0,0,0,0,0,0,0
P461545,Ultra Glow All Nighter Primer,Urban Decay,4.5057,38.0,Makeup,Face,17,2,2,8,3.8,0,0,0,0,0,0,0,0,0,0,0,0,0,0,0,0,0
P437925,24/7 Glide-On Eye Pencil - Naked Cherry Collection,Urban Decay,3.8696,25.0,Makeup,Eye,33,2,1,7,3.2,0,0,0,0,0,1,0,0,0,0,0,0,0,0,0,0,1
P446816,24/7 Glide-On Eye Pencil - Sparkle Out Loud Collection,Urban Decay,4.5449,25.0,Makeup,Eye,29,3,2,11,3.5,0,0,0,0,0,0,0,0,0,0,0,0,0,0,0,0,0
P454606,Stay Naked The Fix Powder Foundation,Urban Decay,4.1551,40.0,Makeup,Face,32,2,2,8,4.0,0,0,1,0,0,0,0,0,1,1,0,0,0,0,0,0,0
P454338,"Stay Naked Threesome Blush, Bronzer, & Highlighter Palette",Urban Decay,2.9818,38.0,Makeup,Cheek,26,1,1,4,2.8,0,0,0,0,0,0,0,0,0,0,0,0,0,0,0,0,0
P463116,Mini All Nighter Ultra Matte Setting Spray,Urban Decay,4.0,16.0,Makeup,Face,27,2,2,8,3.2,0,0,0,0,0,0,0,0,0,0,0,0,0,0,0,0,0
P456357,Inked Brow Gel,Urban Decay,4.0236,26.0,Makeup,Eye,14,1,1,4,4.0,0,0,0,0,0,0,0,0,0,0,0,0,0,0,0,0,0
P445423,Perversion Waterproof Mascara,Urban Decay,3.9231,28.0,Makeup,Eye,42,2,1,7,3.3,0,0,0,0,0,0,0,0,0,0,0,0,0,0,0,0,0
P445424,Perversion Waterproof Liquid Eyeliner,Urban Decay,3.4397,25.0,Makeup,Eye,13,3,2,11,2.1,0,0,0,0,0,0,0,0,0,0,0,0,0,0,0,0,0
P455265,Mini Stay Naked Correcting Concealer,Urban Decay,3.9091,14.0,Makeup,Face,36,4,2,14,3.9,1,0,0,0,1,3,0,0,1,1,0,0,0,0,0,0,1
P463117,Mini All Nighter Complexion Primer,Urban Decay,2.9,16.0,Makeup,Face,25,2,2,8,3.1,1,0,0,0,1,3,0,0,1,1,0,0,0,0,0,0,1
P503573,UD x Robin Eisenberg Good to Go Mini Eye Set,Urban Decay,4.3333,25.0,Makeup,Eye,58,5,3,18,4.0,1,0,0,0,0,1,0,1,1,1,0,0,0,0,0,0,1
P456361,Brow Beater Waterproof Brow Pencil & Spoolie,Urban Decay,3.8846,24.0,Makeup,Eye,13,0,0,0,4.7,0,0,0,0,0,0,0,0,0,0,0,0,0,0,0,0,0
P503579,UD x Robin Eisenberg 24/7 Glide-On Waterproof Eyeliner Pencil Holidaze Set,Urban Decay,4.2222,23.0,Makeup,Eye,19,0,0,0,5.1,0,0,0,0,0,0,0,0,0,0,0,0,0,0,0,0,0
P482077,Wild Lash Plant-Powered Volumizing Mascara,Urban Decay,4.2784,28.0,Makeup,Eye,19,1,1,4,4.3,0,0,0,0,0,0,0,0,0,0,0,0,0,0,0,0,0
P446821,Heavy Metal Glitter Eyeliner - Sparkle Out Loud Collection,Urban Decay,4.2713,25.0,Makeup,Eye,36,3,3,12,2.2,0,0,0,0,0,0,0,0,0,0,0,0,0,0,0,0,0
P479501,Rosso Valentino High Pigment Refillable Lipstick,Valentino,4.5093,45.0,Makeup,Lip,38,5,5,20,3.6,0,0,0,1,0,0,0,0,0,0,0,0,0,0,0,0,0
P479473,Eye2Cheek Eyeshadow and Blush,Valentino,4.3627,52.0,Makeup,Eye,33,7,7,28,3.4,0,0,0,1,0,0,0,0,0,0,0,0,0,0,0,0,0
P479508,Twin Liner Gel and Liquid Eyeliner,Valentino,4.2576,40.0,Makeup,Eye,37,6,3,21,3.1,0,0,0,0,0,0,0,0,0,0,0,0,0,0,0,0,0
P479471,Dreamdust Glitter Eyeshadow,Valentino,4.0209,32.0,Makeup,Eye,25,2,1,7,4.4,1,0,0,1,0,0,0,1,1,1,0,0,0,0,0,0,0
P479462,Brow Trio Eyebrow Liner,Valentino,4.5476,40.0,Makeup,Eye,29,1,1,4,4.7,0,0,0,0,0,0,0,0,0,0,0,0,0,0,0,0,0
P479510,V-Lighter Illuminating Face Primer and Highlighter with Hyaluronic Acid,Valentino,4.2638,58.0,Makeup,Face,37,7,7,28,5.1,2,0,2,2,0,1,0,1,1,2,0,0,0,0,0,0,0
P479487,Magnificent Smudgeproof Volumizing Mascara,Valentino,4.2562,32.0,Makeup,Eye,35,1,1,4,4.3,0,0,0,0,0,0,0,0,0,0,0,0,0,0,0,0,0
P479463,Color Flip Eyeshadow Palette,Valentino,4.3837,98.0,Makeup,Eye,53,4,3,15,4.3,1,0,0,1,0,0,0,1,1,1,0,0,0,0,0,0,0
P479479,Go-Clutch Finishing Powder Refill Pan,Valentino,4.0,50.0,Makeup,Face,31,7,7,28,3.0,0,0,0,1,0,0,0,0,0,0,0,0,0,0,0,0,0
P479500,Rosso Valentino Lipstick Refill,Valentino,4.4552,30.0,Makeup,Lip,33,6,6,24,3.5,0,0,0,1,0,0,0,0,0,0,0,0,0,0,0,0,0
P479480,Go-Clutch Refillable Radiant Setting Powder,Valentino,2.6667,205.0,Makeup,Face,31,7,7,28,1.4,0,0,0,1,0,0,0,0,0,0,0,0,0,0,0,0,0
P479472,Dreamdust Lip and Cheek Loose Glitter,Valentino,4.2713,32.0,Makeup,Eye,17,2,2,8,2.8,0,0,0,1,0,0,0,0,0,0,0,0,0,0,0,0,0
P473009,GRO Volumizing Lash Serum,Vegamour,4.3617,72.0,Makeup,Eye,16,1,0,3,5.4,0,0,1,0,0,1,0,0,1,1,0,0,0,0,0,0,0
P473010,GRO Volumizing Brow Serum,Vegamour,4.2486,72.0,Makeup,Eye,16,1,0,3,5.3,0,0,1,0,0,1,0,0,1,1,0,0,0,0,0,0,0
P429277,Effortless - No Trim - Natural Lash Collection,Velour Lashes,4.4301,26.0,Makeup,Eye,2,0,0,0,5.3,0,0,0,0,0,0,0,0,0,0,0,0,0,0,0,0,0
P429278,Effortless Kit - No Trim No Measure Natural Lash Kit,Velour Lashes,3.9385,29.0,Makeup,Eye,2,0,0,0,4.7,0,0,0,0,0,0,0,0,0,0,0,0,0,0,0,0,0
P477378,Magnetic Effortless Kit - No Trim No Measure Magnetic Lash Kit,Velour Lashes,4.1141,35.0,Makeup,Eye,12,2,2,8,3.3,0,0,0,0,0,0,0,0,0,0,0,0,0,0,0,0,0
P468423,Vegan Mink Luxe Lash Collection,Velour Lashes,4.8123,27.0,Makeup,Eye,1,0,0,0,5.8,0,0,0,0,0,0,0,0,0,0,0,0,0,0,0,0,0
P477379,Magnetic Effortless - No Trim Natural Lash Collection,Velour Lashes,4.4412,28.0,Makeup,Eye,3,0,0,0,5.3,0,0,0,0,0,0,0,0,0,0,0,0,0,0,0,0,0
P460561,Fluff'n Brow Pencil - 3-in-1 Brow Pencil and Balm,Velour Lashes,4.5788,25.0,Makeup,Eye,29,2,0,6,4.3,0,0,0,0,0,0,0,0,0,0,0,0,0,0,0,0,0
P477377,Lash & Go Eyeliner 3-in-1 Eyeliner + Magnetic Lash Adhesive,Velour Lashes,4.3614,25.0,Makeup,Eye,8,1,1,4,4.4,0,0,0,0,0,0,0,0,0,0,0,0,0,0,0,0,0
P449085,The Glamoureyes Kit,Velour Lashes,3.4091,29.0,Makeup,Eye,5,1,1,4,3.3,0,0,0,0,0,0,0,0,0,0,0,0,0,0,0,0,0
P471585,Pretty Big Deal Tubing Mascara & Peptide Lash Serum,Velour Lashes,4.0888,26.0,Makeup,Eye,35,3,3,12,3.7,0,0,1,0,0,1,0,0,1,1,0,0,0,0,0,0,0
P481177,Long & Strong Lash Serum,Velour Lashes,4.1989,42.0,Makeup,Eye,53,5,5,20,4.8,11,1,1,1,1,7,0,1,2,11,0,0,0,0,0,0,1
P501532,Plant Fibre Lash Collection,Velour Lashes,4.7778,24.0,Makeup,Eye,2,0,0,0,5.7,0,0,0,0,0,0,0,0,0,0,0,0,0,0,0,0,0
P481176,24hr Lash Care Kit,Velour Lashes,4.063,30.0,Makeup,Value & Gift Sets,81,8,8,32,4.7,11,1,2,1,1,7,0,1,3,12,0,0,0,0,0,0,1
P476749,Body Wash,Verb,4.5097,20.0,Bath & Body,Bath & Shower,42,13,12,51,4.4,1,0,1,0,0,0,0,0,1,2,0,0,0,0,0,0,0
P476750,Body Lotion,Verb,4.5638,20.0,Bath & Body,Body Moisturizers,28,2,2,8,3.9,0,0,0,0,0,0,0,0,0,0,0,0,0,0,0,0,0
P306816,Bright Crystal Body Lotion,Versace,4.1333,55.0,Bath & Body,Body Moisturizers,19,4,2,14,3.0,0,0,0,0,0,0,0,0,0,0,0,0,0,0,0,0,0
P425705,HG - PRO Eyeshadow Palette,Violet Voss,4.6085,45.0,Makeup,Eye,18,0,0,0,6.3,1,0,0,0,0,0,0,1,1,1,0,0,0,0,0,0,0
P428123,Hashtag - PRO Eyeshadow Palette,Violet Voss,4.5527,45.0,Makeup,Eye,18,0,0,0,6.3,1,0,0,0,0,0,0,1,1,1,0,0,0,0,0,0,0
P460733,Sakura Blossom Eyeshadow and Pressed Pigment Palette,Violet Voss,4.775,42.0,Makeup,Eye,31,1,1,4,4.9,0,0,0,0,0,0,0,0,0,0,0,0,0,0,0,0,0
P454982,Matte Vibes Eyeshadow Palette,Violet Voss,4.2308,30.0,Makeup,Eye,19,1,1,4,5.1,1,0,0,0,0,0,0,1,1,1,0,0,0,0,0,0,0
P468858,I Love U Cherry Much Eyeshadow Palette,Violet Voss,4.8,42.0,Makeup,Eye,40,1,1,4,5.8,1,0,0,0,0,0,0,1,1,1,0,0,0,0,0,0,0
P483707,Mini Soft Butterfly Kisses Eyeshadow Palette,Violet Voss,5.0,20.0,Makeup,Mini Size,24,1,1,4,5.2,0,0,0,0,0,0,0,0,0,0,0,0,0,0,0,0,0
P428669,Petit PRO 2 Eyeshadow Palette,Viseart,3.8247,30.0,Makeup,Eye,14,1,1,4,3.8,0,0,0,0,0,0,0,0,0,0,0,0,0,0,0,0,0
P455558,Moisture Boost Lip Shine,Viseart,4.1304,19.0,Makeup,Lip,18,0,0,0,5.2,0,0,0,0,0,1,0,0,0,0,0,0,0,0,0,0,0
P428668,Baggage Claim Eye Masks,Wander Beauty,4.0796,26.0,Skincare,Eye Care,40,0,0,0,6.9,12,0,0,3,0,5,0,3,1,12,0,0,0,0,0,0,0
P437367,Nude Illusion Liquid Foundation,Wander Beauty,4.1,40.0,Makeup,Face,39,4,3,15,3.7,0,0,0,2,0,1,0,1,0,0,0,0,0,0,0,0,0
P411529,Wanderlust Powder Foundation,Wander Beauty,4.0729,40.0,Makeup,Face,29,0,0,0,5.5,0,0,0,1,0,1,0,1,0,0,0,0,0,0,0,0,0
P414160,Unlashed Volume & Curl Mascara,Wander Beauty,4.2124,12.0,Makeup,Eye,34,4,4,16,3.5,1,0,0,0,0,0,0,0,0,1,0,0,0,0,0,0,0
P481391,On-the-Glow Blush & Illuminator,Wander Beauty,4.7329,38.0,Makeup,Face,24,2,2,8,4.1,0,0,0,0,0,0,0,0,0,0,0,0,0,0,0,0,0
P417143,Dualist Matte and Illuminating Concealer,Wander Beauty,4.2169,30.0,Makeup,Face,32,1,1,4,4.3,0,0,0,0,0,0,0,0,0,0,0,0,0,0,0,0,0
P407107,Flash Focus Hydrating Foundation Stick,Wander Beauty,4.1441,40.0,Makeup,Face,36,0,0,0,5.0,0,0,0,0,0,1,0,0,0,0,0,0,0,0,0,0,1
P458941,Mini Unlashed Volume and Curl Mascara,Wander Beauty,4.1699,12.0,Makeup,Mini Size,34,4,4,16,3.4,1,0,0,0,0,0,0,0,0,1,0,0,0,0,0,0,0
P437960,Baggage Claim Rose Gold Eye Masks,Wander Beauty,4.0986,26.0,Skincare,Eye Care,40,0,0,0,6.9,12,0,0,3,0,5,0,3,1,12,0,0,0,0,0,0,0
P476920,Upgraded Lashes Thickening Mascara,Wander Beauty,4.0965,26.0,Makeup,Eye,28,3,3,12,2.9,0,0,0,0,0,0,0,0,0,0,0,0,0,0,0,0,0
P481370,Lip Retreat Oil,Wander Beauty,4.4318,22.0,Makeup,Lip,15,1,1,4,4.5,0,0,0,0,0,0,0,0,0,0,0,0,0,0,0,0,0
P503635,Pack Up & Glow Priming Mineral SPF 40,Wander Beauty,4.25,36.0,Skincare,Sunscreen,53,5,3,18,5.1,4,0,0,2,0,1,0,4,3,4,0,0,0,0,0,0,0
P501165,SHIKULIME Mega Hydrating Moisturizer,WASO,4.6605,36.0,Skincare,Moisturizers,45,4,3,15,5.6,3,0,1,0,0,1,0,1,2,3,0,0,0,0,0,0,0
P501187,SHIKULIME Gel-to-Oil Cleanser,WASO,4.4249,28.0,Skincare,Cleansers,28,2,1,7,4.9,1,0,1,0,0,0,0,0,1,2,0,0,0,0,0,0,0
P501188,SATOCANE Pore Purifying Scrub Mask,WASO,4.5729,38.0,Skincare,Masks,25,2,1,7,4.1,0,0,0,0,0,0,0,0,0,0,0,0,0,0,0,0,0
P501170,SHIKULIME Color Control Oil-Free Moisturizer SPF 30,WASO,4.1776,36.0,Skincare,Moisturizers,35,4,3,15,3.4,1,0,0,0,0,0,0,0,0,1,0,0,0,0,0,0,0
P501171,YUZU-C Beauty Sleeping Mask,WASO,4.595,38.0,Skincare,Masks,40,4,3,15,3.9,1,0,0,0,0,0,0,0,0,1,0,0,0,0,0,0,0
P501189,KOSHIRICE Acne Calming Spot Treatment,WASO,4.2212,25.0,Skincare,Treatments,23,2,2,8,3.7,0,1,1,1,1,0,0,0,1,0,0,1,0,1,0,1,1
P501199,YUZU-C Eye Awakening Essence,WASO,4.4301,30.0,Skincare,Eye Care,34,3,2,11,3.9,1,0,0,0,0,1,0,0,1,1,0,0,0,0,0,0,1
P501178,YUZU-C Glow-On Shot Serum,WASO,4.4206,45.0,Skincare,Treatments,38,7,5,26,4.9,3,0,1,0,0,2,0,1,3,4,0,0,0,0,0,0,2
P468431,Baby Cheeks Lip + Cheek Cream Blush Stick,Westman Atelier,4.6051,48.0,Makeup,Cheek,21,0,0,0,6.9,1,0,1,0,0,1,0,1,2,2,0,0,0,0,0,0,1
P468433,Face Trace Cream Contour Stick,Westman Atelier,4.5061,48.0,Makeup,Face,20,0,0,0,6.8,1,0,1,0,0,1,0,1,2,2,0,0,0,0,0,0,1
P468429,Vital Skin Full Coverage Foundation and Concealer Stick,Westman Atelier,4.3154,68.0,Makeup,Face,30,1,0,3,6.2,2,0,0,0,0,0,0,2,2,2,0,0,0,0,0,0,0
P469873,Squeaky Clean Liquid Lip Hydrating Lip Balm,Westman Atelier,3.9588,38.0,Makeup,Lip,22,3,3,12,2.8,0,0,0,0,0,0,0,0,0,0,0,0,0,0,0,0,0
P501795,Vital Skincare Dewy Foundation Drops,Westman Atelier,4.0928,68.0,Makeup,Face,40,4,2,14,4.9,3,0,0,2,0,1,0,2,2,3,0,0,0,0,0,0,0
P468430,Lit Up Glow Highlighter Stick,Westman Atelier,4.1633,48.0,Makeup,Face,30,0,0,0,5.0,0,0,0,0,0,0,0,0,0,0,0,0,0,0,0,0,0
P500303,Vital Pressed Skincare Blurring Talc-Free Setting Powder,Westman Atelier,4.504,75.0,Makeup,Face,20,0,0,0,5.6,0,0,0,0,0,1,0,0,1,0,0,0,0,0,0,0,1
P468432,Super Loaded Tinted Cream Highlighter,Westman Atelier,3.9623,75.0,Makeup,Face,21,0,0,0,6.2,1,0,1,0,0,1,0,1,2,2,0,0,0,0,0,0,1
P504318,Mini Petite Face Trace Cream Contour Stick,Westman Atelier,3.8182,25.0,Makeup,Face,20,0,0,0,6.0,1,0,1,0,0,1,0,1,2,2,0,0,0,0,0,0,1
P468436,Eye Pods Eyeshadows,Westman Atelier,3.0339,88.0,Makeup,Eye,14,0,0,0,3.6,0,0,0,0,0,0,0,0,0,0,0,0,0,0,0,0,0
P468435,Lip Suede Lipstick Palette,Westman Atelier,3.875,85.0,Makeup,Lip,26,1,0,3,5.2,1,1,1,0,1,3,0,0,1,1,0,0,0,1,0,0,2
P468434,Beauty Butter Matte Powder Bronzer,Westman Atelier,3.8611,75.0,Makeup,Cheek,21,1,1,4,3.8,0,0,0,0,0,0,0,0,0,0,0,0,0,0,0,0,0
P479361,Eye Pod Eyeshadow Singles,Westman Atelier,3.04,32.0,Makeup,Eye,14,0,0,0,3.6,0,0,0,0,0,0,0,0,0,0,0,0,0,0,0,0,0
P482557,Bonne Brow Defining Brow Pencil,Westman Atelier,4.0,38.0,Makeup,Eye,12,1,1,4,4.0,0,0,0,0,0,0,0,0,0,0,0,0,0,0,0,0,0
P468437,Eye Love You Volumizing Clean Mascara,Westman Atelier,2.9024,58.0,Makeup,Eye,14,1,1,4,2.7,0,0,0,0,0,0,0,0,0,0,0,0,0,0,0,0,0
P503578,"The Eye Love You Limited Edition Eye Shadow, Eye Liner and Mascara Holiday Gift Set",Westman Atelier,4.4,180.0,Makeup,Eye,22,1,1,4,4.5,0,0,0,0,0,0,0,0,0,0,0,0,0,0,0,0,0
P455676,Yo Glow AHA & BHA Facial Enzyme Scrub,Wishful,4.246,39.0,Skincare,Cleansers,49,9,5,32,4.1,2,6,7,1,5,4,0,0,7,5,0,1,0,4,0,1,5
P458216,Mini Yo Glow AHA & BHA Facial Enzyme Scrub,Wishful,4.246,21.0,Skincare,Mini Size,49,9,5,32,4.1,2,6,7,1,5,4,0,0,7,5,0,1,0,4,0,1,5
P461213,Honey Balm Niacinamide Moisturizer,Wishful,4.1887,43.0,Skincare,Moisturizers,36,4,4,16,4.0,1,0,1,1,0,1,0,1,0,0,0,0,0,0,0,0,0
P471111,Yo Detox Charcoal Face & Body Enzyme Scrub,Wishful,4.7554,39.0,Skincare,Cleansers,36,6,3,21,4.7,1,5,6,1,4,3,0,0,6,4,0,1,0,4,0,1,5
P466163,Thirst Trap Juice Hyaluronic Acid & Peptide Hydrating Facial Serum,Wishful,4.6106,47.0,Skincare,Treatments,32,3,3,12,5.5,1,0,1,3,0,4,0,2,0,0,1,0,0,0,0,0,0
P463665,Get Even Rose Face Oil,Wishful,4.3926,63.0,Skincare,Moisturizers,23,3,3,12,3.3,0,0,0,0,0,0,0,0,0,0,0,0,0,0,0,0,0
P475629,Honey Whip Peptide and Collagen Moisturizer,Wishful,4.5697,43.0,Skincare,Moisturizers,45,5,4,19,3.9,0,0,0,0,0,2,0,0,0,0,0,0,0,0,0,0,0
P501790,Pillowgasm Vitamin-Rich Cherry Glow Sleep Mask,Wishful,4.4154,39.0,Skincare,Masks,23,3,1,10,4.5,1,0,1,2,0,1,0,1,0,0,0,0,0,0,0,0,0
P500428,Lift & Contour 1% Bakuchiol & Peptide Eye Serum,Wishful,4.0,45.0,Skincare,Eye Care,20,0,0,0,6.2,0,0,1,1,0,2,0,0,1,1,1,0,0,0,0,0,0
P502771,Hydrate & Glow Trio,Wishful,2.8333,29.0,Skincare,Value & Gift Sets,102,15,10,55,2.4,3,6,8,4,5,8,0,2,7,5,1,1,0,4,0,1,5
P411387,Superfood Antioxidant Cleanser,Youth To The People,4.2112,39.0,Skincare,Cleansers,35,6,6,24,4.9,1,1,2,0,2,2,0,0,3,2,0,0,0,0,0,0,1
P441644,Mini Superfood Antioxidant Cleanser,Youth To The People,4.2121,14.0,Skincare,Mini Size,35,6,6,24,4.9,1,1,2,0,2,2,0,0,3,2,0,0,0,0,0,0,1
P440307,Superberry Hydrate + Glow Dream Night Mask with Vitamin C,Youth To The People,4.3237,52.0,Skincare,Masks,32,3,2,11,5.0,1,0,0,1,1,2,0,2,2,1,0,0,0,0,0,0,1
P461555,Mini Superberry Hydrate + Glow Dream Mask,Youth To The People,4.3237,18.0,Skincare,Mini Size,32,3,2,11,5.0,1,0,0,1,1,2,0,2,2,1,0,0,0,0,0,0,1
P432829,Adaptogen Deep Moisturizing Cream with Ashwagandha + Reishi,Youth To The People,4.3655,58.0,Skincare,Moisturizers,31,1,0,3,6.2,1,0,0,1,0,2,0,2,1,1,0,0,0,0,0,0,0
P463371,Mini Adaptogen Deep Moisture Cream with Ashwagandha + Reishi,Youth To The People,4.3655,18.0,Skincare,Mini Size,31,1,0,3,6.2,1,0,0,1,0,2,0,2,1,1,0,0,0,0,0,0,0
P411388,Superfood Air-Whip Lightweight Moisturizer with Hyaluronic Acid,Youth To The People,4.0491,48.0,Skincare,Moisturizers,37,7,6,27,4.1,2,0,0,0,1,1,0,1,2,2,0,1,0,1,0,0,1
P430146,Superberry Hydrate + Glow Dream Oil,Youth To The People,4.5094,48.0,Skincare,Moisturizers,25,7,7,28,3.4,0,0,0,0,0,0,0,0,0,0,0,0,0,0,0,0,0
P466164,15% Vitamin C + Clean Caffeine Energy Serum,Youth To The People,4.3984,69.0,Skincare,Treatments,34,3,1,10,4.7,4,1,2,1,2,4,0,2,7,5,1,0,0,0,0,0,3
P477830,Superberry Dream Cleansing Balm,Youth To The People,4.3869,39.0,Skincare,Cleansers,35,2,2,8,3.7,0,0,0,0,0,0,0,0,0,0,0,0,0,0,0,0,0
P455934,Yerba Mate Resurfacing + Exfoliating Energy Facial with Enzymes + Niacinamide,Youth To The People,4.4774,59.0,Skincare,Cleansers,33,4,2,14,4.4,1,1,1,0,1,1,0,0,1,1,0,0,0,1,0,0,1
P475630,Mini Mandelic Acid + Superfood Unity Exfoliant,Youth To The People,4.6747,16.0,Skincare,Cleansers,32,8,7,31,4.6,1,0,0,0,1,2,0,1,2,1,0,1,0,1,0,0,1
P463144,Dream Eye Cream with Vitamin C and Ceramides,Youth To The People,3.8645,48.0,Skincare,Eye Care,35,4,2,14,4.4,3,0,1,0,1,1,0,3,5,4,0,0,0,0,0,0,1
P479362,Triple Peptide Hydrating + Firming Oasis Serum with Hyaluronic Acid,Youth To The People,4.5142,54.0,Skincare,Treatments,45,4,3,15,5.0,1,0,1,0,0,3,0,0,1,2,0,0,0,0,0,0,0
P444980,Adaptogen Soothe + Hydrate Activated Mist with Peptides,Youth To The People,4.1878,42.0,Skincare,Moisturizers,23,1,0,3,5.6,1,1,1,0,1,2,0,0,1,1,0,0,0,1,0,0,1
P500138,Polypeptide-121 Future Cream with Peptides and Ceramides,Youth To The People,4.4403,68.0,Skincare,Moisturizers,59,6,5,23,5.3,6,0,1,1,0,5,0,2,3,7,0,0,0,0,0,0,0
P470065,Superclay Purify + Clear Power Mask with Niacinamide,Youth To The People,4.4595,38.0,Skincare,Masks,38,4,3,15,4.4,2,2,2,2,2,2,0,1,2,2,0,1,0,2,0,1,2
P416923,Superfood Hydrate + Firm Peptide Eye Cream,Youth To The People,3.6564,38.0,Skincare,Eye Care,32,8,7,31,3.4,1,0,0,0,1,2,0,1,2,1,0,1,0,1,0,0,1
P482329,Retinal + Niacinamide Youth Serum,Youth To The People,4.5841,69.0,Skincare,Treatments,46,2,0,6,5.7,4,1,1,0,1,2,0,3,3,5,0,0,0,1,0,1,1
P502479,Kombucha + 10% AHA Liquid Exfoliant with Lactic Acid and Glycolic Acid,Youth To The People,4.5926,42.0,Skincare,Cleansers,19,5,3,18,4.7,2,2,2,0,2,3,0,0,2,3,0,0,0,2,0,0,2
P473336,The Youth System,Youth To The People,4.5526,59.0,Skincare,Value & Gift Sets,138,20,15,75,4.5,7,2,4,1,4,6,0,3,11,9,1,1,0,2,0,0,5
P504313,Peptides + C Energy Eye Concentrate with Vitamin C and Caffeine,Youth To The People,4.8,48.0,Skincare,Eye Care,51,3,3,12,5.6,4,0,3,3,1,5,0,2,3,4,1,0,0,0,0,0,1
P501474,The Youth Vault: 13-Piece Vegan Skincare + Apparel Set,Youth To The People,4.875,340.0,Skincare,Value & Gift Sets,253,26,19,97,4.8,15,6,8,3,8,19,0,8,16,20,0,2,0,6,0,3,7
P502998,"Youth Stacks: Plump It Up for Dry, Dehydrated Skin",Youth To The People,4.1667,28.0,Skincare,Value & Gift Sets,70,5,3,18,5.0,2,0,1,1,0,5,0,2,2,3,0,0,0,0,0,0,0
P503872,Mini Mandelic Acid + Superfood Unity Exfoliant,Youth To The People,4.8,16.0,Skincare,Cleansers,32,8,7,31,4.8,1,0,0,0,1,2,0,1,2,1,0,1,0,1,0,0,1
P502977,Youth Stacks: Daily Skin Health Your Way for Pores and Oiliness,Youth To The People,4.25,20.0,Skincare,Value & Gift Sets,58,10,9,39,4.3,3,1,2,0,3,3,0,1,5,4,0,1,0,1,0,0,2
P502978,Youth Stacks: Brighter Tomorrow Duo for Dullness,Youth To The People,3.0,28.0,Skincare,Value & Gift Sets,61,5,3,18,3.0,4,1,2,2,2,5,0,3,7,5,1,0,0,0,0,0,3
P377710,Rouge Volupté Shine Lipstick Balm,Yves Saint Laurent,4.5384,43.0,Makeup,Lip,55,0,0,0,6.4,1,0,0,0,0,2,0,1,1,1,0,0,0,0,0,0,1
P218431,Touche Éclat All-Over Brightening Concealer Pen,Yves Saint Laurent,4.3344,40.0,Makeup,Face,32,6,3,21,3.6,1,0,0,0,0,0,0,0,0,1,0,0,0,0,0,0,0
P410743,Vinyl Cream Lip Stain,Yves Saint Laurent,4.3574,45.0,Makeup,Lip,30,5,5,20,3.4,0,0,0,1,0,0,0,0,0,0,0,0,0,0,0,0,0
P421456,All Hours Luminous Matte Foundation 24H Longwear SPF 30 with Hyaluronic Acid,Yves Saint Laurent,4.4279,60.0,Makeup,Face,36,5,4,19,3.5,0,0,0,1,0,0,0,0,0,0,0,0,0,0,0,0,0
P436506,Rouge Pur Couture The Slim Matte Lipstick,Yves Saint Laurent,4.5358,45.0,Makeup,Lip,31,4,4,16,3.4,0,0,0,0,0,0,0,0,0,0,0,0,0,0,0,0,0
P397615,Touche Eclat Blur Face Primer,Yves Saint Laurent,4.3769,56.0,Makeup,Face,14,1,0,3,4.7,0,0,0,0,0,0,0,0,0,0,0,0,0,0,0,0,0
P474600,NU BARE LOOK TINT Hydrating Skin Tint Foundation with Hyaluronic Acid,Yves Saint Laurent,4.5965,44.0,Makeup,Face,29,4,2,14,4.5,1,0,1,0,0,0,0,0,1,2,0,0,0,0,0,0,0
P457250,Tatouage Couture Velvet Cream Matte Liquid Lipstick,Yves Saint Laurent,4.0973,45.0,Makeup,Lip,30,5,4,19,2.9,0,0,0,0,0,0,0,0,0,0,0,0,0,0,0,0,0
P474872,The Slim Velvet Radical Matte Lipstick,Yves Saint Laurent,4.5767,45.0,Makeup,Lip,36,4,4,16,3.5,0,0,0,0,0,0,0,0,0,0,0,0,0,0,0,0,0
P440971,Touche Éclat High Cover Radiant Under-Eye Concealer,Yves Saint Laurent,4.0926,40.0,Makeup,Face,23,3,2,11,3.5,0,0,0,2,0,0,0,0,0,0,1,0,0,0,0,0,0
P480000,Candy Glaze Lip Gloss Stick,Yves Saint Laurent,4.5525,39.0,Makeup,Lip,30,0,0,0,5.5,0,0,0,0,0,0,0,0,0,0,0,0,0,0,0,0,0
P463666,The Slim Glow Matte Lipstick,Yves Saint Laurent,4.2743,39.0,Makeup,Lip,39,5,5,20,3.7,0,0,1,0,0,0,0,0,1,1,0,0,0,0,0,0,0
P479863,Lash Clash Extreme Volume Mascara,Yves Saint Laurent,4.2679,29.0,Makeup,Eye,28,2,2,8,3.5,0,0,0,0,0,0,0,0,0,0,0,0,0,0,0,0,0
P393427,Mascara Volume Effet Faux Cils Volumizing Mascara,Yves Saint Laurent,3.897,29.0,Makeup,Eye,36,3,3,12,2.7,0,0,0,0,0,0,0,0,0,0,0,0,0,0,0,0,0
P422335,All Hours Concealer,Yves Saint Laurent,4.3714,34.0,Makeup,Face,26,3,2,11,3.4,0,0,0,1,0,0,0,0,0,0,0,0,0,0,0,0,0
P501588,The Bold High Pigment Lipstick,Yves Saint Laurent,4.402,45.0,Makeup,Lip,32,0,0,0,5.9,0,0,1,0,0,0,0,0,1,1,0,0,0,0,0,0,0
P432284,The Curler Lengthening and Curling Mascara,Yves Saint Laurent,4.2586,29.0,Makeup,Eye,38,2,2,8,3.5,0,0,0,0,0,0,0,0,0,0,0,0,0,0,0,0,0
P500493,NU LIP & CHEEK BALMY TINT with Hyaluronic Acid,Yves Saint Laurent,4.2408,28.0,Makeup,Cheek,36,6,5,23,4.7,1,1,2,0,1,2,0,0,2,2,0,0,0,1,0,0,1
P474601,NU GLOW IN BALM Face Priming Moisturizer with Shea Butter,Yves Saint Laurent,4.5893,39.0,Makeup,Face,46,4,3,15,4.1,0,0,1,0,0,0,0,0,1,1,0,0,0,0,0,0,0
P455412,All Over Glow Powder,Yves Saint Laurent,4.2803,48.0,Makeup,Face,18,1,1,4,4.9,0,0,1,0,0,0,0,0,1,1,0,0,0,0,0,0,0
P474602,NU BLOTTING LOTION Pore Minimizer & Mattifying Primer with Salicylic Acid,Yves Saint Laurent,4.5079,39.0,Makeup,Face,26,2,2,8,5.2,2,0,1,1,0,1,0,1,0,1,0,0,0,0,0,0,0
P474604,NU TONE CORRECTOR Color Corrector with Vitamin E,Yves Saint Laurent,4.6131,34.0,Makeup,Face,33,4,3,15,4.7,2,1,2,2,1,1,0,1,1,1,0,1,0,1,0,1,1
P483501,Mini Rouge Pur Couture Exclusive Set,Yves Saint Laurent,4.5,50.0,Makeup,Lip,43,7,7,28,3.4,0,0,0,0,0,0,0,0,0,0,0,0,0,0,0,0,0
P467660,Mascara Volume Effet Faux Cils Radical,Yves Saint Laurent,4.0192,29.0,Makeup,Eye,47,5,5,20,2.6,0,0,0,0,0,1,0,0,0,0,0,0,0,0,0,1,1
P467659,Couture Clutch Eyeshadow Palette,Yves Saint Laurent,4.4286,150.0,Makeup,Eye,13,1,1,4,4.5,0,0,0,0,0,0,0,0,0,0,0,0,0,0,0,0,0
P505461,Candy Glaze Lip Gloss Stick Duo with Hyaluronic Acid,Yves Saint Laurent,4.2713,50.0,Makeup,Lip,31,1,1,4,3.4,0,0,0,0,0,0,0,0,0,0,0,0,0,0,0,0,0
